{
  "type": "ckpt_avg",
  "n_ckpts": 3,
  "avg_epochs": [
    7,
    8,
    9
  ],
  "best_single_epoch": 8,
  "best_single_val_avg/mae_surf_p": 129.93034369631013,
  "avg_val_avg/mae_surf_p": 130.2448310686861,
  "delta_vs_best_single": 0.31448737237596447,
  "per_split": {
    "val_single_in_dist": {
      "vol_loss": 0.7081199921667576,
      "surf_loss": 0.4903000366687775,
      "loss": 5.611120358854532,
      "mae_surf_Ux": 1.7747455065960278,
      "mae_vol_Ux": 5.452823230183379,
      "mae_surf_Uy": 0.8553237514316527,
      "mae_vol_Uy": 2.293623185904564,
      "mae_surf_p": 165.77685444763125,
      "mae_vol_p": 158.1867634073179
    },
    "val_geom_camber_rc": {
      "vol_loss": 0.6369702398777009,
      "surf_loss": 0.35818450316786765,
      "loss": 4.218815271556378,
      "mae_surf_Ux": 2.7016258633576404,
      "mae_vol_Ux": 5.798193534718632,
      "mae_surf_Uy": 1.1566667124151029,
      "mae_vol_Uy": 2.904422985425861,
      "mae_surf_p": 150.46954827216618,
      "mae_vol_p": 139.76063859956898
    },
    "val_geom_camber_cruise": {
      "vol_loss": 0.20672971315681934,
      "surf_loss": 0.11158610483631491,
      "loss": 1.3225907615199683,
      "mae_surf_Ux": 1.3248653474208976,
      "mae_vol_Ux": 3.8595968937632206,
      "mae_surf_Uy": 0.5609536410242497,
      "mae_vol_Uy": 1.3809308083444924,
      "mae_surf_p": 96.07399923637878,
      "mae_vol_p": 90.12769018027784
    },
    "val_re_rand": {
      "vol_loss": 0.3832261112332344,
      "surf_loss": 0.19118830665946007,
      "loss": 2.295109177827835,
      "mae_surf_Ux": 1.802583061859927,
      "mae_vol_Ux": 4.568947985720258,
      "mae_surf_Uy": 0.8053464383605287,
      "mae_vol_Uy": 2.014668548207936,
      "mae_surf_p": 108.6589223185682,
      "mae_vol_p": 106.0609522594445
    }
  },
  "val_avg": {
    "avg/mae_surf_Ux": 1.9009549448086231,
    "avg/mae_surf_Uy": 0.8445726358078836,
    "avg/mae_surf_p": 130.2448310686861,
    "avg/mae_vol_Ux": 4.919890411096373,
    "avg/mae_vol_Uy": 2.1484113819707136,
    "avg/mae_vol_p": 123.5340111116523
  }
}