{
  "type": "ckpt_avg",
  "n_ckpts": 3,
  "avg_epochs": [
    12,
    13,
    14
  ],
  "best_single_epoch": 13,
  "best_single_val_avg/mae_surf_p": 101.67668925824421,
  "avg_val_avg/mae_surf_p": 102.84249239752356,
  "delta_vs_best_single": 1.1658031392793475,
  "per_split": {
    "val_single_in_dist": {
      "vol_loss": 0.4946371030807495,
      "surf_loss": 0.32298941966146233,
      "loss": 3.7245312996953723,
      "mae_surf_Ux": 1.3144086184848651,
      "mae_vol_Ux": 4.652240788935416,
      "mae_surf_Uy": 0.7435133209071161,
      "mae_vol_Uy": 2.0160276498167953,
      "mae_surf_p": 131.2618073565237,
      "mae_vol_p": 138.3977641675652
    },
    "val_geom_camber_rc": {
      "vol_loss": 0.47163005590438845,
      "surf_loss": 0.23052547976374627,
      "loss": 2.776884853541851,
      "mae_surf_Ux": 2.148651158409665,
      "mae_vol_Ux": 5.017839458973032,
      "mae_surf_Uy": 0.9419364644640463,
      "mae_vol_Uy": 2.57653404690941,
      "mae_surf_p": 107.1689106559509,
      "mae_vol_p": 112.34638102663425
    },
    "val_geom_camber_cruise": {
      "vol_loss": 0.17098341785371304,
      "surf_loss": 0.0799625808186829,
      "loss": 0.9706092260405421,
      "mae_surf_Ux": 0.877622441011431,
      "mae_vol_Ux": 3.3663956957906183,
      "mae_surf_Uy": 0.5311168849015422,
      "mae_vol_Uy": 1.26891069371505,
      "mae_surf_p": 77.41938899592213,
      "mae_vol_p": 81.63679336366181
    },
    "val_re_rand": {
      "vol_loss": 0.33130424976348877,
      "surf_loss": 0.16614904254674911,
      "loss": 1.99279467523098,
      "mae_surf_Ux": 1.512027888079482,
      "mae_vol_Ux": 4.065012815461646,
      "mae_surf_Uy": 0.7281409143195606,
      "mae_vol_Uy": 1.8377955234879013,
      "mae_surf_p": 95.51986258169752,
      "mae_vol_p": 96.63919012274584
    }
  },
  "val_avg": {
    "avg/mae_surf_Ux": 1.4631775264963607,
    "avg/mae_surf_Uy": 0.7361768961480664,
    "avg/mae_surf_p": 102.84249239752356,
    "avg/mae_vol_Ux": 4.275372189790178,
    "avg/mae_vol_Uy": 1.9248169784822893,
    "avg/mae_vol_p": 107.25503217015178
  }
}