{
  "per_model": {},
  "ensemble": {
    "val_per_split": {
      "val_single_in_dist": {
        "vol_loss": 0.06878015390277142,
        "surf_loss": 0.06827213501052029,
        "loss": 0.7515015040079744,
        "mae_surf_Ux": 0.21113445863697872,
        "mae_vol_Ux": 1.083521066350629,
        "mae_surf_Uy": 0.16785234079764827,
        "mae_vol_Uy": 0.36044417991569616,
        "mae_surf_p": 26.180737871584224,
        "mae_vol_p": 23.84098961139812
      },
      "val_geom_camber_rc": {
        "vol_loss": 0.08493669319432229,
        "surf_loss": 0.03777658767052344,
        "loss": 0.4627025698995567,
        "mae_surf_Ux": 0.5111206100095947,
        "mae_vol_Ux": 1.7752542552562416,
        "mae_surf_Uy": 0.2869042933695824,
        "mae_vol_Uy": 0.7831007517137419,
        "mae_surf_p": 37.22767150840834,
        "mae_vol_p": 36.3259115073405
      },
      "val_geom_camber_cruise": {
        "vol_loss": 0.01669331883866107,
        "surf_loss": 0.008583817207536412,
        "loss": 0.10253149091402519,
        "mae_surf_Ux": 0.16955407789275978,
        "mae_vol_Ux": 0.8078085942492236,
        "mae_surf_Uy": 0.1059778341271548,
        "mae_vol_Uy": 0.2646400993159434,
        "mae_surf_p": 13.793698140561995,
        "mae_vol_p": 12.717398850633849
      },
      "val_re_rand": {
        "vol_loss": 0.07186203229095554,
        "surf_loss": 0.04496395079124341,
        "loss": 0.5215015402033896,
        "mae_surf_Ux": 0.3451199672297672,
        "mae_vol_Ux": 1.192619136992089,
        "mae_surf_Uy": 0.19166483577297422,
        "mae_vol_Uy": 0.49578563884920723,
        "mae_surf_p": 27.3810554052671,
        "mae_vol_p": 24.96698087414517
      }
    },
    "val_avg": {
      "avg/mae_surf_Ux": 0.3092322784422751,
      "avg/mae_surf_Uy": 0.18809982601683992,
      "avg/mae_surf_p": 26.145790731455417,
      "avg/mae_vol_Ux": 1.2148007632120459,
      "avg/mae_vol_Uy": 0.4759926674486472,
      "avg/mae_vol_p": 24.46282021087941
    },
    "test_per_split": {
      "test_single_in_dist": {
        "vol_loss": 0.0847542516636895,
        "surf_loss": 0.09597112879901261,
        "loss": 1.0444655396538156,
        "mae_surf_Ux": 0.2401857359208303,
        "mae_vol_Ux": 1.0168753516433213,
        "mae_surf_Uy": 0.1621277081399052,
        "mae_vol_Uy": 0.3529804764858026,
        "mae_surf_p": 24.806465458284123,
        "mae_vol_p": 22.56203347838286
      },
      "test_geom_camber_rc": {
        "vol_loss": 0.08729490817058831,
        "surf_loss": 0.040816030281130226,
        "loss": 0.4954552109818906,
        "mae_surf_Ux": 0.4929744196930869,
        "mae_vol_Ux": 1.725892988955133,
        "mae_surf_Uy": 0.27200458113993636,
        "mae_vol_Uy": 0.735017801219166,
        "mae_surf_p": 34.89233932006752,
        "mae_vol_p": 34.009597303603435
      },
      "test_geom_camber_cruise": {
        "vol_loss": Infinity,
        "surf_loss": NaN,
        "loss": NaN,
        "mae_surf_Ux": 0.14680670486025074,
        "mae_vol_Ux": 0.7466306949265676,
        "mae_surf_Uy": 0.08876529215894907,
        "mae_vol_Uy": 0.23616027671395157,
        "mae_surf_p": 10.304102137954875,
        "mae_vol_p": 9.940325976498736
      },
      "test_re_rand": {
        "vol_loss": 0.0352813746492393,
        "surf_loss": 0.018781176848428914,
        "loss": 0.22309314313352846,
        "mae_surf_Ux": 0.25714932992419004,
        "mae_vol_Ux": 1.0292693205436658,
        "mae_surf_Uy": 0.1548714228936959,
        "mae_vol_Uy": 0.3903270398069741,
        "mae_surf_p": 19.817118324486223,
        "mae_vol_p": 18.364531564837964
      }
    },
    "test_avg": {
      "avg/mae_surf_Ux": 0.2842790475995895,
      "avg/mae_surf_Uy": 0.16944225108312164,
      "avg/mae_surf_p": 22.455006310198186,
      "avg/mae_vol_Ux": 1.129667089017172,
      "avg/mae_vol_Uy": 0.4286213985564736,
      "avg/mae_vol_p": 21.21912208083075
    }
  },
  "names": [
    "s12",
    "s15",
    "s18",
    "s7r",
    "s11",
    "s2",
    "s21",
    "s16",
    "s19",
    "s10",
    "s17",
    "s23",
    "s20",
    "s22",
    "s13",
    "s5",
    "s14",
    "s24",
    "s8r",
    "s4",
    "s25",
    "s3",
    "s6c",
    "r3-s1",
    "s9c"
  ],
  "model_dirs": [
    "models/model-urwcd69d",
    "models/model-fb0ay5o3",
    "models/model-soxreks4",
    "models/model-if9tqqhz",
    "models/model-f7xzimyy",
    "models/model-74ary4lt",
    "models/model-64rw4ze4",
    "models/model-4thn8xgm",
    "models/model-1u0ksp9z",
    "models/model-je6irf01",
    "models/model-eo0tortt",
    "models/model-sdscoe0j",
    "models/model-x5qr5nbu",
    "models/model-hczgednq",
    "models/model-m8aco40q",
    "models/model-2u3fmo2o",
    "models/model-o7sttfih",
    "models/model-kafifae0",
    "models/model-d5qgptt7",
    "models/model-8wvsudq4",
    "models/model-rh78evnh",
    "models/model-fphg00wi",
    "models/model-ybryvyyf",
    "models/model-oyuida0n",
    "models/model-4y28eht8"
  ]
}