{
  "per_model": {},
  "ensemble": {
    "val_per_split": {
      "val_single_in_dist": {
        "vol_loss": 0.0659739594795974,
        "surf_loss": 0.06536136737926426,
        "loss": 0.71958763327224,
        "mae_surf_Ux": 0.20761428030112103,
        "mae_vol_Ux": 1.0701484576563145,
        "mae_surf_Uy": 0.16645558616715403,
        "mae_vol_Uy": 0.3545494488233125,
        "mae_surf_p": 25.81941024067482,
        "mae_vol_p": 23.569055493356565
      },
      "val_geom_camber_rc": {
        "vol_loss": 0.08416171476943418,
        "surf_loss": 0.037984317645750706,
        "loss": 0.4640048912269413,
        "mae_surf_Ux": 0.5115733033279876,
        "mae_vol_Ux": 1.767179428193877,
        "mae_surf_Uy": 0.28628644400571546,
        "mae_vol_Uy": 0.7798536850903479,
        "mae_surf_p": 37.27105204000329,
        "mae_vol_p": 36.23342179527342
      },
      "val_geom_camber_cruise": {
        "vol_loss": 0.016293471748067532,
        "surf_loss": 0.008604972405869375,
        "loss": 0.10234319580676128,
        "mae_surf_Ux": 0.1688826666173623,
        "mae_vol_Ux": 0.7961253545882636,
        "mae_surf_Uy": 0.10616294059253521,
        "mae_vol_Uy": 0.261648690702297,
        "mae_surf_p": 13.743335040451484,
        "mae_vol_p": 12.631152286404113
      },
      "val_re_rand": {
        "vol_loss": 0.07118716324679554,
        "surf_loss": 0.04497523937993719,
        "loss": 0.5209395570461675,
        "mae_surf_Ux": 0.34493146322075163,
        "mae_vol_Ux": 1.1845655714231433,
        "mae_surf_Uy": 0.19153737204239166,
        "mae_vol_Uy": 0.49136291650230607,
        "mae_surf_p": 27.496137278154805,
        "mae_vol_p": 24.909703615101662
      }
    },
    "val_avg": {
      "avg/mae_surf_Ux": 0.3082504283668056,
      "avg/mae_surf_Uy": 0.18761058570194908,
      "avg/mae_surf_p": 26.0824836498211,
      "avg/mae_vol_Ux": 1.2045047029653997,
      "avg/mae_vol_Uy": 0.4718536852795659,
      "avg/mae_vol_p": 24.33583329753394
    },
    "test_per_split": {
      "test_single_in_dist": {
        "vol_loss": 0.08389370029210114,
        "surf_loss": 0.0955655849259324,
        "loss": 1.039549549551425,
        "mae_surf_Ux": 0.24015888499283575,
        "mae_vol_Ux": 1.00796426063934,
        "mae_surf_Uy": 0.16138917993993493,
        "mae_vol_Uy": 0.34855077733957796,
        "mae_surf_p": 24.864456933928945,
        "mae_vol_p": 22.42148377846461
      },
      "test_geom_camber_rc": {
        "vol_loss": 0.08672323663020506,
        "surf_loss": 0.04077585636150616,
        "loss": 0.49448180024526667,
        "mae_surf_Ux": 0.4946322000011661,
        "mae_vol_Ux": 1.7197887448657205,
        "mae_surf_Uy": 0.2716472023328406,
        "mae_vol_Uy": 0.7306630476830749,
        "mae_surf_p": 34.820497451717344,
        "mae_vol_p": 33.874376358967886
      },
      "test_geom_camber_cruise": {
        "vol_loss": Infinity,
        "surf_loss": NaN,
        "loss": NaN,
        "mae_surf_Ux": 0.14641076868444783,
        "mae_vol_Ux": 0.735378787117977,
        "mae_surf_Uy": 0.08859227495440003,
        "mae_vol_Uy": 0.232794786571391,
        "mae_surf_p": 10.253488243357602,
        "mae_vol_p": 9.805869398399787
      },
      "test_re_rand": {
        "vol_loss": 0.03497649478158564,
        "surf_loss": 0.01879942073567463,
        "loss": 0.22297070213833192,
        "mae_surf_Ux": 0.257952864750894,
        "mae_vol_Ux": 1.019557072147619,
        "mae_surf_Uy": 0.15450154237637023,
        "mae_vol_Uy": 0.3863251107728202,
        "mae_surf_p": 19.798397654880187,
        "mae_vol_p": 18.25716576522712
      }
    },
    "test_avg": {
      "avg/mae_surf_Ux": 0.2847886796073359,
      "avg/mae_surf_Uy": 0.16903254990088645,
      "avg/mae_surf_p": 22.43421007097102,
      "avg/mae_vol_Ux": 1.120672216192664,
      "avg/mae_vol_Uy": 0.424583430591716,
      "avg/mae_vol_p": 21.08972382526485
    }
  },
  "names": [
    "s26",
    "s12",
    "s15",
    "s18",
    "s7r",
    "s32",
    "s11",
    "s2",
    "s21",
    "s16",
    "s27",
    "s19",
    "s10",
    "s17",
    "s23",
    "s33",
    "s20",
    "s22",
    "s31",
    "s13",
    "s5",
    "s14",
    "s24",
    "s28",
    "s8r",
    "s4",
    "s25",
    "s29",
    "s3",
    "s30"
  ],
  "model_dirs": [
    "models/model-z5jh38mc",
    "models/model-urwcd69d",
    "models/model-fb0ay5o3",
    "models/model-soxreks4",
    "models/model-if9tqqhz",
    "models/model-n4o06gle",
    "models/model-f7xzimyy",
    "models/model-74ary4lt",
    "models/model-64rw4ze4",
    "models/model-4thn8xgm",
    "models/model-la2enrl2",
    "models/model-1u0ksp9z",
    "models/model-je6irf01",
    "models/model-eo0tortt",
    "models/model-sdscoe0j",
    "models/model-t1w3erd7",
    "models/model-x5qr5nbu",
    "models/model-hczgednq",
    "models/model-3ps9n3zr",
    "models/model-m8aco40q",
    "models/model-2u3fmo2o",
    "models/model-o7sttfih",
    "models/model-kafifae0",
    "models/model-1kfcce7i",
    "models/model-d5qgptt7",
    "models/model-8wvsudq4",
    "models/model-rh78evnh",
    "models/model-ixberjxn",
    "models/model-fphg00wi",
    "models/model-j4xjxenm"
  ]
}