{
  "per_model": {},
  "ensemble": {
    "val_per_split": {
      "val_single_in_dist": {
        "vol_loss": 0.07156302084084018,
        "surf_loss": 0.07335152126788672,
        "loss": 0.8050782335197073,
        "mae_surf_Ux": 0.21055887864885395,
        "mae_vol_Ux": 1.1097376562310448,
        "mae_surf_Uy": 0.1689927226390315,
        "mae_vol_Uy": 0.36852205411952743,
        "mae_surf_p": 26.338406368702476,
        "mae_vol_p": 24.30784004892797
      },
      "val_geom_camber_rc": {
        "vol_loss": 0.0872561659081839,
        "surf_loss": 0.03888946990540717,
        "loss": 0.4761508649622556,
        "mae_surf_Ux": 0.5241238969773139,
        "mae_vol_Ux": 1.807213480195081,
        "mae_surf_Uy": 0.2902519836089891,
        "mae_vol_Uy": 0.7999640488426727,
        "mae_surf_p": 37.97189888066822,
        "mae_vol_p": 37.38329694384998
      },
      "val_geom_camber_cruise": {
        "vol_loss": 0.01681868765008403,
        "surf_loss": 0.008638248992674562,
        "loss": 0.10320117757682964,
        "mae_surf_Ux": 0.17129419123509063,
        "mae_vol_Ux": 0.8226039466416508,
        "mae_surf_Uy": 0.10887255771835037,
        "mae_vol_Uy": 0.27351624153751886,
        "mae_surf_p": 14.059811753412758,
        "mae_vol_p": 13.199542939197318
      },
      "val_re_rand": {
        "vol_loss": 0.0731302384173614,
        "surf_loss": 0.045734949487896304,
        "loss": 0.5304797332963245,
        "mae_surf_Ux": 0.3507652895360048,
        "mae_vol_Ux": 1.2134565735183296,
        "mae_surf_Uy": 0.19321822254005364,
        "mae_vol_Uy": 0.502424481349941,
        "mae_surf_p": 27.705843955838244,
        "mae_vol_p": 25.401735785805364
      }
    },
    "val_avg": {
      "avg/mae_surf_Ux": 0.3141855640993158,
      "avg/mae_surf_Uy": 0.19033387162660614,
      "avg/mae_surf_p": 26.518990239655423,
      "avg/mae_vol_Ux": 1.2382529141465266,
      "avg/mae_vol_Uy": 0.486106706462415,
      "avg/mae_vol_p": 25.073103929445157
    },
    "test_per_split": {
      "test_single_in_dist": {
        "vol_loss": 0.08120392148579413,
        "surf_loss": 0.09256102545561135,
        "loss": 1.0068141760419076,
        "mae_surf_Ux": 0.2431210295523979,
        "mae_vol_Ux": 1.0335616669018404,
        "mae_surf_Uy": 0.1632571314778755,
        "mae_vol_Uy": 0.36100407130579565,
        "mae_surf_p": 24.51942408885595,
        "mae_vol_p": 22.650902902742878
      },
      "test_geom_camber_rc": {
        "vol_loss": 0.08817850026302039,
        "surf_loss": 0.04087908377063286,
        "loss": 0.496969337969349,
        "mae_surf_Ux": 0.5006080037402052,
        "mae_vol_Ux": 1.7549521306621336,
        "mae_surf_Uy": 0.27475828628095283,
        "mae_vol_Uy": 0.7476869352066642,
        "mae_surf_p": 35.063445603761465,
        "mae_vol_p": 34.55691298084165
      },
      "test_geom_camber_cruise": {
        "vol_loss": Infinity,
        "surf_loss": NaN,
        "loss": NaN,
        "mae_surf_Ux": 0.14944133471247167,
        "mae_vol_Ux": 0.7578701247133134,
        "mae_surf_Uy": 0.09047490668637062,
        "mae_vol_Uy": 0.24357255726645052,
        "mae_surf_p": 10.521809894345937,
        "mae_vol_p": 10.370287103698146
      },
      "test_re_rand": {
        "vol_loss": 0.03597918956074864,
        "surf_loss": 0.019009768319724573,
        "loss": 0.22607687275799437,
        "mae_surf_Ux": 0.2628007834946719,
        "mae_vol_Ux": 1.045725748194634,
        "mae_surf_Uy": 0.1570730679997045,
        "mae_vol_Uy": 0.39758578765617403,
        "mae_surf_p": 20.1044200231605,
        "mae_vol_p": 18.867950923036243
      }
    },
    "test_avg": {
      "avg/mae_surf_Ux": 0.28899278787493665,
      "avg/mae_surf_Uy": 0.17139084811122585,
      "avg/mae_surf_p": 22.552274902530964,
      "avg/mae_vol_Ux": 1.1480274176179803,
      "avg/mae_vol_Uy": 0.4374623378587711,
      "avg/mae_vol_p": 21.61151347757973
    }
  },
  "names": [
    "s3",
    "s5",
    "s12",
    "s10",
    "s2"
  ],
  "model_dirs": [
    "models/model-fphg00wi",
    "models/model-2u3fmo2o",
    "models/model-urwcd69d",
    "models/model-je6irf01",
    "models/model-74ary4lt"
  ]
}