{
  "ensemble_test_avg": {
    "avg/mae_surf_Ux": 0.3333837643808272,
    "avg/mae_surf_Uy": 0.19274265285041053,
    "avg/mae_surf_p": 24.383607422768904,
    "avg/mae_vol_Ux": 1.3826586472993367,
    "avg/mae_vol_Uy": 0.5198431448235854,
    "avg/mae_vol_p": 25.18597217554659
  },
  "ensemble_test_per_split": {
    "test_single_in_dist": {
      "mae_surf_Ux": 0.2768364376166018,
      "mae_vol_Ux": 1.306568696026132,
      "mae_surf_Uy": 0.18188104217297976,
      "mae_vol_Uy": 0.4573137836661164,
      "mae_surf_p": 24.80675216047287,
      "mae_vol_p": 27.029865632657913
    },
    "test_geom_camber_rc": {
      "mae_surf_Ux": 0.5578038377622975,
      "mae_vol_Ux": 2.0310838816216306,
      "mae_surf_Uy": 0.29748032217212156,
      "mae_vol_Uy": 0.846027412502522,
      "mae_surf_p": 37.862770256086186,
      "mae_vol_p": 38.596180936994315
    },
    "test_geom_camber_cruise": {
      "mae_surf_Ux": 0.1882053437888238,
      "mae_vol_Ux": 0.9340934386035811,
      "mae_surf_Uy": 0.10870784441301566,
      "mae_vol_Uy": 0.2935861892249092,
      "mae_surf_p": 12.245442904662363,
      "mae_vol_p": 12.656308288162746
    },
    "test_re_rand": {
      "mae_surf_Ux": 0.31068943835558555,
      "mae_vol_Ux": 1.258888572946003,
      "mae_surf_Uy": 0.1829014026435252,
      "mae_vol_Uy": 0.4824451939007939,
      "mae_surf_p": 22.619464369854196,
      "mae_vol_p": 22.461533844371385
    }
  },
  "model_dirs": [
    "models/model-90tpik15",
    "models/model-h3k1r6xw",
    "models/model-xu4xckz7",
    "models/model-528incwd",
    "models/model-i4ptxqgz",
    "models/model-6kpd545u",
    "models/model-fq59fw2w",
    "models/model-8dxd482r",
    "models/model-mzlhga14",
    "models/model-yijqrcvp",
    "models/model-4awuv0y7",
    "models/model-3fftdluq"
  ]
}