{
  "per_model": {},
  "ensemble": {
    "val_per_split": {
      "val_single_in_dist": {
        "vol_loss": 0.07419661884792732,
        "surf_loss": 0.07773962855617356,
        "loss": 0.8515929044096628,
        "mae_surf_Ux": 0.216438393404365,
        "mae_vol_Ux": 1.1406179638035756,
        "mae_surf_Uy": 0.1715210317267241,
        "mae_vol_Uy": 0.37907007990809877,
        "mae_surf_p": 27.049289267899717,
        "mae_vol_p": 25.032188286080455
      },
      "val_geom_camber_rc": {
        "vol_loss": 0.08903413011692464,
        "surf_loss": 0.03861035239737248,
        "loss": 0.47513765409064945,
        "mae_surf_Ux": 0.5289473685850634,
        "mae_vol_Ux": 1.8467025772123804,
        "mae_surf_Uy": 0.2942937990281062,
        "mae_vol_Uy": 0.8188388243720054,
        "mae_surf_p": 38.113847481827285,
        "mae_vol_p": 37.858823075235804
      },
      "val_geom_camber_cruise": {
        "vol_loss": 0.017379402972146636,
        "surf_loss": 0.008586439117539157,
        "loss": 0.1032437941475382,
        "mae_surf_Ux": 0.17783118509461202,
        "mae_vol_Ux": 0.8482522373832662,
        "mae_surf_Uy": 0.11135861728900563,
        "mae_vol_Uy": 0.2831723360248221,
        "mae_surf_p": 14.23863691855992,
        "mae_vol_p": 13.579829901259892
      },
      "val_re_rand": {
        "vol_loss": 0.07407349808956497,
        "surf_loss": 0.04580713496469798,
        "loss": 0.5321448477365448,
        "mae_surf_Ux": 0.35617050622857566,
        "mae_vol_Ux": 1.2477653653119136,
        "mae_surf_Uy": 0.19669669552111754,
        "mae_vol_Uy": 0.5174657480428589,
        "mae_surf_p": 28.45719083302266,
        "mae_vol_p": 26.088461285230668
      }
    },
    "val_avg": {
      "avg/mae_surf_Ux": 0.31984686332815404,
      "avg/mae_surf_Uy": 0.19346753589123836,
      "avg/mae_surf_p": 26.964741125327397,
      "avg/mae_vol_Ux": 1.270834535927784,
      "avg/mae_vol_Uy": 0.4996367470869463,
      "avg/mae_vol_p": 25.639825636951706
    },
    "test_per_split": {
      "test_single_in_dist": {
        "vol_loss": 0.08176587879221188,
        "surf_loss": 0.09189469593309241,
        "loss": 1.000712838123136,
        "mae_surf_Ux": 0.2474190302988442,
        "mae_vol_Ux": 1.0611717662511206,
        "mae_surf_Uy": 0.1653811835098973,
        "mae_vol_Uy": 0.3713803385122403,
        "mae_surf_p": 24.719795480510648,
        "mae_vol_p": 23.11887667842111
      },
      "test_geom_camber_rc": {
        "vol_loss": 0.08908567133359611,
        "surf_loss": 0.04062098609756504,
        "loss": 0.4952955323092465,
        "mae_surf_Ux": 0.5055130256597141,
        "mae_vol_Ux": 1.785360049508643,
        "mae_surf_Uy": 0.2769872281012323,
        "mae_vol_Uy": 0.7615688545233192,
        "mae_surf_p": 35.217153899857486,
        "mae_vol_p": 34.968331153070615
      },
      "test_geom_camber_cruise": {
        "vol_loss": Infinity,
        "surf_loss": NaN,
        "loss": NaN,
        "mae_surf_Ux": 0.15519777553593977,
        "mae_vol_Ux": 0.7821436286163996,
        "mae_surf_Uy": 0.09329244309356613,
        "mae_vol_Uy": 0.2526433255860495,
        "mae_surf_p": 10.755290883720463,
        "mae_vol_p": 10.754184420891082
      },
      "test_re_rand": {
        "vol_loss": 0.037164143793052065,
        "surf_loss": 0.019115264774050046,
        "loss": 0.2283167915335525,
        "mae_surf_Ux": 0.27006849252301524,
        "mae_vol_Ux": 1.0782817597341123,
        "mae_surf_Uy": 0.16027637070294123,
        "mae_vol_Uy": 0.4104157484772731,
        "mae_surf_p": 20.364036472943525,
        "mae_vol_p": 19.425423343248042
      }
    },
    "test_avg": {
      "avg/mae_surf_Ux": 0.29454958100437834,
      "avg/mae_surf_Uy": 0.17398430635190923,
      "avg/mae_surf_p": 22.76406918425803,
      "avg/mae_vol_Ux": 1.1767393010275689,
      "avg/mae_vol_Uy": 0.44900206677472054,
      "avg/mae_vol_p": 22.06670389890771
    }
  },
  "names": [
    "s3",
    "s5",
    "s12"
  ],
  "model_dirs": [
    "models/model-fphg00wi",
    "models/model-2u3fmo2o",
    "models/model-urwcd69d"
  ]
}