{
  "ensemble_test_avg": {
    "avg/mae_surf_Ux": 0.3481469747372714,
    "avg/mae_surf_Uy": 0.2010411643488053,
    "avg/mae_surf_p": 25.238739172237054,
    "avg/mae_vol_Ux": 1.4628793066605645,
    "avg/mae_vol_Uy": 0.550165195301849,
    "avg/mae_vol_p": 26.417485953571397
  },
  "ensemble_test_per_split": {
    "test_single_in_dist": {
      "mae_surf_Ux": 0.2922770001534614,
      "mae_vol_Ux": 1.399230000227822,
      "mae_surf_Uy": 0.19040541795606422,
      "mae_vol_Uy": 0.49098114009360433,
      "mae_surf_p": 25.766230985094655,
      "mae_vol_p": 28.628519031057476
    },
    "test_geom_camber_rc": {
      "mae_surf_Ux": 0.5753906270739636,
      "mae_vol_Ux": 2.1186153428211463,
      "mae_surf_Uy": 0.30529204547107414,
      "mae_vol_Uy": 0.8824968809283665,
      "mae_surf_p": 38.2890237487801,
      "mae_vol_p": 39.54071223756365
    },
    "test_geom_camber_cruise": {
      "mae_surf_Ux": 0.19855149723532495,
      "mae_vol_Ux": 0.9948156341917183,
      "mae_surf_Uy": 0.11649680489745332,
      "mae_vol_Uy": 0.3141567907736776,
      "mae_surf_p": 13.131384856150078,
      "mae_vol_p": 13.656175003672642
    },
    "test_re_rand": {
      "mae_surf_Ux": 0.32636877448633556,
      "mae_vol_Ux": 1.338856249401572,
      "mae_surf_Uy": 0.19197038907062952,
      "mae_vol_Uy": 0.5130259694117478,
      "mae_surf_p": 23.768317098923383,
      "mae_vol_p": 23.844537541991812
    }
  },
  "model_dirs": [
    "models/model-90tpik15",
    "models/model-h3k1r6xw",
    "models/model-xu4xckz7",
    "models/model-528incwd",
    "models/model-i4ptxqgz",
    "models/model-6kpd545u",
    "models/model-fq59fw2w",
    "models/model-8dxd482r",
    "models/model-3fftdluq",
    "models/model-hw8ufq2o",
    "models/model-rk9eplhq",
    "models/model-mzlhga14",
    "models/model-9v87wp6a",
    "models/model-4awuv0y7",
    "models/model-yijqrcvp",
    "models/model-gpnv0aem"
  ]
}