{
  "ensemble_test_avg": {
    "avg/mae_surf_Ux": 0.32234800740049974,
    "avg/mae_surf_Uy": 0.1865158162797429,
    "avg/mae_surf_p": 23.773859039968137,
    "avg/mae_vol_Ux": 1.3142357141385006,
    "avg/mae_vol_Uy": 0.49448102952244505,
    "avg/mae_vol_p": 24.04989088386855
  },
  "ensemble_test_per_split": {
    "test_single_in_dist": {
      "mae_surf_Ux": 0.26504296477882494,
      "mae_vol_Ux": 1.2267229745638062,
      "mae_surf_Uy": 0.17658228428114187,
      "mae_vol_Uy": 0.4323437140653023,
      "mae_surf_p": 24.115755022052518,
      "mae_vol_p": 25.371592826333206
    },
    "test_geom_camber_rc": {
      "mae_surf_Ux": 0.5476179250634517,
      "mae_vol_Ux": 1.9562683279467286,
      "mae_surf_Uy": 0.29161378869008353,
      "mae_vol_Uy": 0.8165692061559925,
      "mae_surf_p": 37.77940954319852,
      "mae_vol_p": 37.85789213857276
    },
    "test_geom_camber_cruise": {
      "mae_surf_Ux": 0.17831728901262714,
      "mae_vol_Ux": 0.8819592594325661,
      "mae_surf_Uy": 0.10264410689344337,
      "mae_vol_Uy": 0.27370993546126626,
      "mae_surf_p": 11.460011716795034,
      "mae_vol_p": 11.716137557175363
    },
    "test_re_rand": {
      "mae_surf_Ux": 0.2984138507470951,
      "mae_vol_Ux": 1.1919922946109014,
      "mae_surf_Uy": 0.1752230852543028,
      "mae_vol_Uy": 0.4553012624072191,
      "mae_surf_p": 21.740259877826485,
      "mae_vol_p": 21.253941013392872
    }
  },
  "model_dirs": [
    "models/model-90tpik15",
    "models/model-h3k1r6xw",
    "models/model-xu4xckz7",
    "models/model-528incwd",
    "models/model-i4ptxqgz",
    "models/model-6kpd545u",
    "models/model-fq59fw2w",
    "models/model-8dxd482r",
    "models/model-yijqrcvp"
  ]
}