{
  "models": [
    "models/model-x5t9akcb",
    "models/model-gjvjqbw3",
    "models/model-xy0gvrye",
    "models/model-j4y1x62c",
    "models/model-c3aaqyun"
  ],
  "val_per_split": {
    "val_single_in_dist": {
      "vol_loss": 0.12130385406315326,
      "surf_loss": 0.07834599022287875,
      "loss": 0.9047637562919407,
      "mae_surf_Ux": 0.5197745425010006,
      "mae_vol_Ux": 2.4646183021590886,
      "mae_surf_Uy": 0.291073554514456,
      "mae_vol_Uy": 0.8809937289906192,
      "mae_surf_p": 42.16626446010554,
      "mae_vol_p": 49.649694516863704
    },
    "val_geom_camber_rc": {
      "vol_loss": 0.1768140450119972,
      "surf_loss": 0.06803547352552414,
      "loss": 0.8571687802672385,
      "mae_surf_Ux": 0.963236049221822,
      "mae_vol_Ux": 3.1208664626802567,
      "mae_surf_Uy": 0.4592621641212725,
      "mae_vol_Uy": 1.4340291893158978,
      "mae_surf_p": 58.02925626500923,
      "mae_vol_p": 62.00907976213255
    },
    "val_geom_camber_cruise": {
      "vol_loss": 0.046743730194866655,
      "surf_loss": 0.015575631579849869,
      "loss": 0.20250004599336535,
      "mae_surf_Ux": 0.364616058550271,
      "mae_vol_Ux": 1.802390789646069,
      "mae_surf_Uy": 0.20842621146553467,
      "mae_vol_Uy": 0.5673850880967163,
      "mae_surf_p": 27.424287369513817,
      "mae_vol_p": 29.711488401392785
    },
    "val_re_rand": {
      "vol_loss": 0.1279025250673294,
      "surf_loss": 0.057991625489667055,
      "loss": 0.7078187799639999,
      "mae_surf_Ux": 0.6781239841797582,
      "mae_vol_Ux": 2.344254023244271,
      "mae_surf_Uy": 0.331385200494566,
      "mae_vol_Uy": 0.9603700324563358,
      "mae_surf_p": 43.87376686240984,
      "mae_vol_p": 45.487121115036835
    }
  },
  "val_avg": {
    "avg/mae_surf_Ux": 0.631437658613213,
    "avg/mae_surf_Uy": 0.3225367826489573,
    "avg/mae_surf_p": 42.873393739259605,
    "avg/mae_vol_Ux": 2.4330323944324213,
    "avg/mae_vol_Uy": 0.9606945097148922,
    "avg/mae_vol_p": 46.71434594885647
  },
  "test_per_split": {
    "test_single_in_dist": {
      "vol_loss": 0.14851918689906596,
      "surf_loss": 0.11644266564166174,
      "loss": 1.3129458433156835,
      "mae_surf_Ux": 0.559759645355155,
      "mae_vol_Ux": 2.320820266999699,
      "mae_surf_Uy": 0.29685717359875885,
      "mae_vol_Uy": 0.8734918831596351,
      "mae_surf_p": 40.752656867543884,
      "mae_vol_p": 48.008226383973664
    },
    "test_geom_camber_rc": {
      "vol_loss": 0.15243886068463325,
      "surf_loss": 0.05593552621081471,
      "loss": 0.7117941227927804,
      "mae_surf_Ux": 0.9186624059542109,
      "mae_vol_Ux": 3.0164420986980582,
      "mae_surf_Uy": 0.4288200392517251,
      "mae_vol_Uy": 1.3304490411265673,
      "mae_surf_p": 49.84063914920659,
      "mae_vol_p": 56.179865559545476
    },
    "test_geom_camber_cruise": {
      "vol_loss": 0.03720716493204236,
      "surf_loss": 0.009436907686758787,
      "loss": 0.13157624179963023,
      "mae_surf_Ux": 0.33215712690317256,
      "mae_vol_Ux": 1.663789374085722,
      "mae_surf_Uy": 0.1861876565405037,
      "mae_vol_Uy": 0.5152745191220596,
      "mae_surf_p": 22.156101067634605,
      "mae_vol_p": 25.179637499870115
    },
    "test_re_rand": {
      "vol_loss": 0.07870370615273714,
      "surf_loss": 0.030195280564948915,
      "loss": 0.3806565118022263,
      "mae_surf_Ux": 0.5553051749170806,
      "mae_vol_Ux": 2.154010154298105,
      "mae_surf_Uy": 0.2934897533401193,
      "mae_vol_Uy": 0.8326417182165385,
      "mae_surf_p": 35.75204481819449,
      "mae_vol_p": 38.909025784549335
    }
  },
  "test_avg": {
    "avg/mae_surf_Ux": 0.5914710882824048,
    "avg/mae_surf_Uy": 0.30133865568277673,
    "avg/mae_surf_p": 37.12536047564489,
    "avg/mae_vol_Ux": 2.288765473520396,
    "avg/mae_vol_Uy": 0.8879642904062002,
    "avg/mae_vol_p": 42.06918880698465
  }
}