{
  "models": [
    "models/model-ejvimr8w",
    "models/model-6pproozv",
    "models/model-u2phuy10",
    "models/model-wpj9rltw",
    "models/model-91gsowe3",
    "models/model-o5mpb9wu",
    "models/model-d1s8ok00"
  ],
  "val_per_split": {
    "val_single_in_dist": {
      "vol_loss": 0.09626645259559155,
      "surf_loss": 0.08102730090497062,
      "loss": 0.9065394616452978,
      "mae_surf_Ux": 0.366775310072479,
      "mae_vol_Ux": 1.961328785128946,
      "mae_surf_Uy": 0.23980087865567856,
      "mae_vol_Uy": 0.6754776914464284,
      "mae_surf_p": 35.123576902820396,
      "mae_vol_p": 39.44039432005133
    },
    "val_geom_camber_rc": {
      "vol_loss": 0.13513338662683963,
      "surf_loss": 0.05371442133560777,
      "loss": 0.6722775999829173,
      "mae_surf_Ux": 0.7368763709466564,
      "mae_vol_Ux": 2.6154338494653593,
      "mae_surf_Uy": 0.39208967690437957,
      "mae_vol_Uy": 1.164261565517317,
      "mae_surf_p": 49.34895053882641,
      "mae_vol_p": 52.387676276838576
    },
    "val_geom_camber_cruise": {
      "vol_loss": 0.03344744687899947,
      "surf_loss": 0.011508482531644404,
      "loss": 0.14853227219544352,
      "mae_surf_Ux": 0.291278392493551,
      "mae_vol_Ux": 1.4596441858635687,
      "mae_surf_Uy": 0.17025731708357125,
      "mae_vol_Uy": 0.46309041141458646,
      "mae_surf_p": 21.392193554807367,
      "mae_vol_p": 23.18190800549379
    },
    "val_re_rand": {
      "vol_loss": 0.10224427621811628,
      "surf_loss": 0.05182584707159549,
      "loss": 0.6205027469340711,
      "mae_surf_Ux": 0.5397044917018294,
      "mae_vol_Ux": 1.9509356730218723,
      "mae_surf_Uy": 0.28271075022318704,
      "mae_vol_Uy": 0.7927302299092385,
      "mae_surf_p": 38.068595148546414,
      "mae_vol_p": 38.59920016701877
    }
  },
  "val_avg": {
    "avg/mae_surf_Ux": 0.48365864130362896,
    "avg/mae_surf_Uy": 0.2712146557167041,
    "avg/mae_surf_p": 35.98332903625015,
    "avg/mae_vol_Ux": 1.9968356233699365,
    "avg/mae_vol_Uy": 0.7738899745718926,
    "avg/mae_vol_p": 38.402294692350615
  },
  "test_per_split": {
    "test_single_in_dist": {
      "vol_loss": 0.11050524692982436,
      "surf_loss": 0.09860582691035233,
      "loss": 1.0965635160333478,
      "mae_surf_Ux": 0.4338990015752656,
      "mae_vol_Ux": 1.9083150291371673,
      "mae_surf_Uy": 0.2541173081077137,
      "mae_vol_Uy": 0.687997643087645,
      "mae_surf_p": 34.42900149242884,
      "mae_vol_p": 38.833961034917984
    },
    "test_geom_camber_rc": {
      "vol_loss": 0.11637856438755989,
      "surf_loss": 0.045372356679290536,
      "loss": 0.5701021311804653,
      "mae_surf_Ux": 0.6983225623038959,
      "mae_vol_Ux": 2.5259840675852376,
      "mae_surf_Uy": 0.36143599463106013,
      "mae_vol_Uy": 1.0798357486780665,
      "mae_surf_p": 42.98225454615396,
      "mae_vol_p": 46.74448427709844
    },
    "test_geom_camber_cruise": {
      "vol_loss": 0.027022368814796208,
      "surf_loss": 0.006936079816659913,
      "loss": 0.09638316698139533,
      "mae_surf_Ux": 0.2623055400001665,
      "mae_vol_Ux": 1.3657072855129584,
      "mae_surf_Uy": 0.1523692957691059,
      "mae_vol_Uy": 0.420121516713386,
      "mae_surf_p": 17.082162998009824,
      "mae_vol_p": 19.296015396612475
    },
    "test_re_rand": {
      "vol_loss": 0.05657041307538748,
      "surf_loss": 0.022981153146829456,
      "loss": 0.28638194454368204,
      "mae_surf_Ux": 0.42451946347614516,
      "mae_vol_Ux": 1.7578984055107962,
      "mae_surf_Uy": 0.23978551756555366,
      "mae_vol_Uy": 0.6713110496259833,
      "mae_surf_p": 29.10528608877697,
      "mae_vol_p": 31.17366608619733
    }
  },
  "test_avg": {
    "avg/mae_surf_Ux": 0.4547616418388683,
    "avg/mae_surf_Uy": 0.25192702901835834,
    "avg/mae_surf_p": 30.899676281342398,
    "avg/mae_vol_Ux": 1.88947619693654,
    "avg/mae_vol_Uy": 0.7148164895262702,
    "avg/mae_vol_p": 34.01203169870656
  }
}