{
  "models": [
    "models/model-k1jruyxv",
    "models/model-lryxhk4x",
    "models/model-gcinclea",
    "models/model-ejvimr8w"
  ],
  "val_per_split": {
    "val_single_in_dist": {
      "vol_loss": 0.11371908936649561,
      "surf_loss": 0.07449207238852978,
      "loss": 0.8586398132517934,
      "mae_surf_Ux": 0.4953015624178898,
      "mae_vol_Ux": 2.3736882232988727,
      "mae_surf_Uy": 0.2939184252521147,
      "mae_vol_Uy": 0.8401174081490422,
      "mae_surf_p": 41.05438984268752,
      "mae_vol_p": 48.544837565702544
    },
    "val_geom_camber_rc": {
      "vol_loss": 0.16302343517541884,
      "surf_loss": 0.06283909669145941,
      "loss": 0.791414402090013,
      "mae_surf_Ux": 0.9033138292113582,
      "mae_vol_Ux": 2.999895932686537,
      "mae_surf_Uy": 0.45835679211423236,
      "mae_vol_Uy": 1.3779136494311093,
      "mae_surf_p": 55.52859794761582,
      "mae_vol_p": 59.829252957406005
    },
    "val_geom_camber_cruise": {
      "vol_loss": 0.04340441294014454,
      "surf_loss": 0.014622142449952661,
      "loss": 0.18962583743967115,
      "mae_surf_Ux": 0.3472948099691515,
      "mae_vol_Ux": 1.688009973184465,
      "mae_surf_Uy": 0.20937715378749389,
      "mae_vol_Uy": 0.5487503018305377,
      "mae_surf_p": 26.16137635926292,
      "mae_vol_p": 29.111096060231347
    },
    "val_re_rand": {
      "vol_loss": 0.12323481395840645,
      "surf_loss": 0.0568941268324852,
      "loss": 0.6921760822832584,
      "mae_surf_Ux": 0.6561128926008866,
      "mae_vol_Ux": 2.226423617684348,
      "mae_surf_Uy": 0.32596053413421905,
      "mae_vol_Uy": 0.9334309008828319,
      "mae_surf_p": 43.36657707010473,
      "mae_vol_p": 44.67571901003563
    }
  },
  "val_avg": {
    "avg/mae_surf_Ux": 0.6005057735498215,
    "avg/mae_surf_Uy": 0.321903226322015,
    "avg/mae_surf_p": 41.52773530491775,
    "avg/mae_vol_Ux": 2.3220044367135557,
    "avg/mae_vol_Uy": 0.9250530650733803,
    "avg/mae_vol_p": 45.54022639834388
  },
  "test_per_split": {
    "test_single_in_dist": {
      "vol_loss": 0.14256942758336663,
      "surf_loss": 0.11849003194831312,
      "loss": 1.3274697470664978,
      "mae_surf_Ux": 0.5415596381512203,
      "mae_vol_Ux": 2.2429705984288795,
      "mae_surf_Uy": 0.29743528557103965,
      "mae_vol_Uy": 0.8413447949248529,
      "mae_surf_p": 40.18295817589939,
      "mae_vol_p": 47.065338079503675
    },
    "test_geom_camber_rc": {
      "vol_loss": 0.1439364155381918,
      "surf_loss": 0.05323139639571309,
      "loss": 0.6762503794953226,
      "mae_surf_Ux": 0.8688123793137017,
      "mae_vol_Ux": 2.8964232142630726,
      "mae_surf_Uy": 0.43138055532618663,
      "mae_vol_Uy": 1.298652684298708,
      "mae_surf_p": 49.68187925463123,
      "mae_vol_p": 55.63839071408689
    },
    "test_geom_camber_cruise": {
      "vol_loss": 0.035183281488716606,
      "surf_loss": 0.009309828738914804,
      "loss": 0.12828156887786463,
      "mae_surf_Ux": 0.31243362629866495,
      "mae_vol_Ux": 1.561860429249334,
      "mae_surf_Uy": 0.18438049517862093,
      "mae_vol_Uy": 0.5007045190297353,
      "mae_surf_p": 21.57385537798882,
      "mae_vol_p": 24.845540267676668
    },
    "test_re_rand": {
      "vol_loss": 0.07462262459099293,
      "surf_loss": 0.028770593274384738,
      "loss": 0.3623285573348403,
      "mae_surf_Ux": 0.525397470831912,
      "mae_vol_Ux": 2.0363612812536305,
      "mae_surf_Uy": 0.2911681400858698,
      "mae_vol_Uy": 0.8063543612155215,
      "mae_surf_p": 34.87699162868906,
      "mae_vol_p": 38.31998516694959
    }
  },
  "test_avg": {
    "avg/mae_surf_Ux": 0.5620507786488748,
    "avg/mae_surf_Uy": 0.30109111904042923,
    "avg/mae_surf_p": 36.57892110930212,
    "avg/mae_vol_Ux": 2.184403880798729,
    "avg/mae_vol_Uy": 0.8617640898672044,
    "avg/mae_vol_p": 41.467313557054204
  }
}