{
  "models": [
    "models/model-9zzkx93b",
    "models/model-hgyfpk3n",
    "models/model-rn8corg4",
    "models/model-l91knfru",
    "models/model-bejxwr09"
  ],
  "val_per_split": {
    "val_single_in_dist": {
      "vol_loss": 0.07282813285477459,
      "surf_loss": 0.07334777256008237,
      "loss": 0.8063058584555984,
      "mae_surf_Ux": 0.2650438384442271,
      "mae_vol_Ux": 1.3841214639974022,
      "mae_surf_Uy": 0.19152747564207984,
      "mae_vol_Uy": 0.4748183830239152,
      "mae_surf_p": 28.9564704892147,
      "mae_vol_p": 29.763519641594804
    },
    "val_geom_camber_rc": {
      "vol_loss": 0.09528112597763538,
      "surf_loss": 0.03969335633330047,
      "loss": 0.49221468931064005,
      "mae_surf_Ux": 0.5673173026277686,
      "mae_vol_Ux": 2.055060922497193,
      "mae_surf_Uy": 0.3218438508080523,
      "mae_vol_Uy": 0.9126905728424254,
      "mae_surf_p": 41.30313633952874,
      "mae_vol_p": 42.47834100050838
    },
    "val_geom_camber_cruise": {
      "vol_loss": 0.019320808593183757,
      "surf_loss": 0.008210169267840683,
      "loss": 0.1014225012715906,
      "mae_surf_Ux": 0.2086040676391878,
      "mae_vol_Ux": 1.0271540564445258,
      "mae_surf_Uy": 0.12373874596407511,
      "mae_vol_Uy": 0.3308150268955754,
      "mae_surf_p": 15.152500876165686,
      "mae_vol_p": 15.785602353259312
    },
    "val_re_rand": {
      "vol_loss": 0.0818301859498024,
      "surf_loss": 0.0493497772491537,
      "loss": 0.5753279584413394,
      "mae_surf_Ux": 0.4171414431871507,
      "mae_vol_Ux": 1.4579132501187952,
      "mae_surf_Uy": 0.2317038340896752,
      "mae_vol_Uy": 0.6025965915108735,
      "mae_surf_p": 31.7578172435089,
      "mae_vol_p": 30.716286226207224
    }
  },
  "val_avg": {
    "avg/mae_surf_Ux": 0.3645266629745835,
    "avg/mae_surf_Uy": 0.21720347662597062,
    "avg/mae_surf_p": 29.292481237104507,
    "avg/mae_vol_Ux": 1.4810624232644791,
    "avg/mae_vol_Uy": 0.5802301435681974,
    "avg/mae_vol_p": 29.68593730539243
  },
  "test_per_split": {
    "test_single_in_dist": {
      "vol_loss": 0.08823621245101095,
      "surf_loss": 0.09892046691908035,
      "loss": 1.0774408816418144,
      "mae_surf_Ux": 0.3056452767097837,
      "mae_vol_Ux": 1.347762358387537,
      "mae_surf_Uy": 0.1916581958825465,
      "mae_vol_Uy": 0.4774533937660581,
      "mae_surf_p": 27.811973368033673,
      "mae_vol_p": 28.77986529659296
    },
    "test_geom_camber_rc": {
      "vol_loss": 0.09194518465548754,
      "surf_loss": 0.039123728307895365,
      "loss": 0.4831824677344412,
      "mae_surf_Ux": 0.5441661869080696,
      "mae_vol_Ux": 1.9956206723566574,
      "mae_surf_Uy": 0.3019310438102892,
      "mae_vol_Uy": 0.8477691457433462,
      "mae_surf_p": 37.161106213847034,
      "mae_vol_p": 38.5413695221484
    },
    "test_geom_camber_cruise": {
      "vol_loss": 0.015394791145808995,
      "surf_loss": 0.0047635903346235865,
      "loss": 0.06303069449204486,
      "mae_surf_Ux": 0.18897601534788883,
      "mae_vol_Ux": 0.9523353718625746,
      "mae_surf_Uy": 0.10885939302723857,
      "mae_vol_Uy": 0.297286310214286,
      "mae_surf_p": 11.859501680796408,
      "mae_vol_p": 12.989350432152841
    },
    "test_re_rand": {
      "vol_loss": 0.037146781552582976,
      "surf_loss": 0.018169344746274872,
      "loss": 0.2188402290153317,
      "mae_surf_Ux": 0.3221749746814326,
      "mae_vol_Ux": 1.28689442330391,
      "mae_surf_Uy": 0.18919339186374462,
      "mae_vol_Uy": 0.4897957889798624,
      "mae_surf_p": 23.104019412807112,
      "mae_vol_p": 23.24687348938722
    }
  },
  "test_avg": {
    "avg/mae_surf_Ux": 0.3402406134117937,
    "avg/mae_surf_Uy": 0.19791050614595473,
    "avg/mae_surf_p": 24.984150168871057,
    "avg/mae_vol_Ux": 1.3956532064776697,
    "avg/mae_vol_Uy": 0.5280761596758882,
    "avg/mae_vol_p": 25.889364685070355
  }
}