{
  "ckpt": "models/model-lryxhk4x/checkpoint.pt",
  "config": {
    "dropout": 0.0,
    "fun_dim": 22,
    "mlp_ratio": 2,
    "n_head": 4,
    "n_hidden": 128,
    "n_layers": 3,
    "out_dim": 3,
    "output_dims": [
      1,
      1,
      1
    ],
    "output_fields": [
      "Ux",
      "Uy",
      "p"
    ],
    "slice_num": 64,
    "space_dim": 2,
    "use_eidetic": true
  },
  "n_params": 420146,
  "val_per_split": {
    "val_single_in_dist": {
      "vol_loss": 0.15158831976354123,
      "surf_loss": 0.0758497753739357,
      "loss": 0.9100860735028982,
      "mae_surf_Ux": 0.6947914728543958,
      "mae_vol_Ux": 2.795424267652504,
      "mae_surf_Uy": 0.38626625216384897,
      "mae_vol_Uy": 1.1004334840494019,
      "mae_surf_p": 52.63385965597377,
      "mae_vol_p": 64.66912386251632
    },
    "val_geom_camber_rc": {
      "vol_loss": 0.20421647921204567,
      "surf_loss": 0.07841280929744243,
      "loss": 0.98834457218647,
      "mae_surf_Ux": 1.1200260358229737,
      "mae_vol_Ux": 3.410756851058081,
      "mae_surf_Uy": 0.5595904345589121,
      "mae_vol_Uy": 1.663165192042025,
      "mae_surf_p": 66.86198126950153,
      "mae_vol_p": 73.57314914590636
    },
    "val_geom_camber_cruise": {
      "vol_loss": 0.060224531777203084,
      "surf_loss": 0.01975944945588708,
      "loss": 0.2578190263360739,
      "mae_surf_Ux": 0.49155399361760704,
      "mae_vol_Ux": 2.0044345964259462,
      "mae_surf_Uy": 0.2682024845622138,
      "mae_vol_Uy": 0.7117229083971933,
      "mae_surf_p": 34.505320749149014,
      "mae_vol_p": 37.5392357082448
    },
    "val_re_rand": {
      "vol_loss": 0.15744874998927116,
      "surf_loss": 0.0722825720347464,
      "loss": 0.8802744703367352,
      "mae_surf_Ux": 0.8294056294867026,
      "mae_vol_Ux": 2.567456137316321,
      "mae_surf_Uy": 0.40282720988847165,
      "mae_vol_Uy": 1.1314765103665507,
      "mae_surf_p": 51.85917188115909,
      "mae_vol_p": 54.92273031480622
    }
  },
  "val_avg": {
    "avg/mae_surf_Ux": 0.7839442829454197,
    "avg/mae_surf_Uy": 0.40422159529336166,
    "avg/mae_surf_p": 51.46508338894585,
    "avg/mae_vol_Ux": 2.694517963113213,
    "avg/mae_vol_Uy": 1.1516995237137928,
    "avg/mae_vol_p": 57.67605975786842
  },
  "test_per_split": {
    "test_single_in_dist": {
      "vol_loss": 0.18185061164200306,
      "surf_loss": 0.140530422097072,
      "loss": 1.5871548326127232,
      "mae_surf_Ux": 0.7320799819394694,
      "mae_vol_Ux": 2.6239293764582965,
      "mae_surf_Uy": 0.3976390040912867,
      "mae_vol_Uy": 1.0982085155323196,
      "mae_surf_p": 51.98415973892845,
      "mae_vol_p": 61.48674830594834
    },
    "test_geom_camber_rc": {
      "vol_loss": 0.18808295965194702,
      "surf_loss": 0.0709670520760119,
      "loss": 0.8977534804120659,
      "mae_surf_Ux": 1.1002504805904127,
      "mae_vol_Ux": 3.3032470423023805,
      "mae_surf_Uy": 0.5318272938401865,
      "mae_vol_Uy": 1.590428580622393,
      "mae_surf_p": 62.35531327616757,
      "mae_vol_p": 70.34609843923221
    },
    "test_geom_camber_cruise": {
      "vol_loss": 0.04785508722066879,
      "surf_loss": 0.013064387245103717,
      "loss": 0.17849895967170598,
      "mae_surf_Ux": 0.4470471416424375,
      "mae_vol_Ux": 1.8280193280108603,
      "mae_surf_Uy": 0.24229811427717501,
      "mae_vol_Uy": 0.649659430395139,
      "mae_surf_p": 28.492438684924682,
      "mae_vol_p": 32.70935085247359
    },
    "test_re_rand": {
      "vol_loss": 0.10743945263326168,
      "surf_loss": 0.045011578523553905,
      "loss": 0.5575552378688008,
      "mae_surf_Ux": 0.7275588585333471,
      "mae_vol_Ux": 2.4012349727151574,
      "mae_surf_Uy": 0.37364646114810723,
      "mae_vol_Uy": 1.0090419067356131,
      "mae_surf_p": 44.96855255147403,
      "mae_vol_p": 49.89587179257329
    }
  },
  "test_avg": {
    "avg/mae_surf_Ux": 0.7517341156764167,
    "avg/mae_surf_Uy": 0.3863527183391888,
    "avg/mae_surf_p": 46.95011606287368,
    "avg/mae_vol_Ux": 2.5391076798716736,
    "avg/mae_vol_Uy": 1.0868346083213662,
    "avg/mae_vol_p": 53.60951734755686
  }
}