{
  "models": [
    "models/model-9zzkx93b",
    "models/model-rn8corg4",
    "models/model-l91knfru",
    "models/model-8h6hggee",
    "models/model-hgyfpk3n",
    "models/model-j1szokjr"
  ],
  "val_per_split": {
    "val_single_in_dist": {
      "vol_loss": 0.07233328784815968,
      "surf_loss": 0.06954998873756267,
      "loss": 0.7678331752237864,
      "mae_surf_Ux": 0.2649288775955671,
      "mae_vol_Ux": 1.3979148534956727,
      "mae_surf_Uy": 0.1917520335668432,
      "mae_vol_Uy": 0.47675676581103904,
      "mae_surf_p": 28.560577793625335,
      "mae_vol_p": 29.84119934272853
    },
    "val_geom_camber_rc": {
      "vol_loss": 0.09534139446914196,
      "surf_loss": 0.03965691233053804,
      "loss": 0.4919105177745223,
      "mae_surf_Ux": 0.5608071111295342,
      "mae_vol_Ux": 2.059917072816956,
      "mae_surf_Uy": 0.32169856328046365,
      "mae_vol_Uy": 0.9172510817033849,
      "mae_surf_p": 41.497901656110976,
      "mae_vol_p": 42.29454662382472
    },
    "val_geom_camber_cruise": {
      "vol_loss": 0.019653825974091887,
      "surf_loss": 0.008582594494801015,
      "loss": 0.10547977092210205,
      "mae_surf_Ux": 0.21105453680007444,
      "mae_vol_Ux": 1.0371191668165967,
      "mae_surf_Uy": 0.12524956509225832,
      "mae_vol_Uy": 0.33202472866842253,
      "mae_surf_p": 15.495699329480962,
      "mae_vol_p": 15.887821128335801
    },
    "val_re_rand": {
      "vol_loss": 0.08741983279585838,
      "surf_loss": 0.05175282985437661,
      "loss": 0.6049481313396246,
      "mae_surf_Ux": 0.4260005828796424,
      "mae_vol_Ux": 1.4724498308900076,
      "mae_surf_Uy": 0.23549964369571347,
      "mae_vol_Uy": 0.6138042496380935,
      "mae_surf_p": 32.78106084840668,
      "mae_vol_p": 31.624996317965987
    }
  },
  "val_avg": {
    "avg/mae_surf_Ux": 0.36569777710120455,
    "avg/mae_surf_Uy": 0.21854995140881966,
    "avg/mae_surf_p": 29.583809906905987,
    "avg/mae_vol_Ux": 1.4918502310048083,
    "avg/mae_vol_Uy": 0.584959206455235,
    "avg/mae_vol_p": 29.91214085321376
  },
  "test_per_split": {
    "test_single_in_dist": {
      "vol_loss": 0.09068292244337499,
      "surf_loss": 0.09823047534999205,
      "loss": 1.0729876759432955,
      "mae_surf_Ux": 0.3089867093895336,
      "mae_vol_Ux": 1.3720504434643794,
      "mae_surf_Uy": 0.19203566756973817,
      "mae_vol_Uy": 0.4807643826548627,
      "mae_surf_p": 27.70598979220599,
      "mae_vol_p": 28.71580293560417
    },
    "test_geom_camber_rc": {
      "vol_loss": 0.09171234473586082,
      "surf_loss": 0.03918879262637347,
      "loss": 0.4836002709995955,
      "mae_surf_Ux": 0.5447068589644484,
      "mae_vol_Ux": 1.9997081704323583,
      "mae_surf_Uy": 0.30113995183325243,
      "mae_vol_Uy": 0.8506857078565209,
      "mae_surf_p": 37.723871533206086,
      "mae_vol_p": 38.92406949081991
    },
    "test_geom_camber_cruise": {
      "vol_loss": 0.015722226360812785,
      "surf_loss": 0.00481446732126642,
      "loss": 0.06386689957347698,
      "mae_surf_Ux": 0.18994530848034696,
      "mae_vol_Ux": 0.9593049363996727,
      "mae_surf_Uy": 0.10945050739910088,
      "mae_vol_Uy": 0.2992673844937741,
      "mae_surf_p": 12.001417734466186,
      "mae_vol_p": 13.027633288384493
    },
    "test_re_rand": {
      "vol_loss": 0.03837019108235836,
      "surf_loss": 0.019024187432369218,
      "loss": 0.22861206540605056,
      "mae_surf_Ux": 0.3206472923431426,
      "mae_vol_Ux": 1.2906799174112693,
      "mae_surf_Uy": 0.1893124680942072,
      "mae_vol_Uy": 0.4936691427742321,
      "mae_surf_p": 23.629775529391537,
      "mae_vol_p": 23.688240774008282
    }
  },
  "test_avg": {
    "avg/mae_surf_Ux": 0.34107154229436787,
    "avg/mae_surf_Uy": 0.19798464872407467,
    "avg/mae_surf_p": 25.26526364731745,
    "avg/mae_vol_Ux": 1.40543586692692,
    "avg/mae_vol_Uy": 0.5310966544448474,
    "avg/mae_vol_p": 26.088936622204216
  }
}