{
  "models": [
    "models/model-ypb07aty",
    "models/model-vo48r551",
    "models/model-j1szokjr",
    "models/model-fjllis51",
    "models/model-6kh8u2p0",
    "models/model-ubqksdo4",
    "models/model-ucnbmdzy"
  ],
  "val_per_split": {
    "val_single_in_dist": {
      "vol_loss": 0.08124744968488812,
      "surf_loss": 0.07213379985420033,
      "loss": 0.8025854482268915,
      "mae_surf_Ux": 0.2970182120986734,
      "mae_vol_Ux": 1.6399779701619757,
      "mae_surf_Uy": 0.21369428398022963,
      "mae_vol_Uy": 0.5663139889029793,
      "mae_surf_p": 31.67658291816542,
      "mae_vol_p": 35.17501054830481
    },
    "val_geom_camber_rc": {
      "vol_loss": 0.11010052189230919,
      "surf_loss": 0.04398366172797978,
      "loss": 0.5499371391721071,
      "mae_surf_Ux": 0.6305625854530449,
      "mae_vol_Ux": 2.3192911850172595,
      "mae_surf_Uy": 0.35431354268368226,
      "mae_vol_Uy": 1.0305822561586582,
      "mae_surf_p": 44.061976599353976,
      "mae_vol_p": 46.164779194410436
    },
    "val_geom_camber_cruise": {
      "vol_loss": 0.02573050955310464,
      "surf_loss": 0.009781021140515805,
      "loss": 0.1235407209582627,
      "mae_surf_Ux": 0.2462389512359811,
      "mae_vol_Ux": 1.2411517171240338,
      "mae_surf_Uy": 0.1493206348162352,
      "mae_vol_Uy": 0.39796962178659995,
      "mae_surf_p": 17.89686003857231,
      "mae_vol_p": 19.30616313122898
    },
    "val_re_rand": {
      "vol_loss": 0.09305151600390672,
      "surf_loss": 0.04919090493116528,
      "loss": 0.5849605653155595,
      "mae_surf_Ux": 0.4752022636105513,
      "mae_vol_Ux": 1.6934051425257228,
      "mae_surf_Uy": 0.25662702488463934,
      "mae_vol_Uy": 0.698903974840318,
      "mae_surf_p": 34.550122847062575,
      "mae_vol_p": 34.383363409514494
    }
  },
  "val_avg": {
    "avg/mae_surf_Ux": 0.41225550309956266,
    "avg/mae_surf_Uy": 0.24348887159119662,
    "avg/mae_surf_p": 32.04638560078857,
    "avg/mae_vol_Ux": 1.723456503707248,
    "avg/mae_vol_Uy": 0.6734424604221388,
    "avg/mae_vol_p": 33.75732907086468
  },
  "test_per_split": {
    "test_single_in_dist": {
      "vol_loss": 0.10124703021720052,
      "surf_loss": 0.09487182842975017,
      "loss": 1.0499653145147023,
      "mae_surf_Ux": 0.3443237356289592,
      "mae_vol_Ux": 1.6047184857627417,
      "mae_surf_Uy": 0.22249358527896973,
      "mae_vol_Uy": 0.5806843496655131,
      "mae_surf_p": 30.93166674503568,
      "mae_vol_p": 34.747698284284496
    },
    "test_geom_camber_rc": {
      "vol_loss": 0.10164440479129552,
      "surf_loss": 0.040585825694724915,
      "loss": 0.5075026617385446,
      "mae_surf_Ux": 0.6138290640776314,
      "mae_vol_Ux": 2.247609043099752,
      "mae_surf_Uy": 0.3297390477972173,
      "mae_vol_Uy": 0.9547736890556364,
      "mae_surf_p": 39.42035770542081,
      "mae_vol_p": 42.17610720648977
    },
    "test_geom_camber_cruise": {
      "vol_loss": 0.02068488214164972,
      "surf_loss": 0.005621208752854727,
      "loss": 0.07689696967019699,
      "mae_surf_Ux": 0.22336302550133674,
      "mae_vol_Ux": 1.1597275352758998,
      "mae_surf_Uy": 0.13173359889423927,
      "mae_vol_Uy": 0.35993997776432746,
      "mae_surf_p": 14.129275625065869,
      "mae_vol_p": 15.941356618144836
    },
    "test_re_rand": {
      "vol_loss": 0.04621675606817007,
      "surf_loss": 0.02008502964163199,
      "loss": 0.24706705248448999,
      "mae_surf_Ux": 0.3643844254713444,
      "mae_vol_Ux": 1.5158698331073501,
      "mae_surf_Uy": 0.21318700180036357,
      "mae_vol_Uy": 0.5798028332157223,
      "mae_surf_p": 25.781347561582066,
      "mae_vol_p": 26.964981829165914
    }
  },
  "test_avg": {
    "avg/mae_surf_Ux": 0.3864750626698179,
    "avg/mae_surf_Uy": 0.22428830844269748,
    "avg/mae_surf_p": 27.56566190927611,
    "avg/mae_vol_Ux": 1.6319812243114358,
    "avg/mae_vol_Uy": 0.6188002124252998,
    "avg/mae_vol_p": 29.957535984521254
  }
}