{
  "models": [
    "models/model-6kh8u2p0",
    "models/model-ejvimr8w",
    "models/model-4jrtw2m2",
    "models/model-d1s8ok00"
  ],
  "val_per_split": {
    "val_single_in_dist": {
      "vol_loss": 0.09189748760312795,
      "surf_loss": 0.07531578479800373,
      "loss": 0.8450553355831653,
      "mae_surf_Ux": 0.3819021552985958,
      "mae_vol_Ux": 1.9449862956368331,
      "mae_surf_Uy": 0.24824391147106786,
      "mae_vol_Uy": 0.6754500530332561,
      "mae_surf_p": 35.885196501134466,
      "mae_vol_p": 41.127323631531254
    },
    "val_geom_camber_rc": {
      "vol_loss": 0.12806001223623753,
      "surf_loss": 0.05108670646324754,
      "loss": 0.638927076868713,
      "mae_surf_Ux": 0.7335138047348675,
      "mae_vol_Ux": 2.592167487428824,
      "mae_surf_Uy": 0.390644637870474,
      "mae_vol_Uy": 1.1603726570908828,
      "mae_surf_p": 48.63365907160687,
      "mae_vol_p": 51.57264421811286
    },
    "val_geom_camber_cruise": {
      "vol_loss": 0.03272072607651353,
      "surf_loss": 0.011386562078259886,
      "loss": 0.1465863468591124,
      "mae_surf_Ux": 0.30307390889810076,
      "mae_vol_Ux": 1.441031388204336,
      "mae_surf_Uy": 0.17238754188031472,
      "mae_vol_Uy": 0.46127534193759984,
      "mae_surf_p": 21.189639982110208,
      "mae_vol_p": 23.506712986054026
    },
    "val_re_rand": {
      "vol_loss": 0.10753463469445705,
      "surf_loss": 0.05514008602127433,
      "loss": 0.6589354949072003,
      "mae_surf_Ux": 0.554611417426956,
      "mae_vol_Ux": 1.9353527280723344,
      "mae_surf_Uy": 0.28540499188121515,
      "mae_vol_Uy": 0.7947622651526923,
      "mae_surf_p": 38.6355895242786,
      "mae_vol_p": 39.28490918686368
    }
  },
  "val_avg": {
    "avg/mae_surf_Ux": 0.49327532158963,
    "avg/mae_surf_Uy": 0.27417027077576794,
    "avg/mae_surf_p": 36.086021269782535,
    "avg/mae_vol_Ux": 1.9783844748355819,
    "avg/mae_vol_Uy": 0.7729650793036078,
    "avg/mae_vol_p": 38.87289750564045
  },
  "test_per_split": {
    "test_single_in_dist": {
      "vol_loss": 0.11490904126316309,
      "surf_loss": 0.10082199695636518,
      "loss": 1.1231290108268148,
      "mae_surf_Ux": 0.42966913685348274,
      "mae_vol_Ux": 1.8889172115325406,
      "mae_surf_Uy": 0.2562104139112962,
      "mae_vol_Uy": 0.6820342242675723,
      "mae_surf_p": 34.14591057299372,
      "mae_vol_p": 39.512210717879015
    },
    "test_geom_camber_rc": {
      "vol_loss": 0.11686108537018298,
      "surf_loss": 0.044998312536627054,
      "loss": 0.5668442107364535,
      "mae_surf_Ux": 0.7020334431932918,
      "mae_vol_Ux": 2.509293005088196,
      "mae_surf_Uy": 0.3643750978899719,
      "mae_vol_Uy": 1.0845763754776832,
      "mae_surf_p": 43.181826315449364,
      "mae_vol_p": 47.343515687299956
    },
    "test_geom_camber_cruise": {
      "vol_loss": 0.02628370021469891,
      "surf_loss": 0.006799824178451672,
      "loss": 0.09428194199921563,
      "mae_surf_Ux": 0.2741369725279997,
      "mae_vol_Ux": 1.3462559466559303,
      "mae_surf_Uy": 0.15288773243923448,
      "mae_vol_Uy": 0.41888533750513324,
      "mae_surf_p": 16.799511140659785,
      "mae_vol_p": 19.39455952590643
    },
    "test_re_rand": {
      "vol_loss": 0.05781919265165925,
      "surf_loss": 0.02372494280571118,
      "loss": 0.29506862070877105,
      "mae_surf_Ux": 0.44072971162430097,
      "mae_vol_Ux": 1.7512607586599043,
      "mae_surf_Uy": 0.2440333823558935,
      "mae_vol_Uy": 0.670850020505162,
      "mae_surf_p": 29.420426767098807,
      "mae_vol_p": 31.599172593415595
    }
  },
  "test_avg": {
    "avg/mae_surf_Ux": 0.4616423160497688,
    "avg/mae_surf_Uy": 0.25437665664909903,
    "avg/mae_surf_p": 30.88691869905042,
    "avg/mae_vol_Ux": 1.8739317304841427,
    "avg/mae_vol_Uy": 0.7140864894388876,
    "avg/mae_vol_p": 34.46236463112525
  }
}