{
  "models": [
    "models/model-ejvimr8w",
    "models/model-6pproozv",
    "models/model-u2phuy10",
    "models/model-wpj9rltw",
    "models/model-91gsowe3",
    "models/model-d1s8ok00"
  ],
  "val_per_split": {
    "val_single_in_dist": {
      "vol_loss": 0.09468068428337574,
      "surf_loss": 0.0787164067919366,
      "loss": 0.8818447522027417,
      "mae_surf_Ux": 0.37662849313227154,
      "mae_vol_Ux": 1.9753159188102016,
      "mae_surf_Uy": 0.24201709013434392,
      "mae_vol_Uy": 0.6816516193146985,
      "mae_surf_p": 35.06487345437269,
      "mae_vol_p": 39.51043347404539
    },
    "val_geom_camber_rc": {
      "vol_loss": 0.13626033052802086,
      "surf_loss": 0.05397200817242265,
      "loss": 0.6759804122522474,
      "mae_surf_Ux": 0.7448676069664402,
      "mae_vol_Ux": 2.6375052164350508,
      "mae_surf_Uy": 0.3962269533944217,
      "mae_vol_Uy": 1.1706269664112128,
      "mae_surf_p": 49.45946933986876,
      "mae_vol_p": 52.529159579838996
    },
    "val_geom_camber_cruise": {
      "vol_loss": 0.03373461425304413,
      "surf_loss": 0.011524211980868131,
      "loss": 0.14897673406172543,
      "mae_surf_Ux": 0.29384712484289793,
      "mae_vol_Ux": 1.4662749862591367,
      "mae_surf_Uy": 0.1714711573649562,
      "mae_vol_Uy": 0.4674779418096038,
      "mae_surf_p": 21.39326289765502,
      "mae_vol_p": 23.32830433438046
    },
    "val_re_rand": {
      "vol_loss": 0.10272803440690041,
      "surf_loss": 0.052708676368929445,
      "loss": 0.6298147980961948,
      "mae_surf_Ux": 0.5470033647837719,
      "mae_vol_Ux": 1.9624691940641192,
      "mae_surf_Uy": 0.2830299420335433,
      "mae_vol_Uy": 0.7956691139582761,
      "mae_surf_p": 38.06552781344241,
      "mae_vol_p": 38.51153906505051
    }
  },
  "val_avg": {
    "avg/mae_surf_Ux": 0.4905866474313454,
    "avg/mae_surf_Uy": 0.2731862857318163,
    "avg/mae_surf_p": 35.99578337633472,
    "avg/mae_vol_Ux": 2.010391328892127,
    "avg/mae_vol_Uy": 0.7788564103734478,
    "avg/mae_vol_p": 38.46985911332884
  },
  "test_per_split": {
    "test_single_in_dist": {
      "vol_loss": 0.11044423775747418,
      "surf_loss": 0.09843647539615631,
      "loss": 1.0948089917190373,
      "mae_surf_Ux": 0.44234088738994265,
      "mae_vol_Ux": 1.9239391896601457,
      "mae_surf_Uy": 0.25744501896097766,
      "mae_vol_Uy": 0.6948330788945029,
      "mae_surf_p": 34.534400035147705,
      "mae_vol_p": 38.7918978460623
    },
    "test_geom_camber_rc": {
      "vol_loss": 0.11795899726450443,
      "surf_loss": 0.04630109615623951,
      "loss": 0.5809699588268995,
      "mae_surf_Ux": 0.7036372754160233,
      "mae_vol_Ux": 2.5438485188667284,
      "mae_surf_Uy": 0.3634128032157297,
      "mae_vol_Uy": 1.0859696122602407,
      "mae_surf_p": 43.27583815842799,
      "mae_vol_p": 47.123251720819766
    },
    "test_geom_camber_cruise": {
      "vol_loss": 0.02729410357773304,
      "surf_loss": 0.006956266543711536,
      "loss": 0.0968567690148484,
      "mae_surf_Ux": 0.2660824132749,
      "mae_vol_Ux": 1.3719905447169831,
      "mae_surf_Uy": 0.1535625444126132,
      "mae_vol_Uy": 0.42423749787486437,
      "mae_surf_p": 17.129730007485623,
      "mae_vol_p": 19.490773059404276
    },
    "test_re_rand": {
      "vol_loss": 0.05726643254980445,
      "surf_loss": 0.023327630213461816,
      "loss": 0.2905427346844226,
      "mae_surf_Ux": 0.430786288893477,
      "mae_vol_Ux": 1.7689388942083628,
      "mae_surf_Uy": 0.241230540787236,
      "mae_vol_Uy": 0.6759641044091443,
      "mae_surf_p": 29.255203010551423,
      "mae_vol_p": 31.30221140783008
    }
  },
  "test_avg": {
    "avg/mae_surf_Ux": 0.46071171624358576,
    "avg/mae_surf_Uy": 0.2539127268441391,
    "avg/mae_surf_p": 31.048792802903186,
    "avg/mae_vol_Ux": 1.902179286863055,
    "avg/mae_vol_Uy": 0.7202510733596881,
    "avg/mae_vol_p": 34.17703350852911
  }
}