{
  "models": [
    "models/model-ejvimr8w",
    "models/model-6pproozv",
    "models/model-u2phuy10",
    "models/model-wpj9rltw",
    "models/model-91gsowe3"
  ],
  "val_per_split": {
    "val_single_in_dist": {
      "vol_loss": 0.09593890383839607,
      "surf_loss": 0.07889699207386001,
      "loss": 0.8849088245769963,
      "mae_surf_Ux": 0.37494593008066274,
      "mae_vol_Ux": 1.9779304400721012,
      "mae_surf_Uy": 0.2441647289805026,
      "mae_vol_Uy": 0.6874034866573887,
      "mae_surf_p": 35.10225721487109,
      "mae_vol_p": 39.91601495046861
    },
    "val_geom_camber_rc": {
      "vol_loss": 0.13877039812505246,
      "surf_loss": 0.054798484407365324,
      "loss": 0.6867552421987057,
      "mae_surf_Ux": 0.7460197481848748,
      "mae_vol_Ux": 2.638251387040673,
      "mae_surf_Uy": 0.39916908435541837,
      "mae_vol_Uy": 1.1698873653976294,
      "mae_surf_p": 49.474833624925076,
      "mae_vol_p": 53.105492344272974
    },
    "val_geom_camber_cruise": {
      "vol_loss": 0.033783338870853184,
      "surf_loss": 0.011670226794667542,
      "loss": 0.15048560681752862,
      "mae_surf_Ux": 0.2963419793662908,
      "mae_vol_Ux": 1.4652453370953573,
      "mae_surf_Uy": 0.17417204025962915,
      "mae_vol_Uy": 0.46980292997906015,
      "mae_surf_p": 21.460094003435582,
      "mae_vol_p": 23.52778397266472
    },
    "val_re_rand": {
      "vol_loss": 0.09916607733815909,
      "surf_loss": 0.05064606945961714,
      "loss": 0.6056267719343305,
      "mae_surf_Ux": 0.5444726051776304,
      "mae_vol_Ux": 1.952170951826698,
      "mae_surf_Uy": 0.28391083259713357,
      "mae_vol_Uy": 0.7923528265153643,
      "mae_surf_p": 37.63708179510635,
      "mae_vol_p": 38.47865214327976
    }
  },
  "val_avg": {
    "avg/mae_surf_Ux": 0.4904450657023647,
    "avg/mae_surf_Uy": 0.27535417154817093,
    "avg/mae_surf_p": 35.91856665958452,
    "avg/mae_vol_Ux": 2.0083995290087073,
    "avg/mae_vol_Uy": 0.7798616521373607,
    "avg/mae_vol_p": 38.75698585267152
  },
  "test_per_split": {
    "test_single_in_dist": {
      "vol_loss": 0.11012415437027812,
      "surf_loss": 0.09835750306374394,
      "loss": 1.0936991850077176,
      "mae_surf_Ux": 0.449067492433911,
      "mae_vol_Ux": 1.9233723835190197,
      "mae_surf_Uy": 0.26033764741763316,
      "mae_vol_Uy": 0.6995551056159178,
      "mae_surf_p": 34.91522082378279,
      "mae_vol_p": 39.246097599619276
    },
    "test_geom_camber_rc": {
      "vol_loss": 0.11858032345771789,
      "surf_loss": 0.046678618900477885,
      "loss": 0.5853665124624967,
      "mae_surf_Ux": 0.7007440381481388,
      "mae_vol_Ux": 2.5422224162315024,
      "mae_surf_Uy": 0.3656361755212938,
      "mae_vol_Uy": 1.0883341738995556,
      "mae_surf_p": 43.53758947732092,
      "mae_vol_p": 47.547421320189194
    },
    "test_geom_camber_cruise": {
      "vol_loss": 0.027177016949281096,
      "surf_loss": 0.006987307043746113,
      "loss": 0.09705008738674223,
      "mae_surf_Ux": 0.2691786050624879,
      "mae_vol_Ux": 1.3714237942477352,
      "mae_surf_Uy": 0.15587205430924286,
      "mae_vol_Uy": 0.4249453597224833,
      "mae_surf_p": 17.15508007586169,
      "mae_vol_p": 19.711957111494353
    },
    "test_re_rand": {
      "vol_loss": 0.056749366633594034,
      "surf_loss": 0.02301147743361071,
      "loss": 0.28686414096970114,
      "mae_surf_Ux": 0.4305462503297243,
      "mae_vol_Ux": 1.7623603066217908,
      "mae_surf_Uy": 0.24329252032270818,
      "mae_vol_Uy": 0.6759351497686595,
      "mae_surf_p": 29.31844057848342,
      "mae_vol_p": 31.5367823148062
    }
  },
  "test_avg": {
    "avg/mae_surf_Ux": 0.4623840964935655,
    "avg/mae_surf_Uy": 0.2562845993927195,
    "avg/mae_surf_p": 31.231582738862205,
    "avg/mae_vol_Ux": 1.899844725155012,
    "avg/mae_vol_Uy": 0.7221924472516541,
    "avg/mae_vol_p": 34.51056458652725
  }
}