{
  "models": [
    "models/model-9zzkx93b",
    "models/model-rn8corg4",
    "models/model-fydjunhq",
    "models/model-hgyfpk3n",
    "models/model-l91knfru"
  ],
  "val_per_split": {
    "val_single_in_dist": {
      "vol_loss": 0.07017291760072113,
      "surf_loss": 0.06995872195228003,
      "loss": 0.7697601371235214,
      "mae_surf_Ux": 0.26092387644281145,
      "mae_vol_Ux": 1.3777953498117692,
      "mae_surf_Uy": 0.19062653315214473,
      "mae_vol_Uy": 0.4693244616373895,
      "mae_surf_p": 28.395367655651704,
      "mae_vol_p": 29.231792839712966
    },
    "val_geom_camber_rc": {
      "vol_loss": 0.09187690787017345,
      "surf_loss": 0.03843872289173305,
      "loss": 0.47626413678750396,
      "mae_surf_Ux": 0.5612581214465358,
      "mae_vol_Ux": 2.0384519205922533,
      "mae_surf_Uy": 0.31960516081683743,
      "mae_vol_Uy": 0.9063899898625077,
      "mae_surf_p": 40.71140303804826,
      "mae_vol_p": 41.39543006094737
    },
    "val_geom_camber_cruise": {
      "vol_loss": 0.01903021794743836,
      "surf_loss": 0.008439510919852183,
      "loss": 0.1034253271459602,
      "mae_surf_Ux": 0.20868120601739387,
      "mae_vol_Ux": 1.01239611804275,
      "mae_surf_Uy": 0.12352285159787835,
      "mae_vol_Uy": 0.3273680950676112,
      "mae_surf_p": 15.28895036103908,
      "mae_vol_p": 15.748590177462711
    },
    "val_re_rand": {
      "vol_loss": 0.08441350057721138,
      "surf_loss": 0.05156478721182793,
      "loss": 0.6000613726954908,
      "mae_surf_Ux": 0.42233094309005814,
      "mae_vol_Ux": 1.4496227593625388,
      "mae_surf_Uy": 0.23151678431604572,
      "mae_vol_Uy": 0.6001057593495254,
      "mae_surf_p": 32.32269245975651,
      "mae_vol_p": 30.955836207000846
    }
  },
  "val_avg": {
    "avg/mae_surf_Ux": 0.3632985367491998,
    "avg/mae_surf_Uy": 0.21631783247072656,
    "avg/mae_surf_p": 29.179603378623888,
    "avg/mae_vol_Ux": 1.4695665369523279,
    "avg/mae_vol_Uy": 0.5757970764792585,
    "avg/mae_vol_p": 29.332912321280972
  },
  "test_per_split": {
    "test_single_in_dist": {
      "vol_loss": 0.09042475251480937,
      "surf_loss": 0.10423069176380523,
      "loss": 1.1327316701528616,
      "mae_surf_Ux": 0.3107725647168326,
      "mae_vol_Ux": 1.3605831455931352,
      "mae_surf_Uy": 0.19276822721021644,
      "mae_vol_Uy": 0.4773906902090322,
      "mae_surf_p": 27.973868098111875,
      "mae_vol_p": 29.107337916672336
    },
    "test_geom_camber_rc": {
      "vol_loss": 0.09141956213861704,
      "surf_loss": 0.03910425579175353,
      "loss": 0.4824621200561523,
      "mae_surf_Ux": 0.5396893544307308,
      "mae_vol_Ux": 1.9894882451195195,
      "mae_surf_Uy": 0.2990837898525989,
      "mae_vol_Uy": 0.8429898043872548,
      "mae_surf_p": 37.07870197553658,
      "mae_vol_p": 38.339229942011265
    },
    "test_geom_camber_cruise": {
      "vol_loss": 0.015015369639731943,
      "surf_loss": 0.004752745146397501,
      "loss": 0.06254282110370696,
      "mae_surf_Ux": 0.18758811654144808,
      "mae_vol_Ux": 0.935502374648883,
      "mae_surf_Uy": 0.10760792273057576,
      "mae_vol_Uy": 0.29326874862917307,
      "mae_surf_p": 11.79609012498602,
      "mae_vol_p": 12.787263396096474
    },
    "test_re_rand": {
      "vol_loss": 0.037223766967654226,
      "surf_loss": 0.01882609513704665,
      "loss": 0.22548471833812073,
      "mae_surf_Ux": 0.31838350933704523,
      "mae_vol_Ux": 1.2744484027498293,
      "mae_surf_Uy": 0.18896107496956935,
      "mae_vol_Uy": 0.4878983700771969,
      "mae_surf_p": 23.559456784324983,
      "mae_vol_p": 23.474640398551347
    }
  },
  "test_avg": {
    "avg/mae_surf_Ux": 0.3391083862565142,
    "avg/mae_surf_Uy": 0.1971052536907401,
    "avg/mae_surf_p": 25.102029245739864,
    "avg/mae_vol_Ux": 1.3900055420278417,
    "avg/mae_vol_Uy": 0.5253869033256642,
    "avg/mae_vol_p": 25.927117913332857
  }
}