{
  "models": [
    "models/model-x5t9akcb",
    "models/model-gjvjqbw3",
    "models/model-xy0gvrye",
    "models/model-j4y1x62c"
  ],
  "val_per_split": {
    "val_single_in_dist": {
      "vol_loss": 0.1292106346040964,
      "surf_loss": 0.08075456959661097,
      "loss": 0.9367563305702061,
      "mae_surf_Ux": 0.5572659591393041,
      "mae_vol_Ux": 2.5587444160307924,
      "mae_surf_Uy": 0.30431885360453637,
      "mae_vol_Uy": 0.9200094814378287,
      "mae_surf_p": 44.480171379615896,
      "mae_vol_p": 52.4383129585167
    },
    "val_geom_camber_rc": {
      "vol_loss": 0.18552590519189835,
      "surf_loss": 0.0708876895159483,
      "loss": 0.8944028003513814,
      "mae_surf_Ux": 1.003902218396647,
      "mae_vol_Ux": 3.195550612083622,
      "mae_surf_Uy": 0.47337508550267243,
      "mae_vol_Uy": 1.4754987492682086,
      "mae_surf_p": 59.556099328484706,
      "mae_vol_p": 63.99508316498434
    },
    "val_geom_camber_cruise": {
      "vol_loss": 0.049334049001336096,
      "surf_loss": 0.016516351017635315,
      "loss": 0.21449755917768926,
      "mae_surf_Ux": 0.3813545982017706,
      "mae_vol_Ux": 1.8511519760291237,
      "mae_surf_Uy": 0.2153585771799234,
      "mae_vol_Uy": 0.588303191958511,
      "mae_surf_p": 28.60997592327002,
      "mae_vol_p": 31.24352219015377
    },
    "val_re_rand": {
      "vol_loss": 0.1350149255990982,
      "surf_loss": 0.06157884022220969,
      "loss": 0.7508033278211952,
      "mae_surf_Ux": 0.7113885419375039,
      "mae_vol_Ux": 2.406834588371083,
      "mae_surf_Uy": 0.34289470419924156,
      "mae_vol_Uy": 0.9916939474511282,
      "mae_surf_p": 45.62833594720029,
      "mae_vol_p": 47.33046725324112
    }
  },
  "val_avg": {
    "avg/mae_surf_Ux": 0.6634778294188064,
    "avg/mae_surf_Uy": 0.33398680512159346,
    "avg/mae_surf_p": 44.56864564464273,
    "avg/mae_vol_Ux": 2.503070398128655,
    "avg/mae_vol_Uy": 0.9938763425289191,
    "avg/mae_vol_p": 48.75184639172398
  },
  "test_per_split": {
    "test_single_in_dist": {
      "vol_loss": 0.15519267205148934,
      "surf_loss": 0.12088200244586915,
      "loss": 1.3640126965101809,
      "mae_surf_Ux": 0.5831724950677316,
      "mae_vol_Ux": 2.3900221030040036,
      "mae_surf_Uy": 0.3048478483027757,
      "mae_vol_Uy": 0.9039183349948245,
      "mae_surf_p": 42.16902606994033,
      "mae_vol_p": 50.27590539078473
    },
    "test_geom_camber_rc": {
      "vol_loss": 0.15828033454716206,
      "surf_loss": 0.057987618017941715,
      "loss": 0.7381565147265792,
      "mae_surf_Ux": 0.9643252211966495,
      "mae_vol_Ux": 3.0829215133321988,
      "mae_surf_Uy": 0.4424458940643572,
      "mae_vol_Uy": 1.3695090409567063,
      "mae_surf_p": 51.38571463730601,
      "mae_vol_p": 58.15216949941378
    },
    "test_geom_camber_cruise": {
      "vol_loss": 0.039114699456840755,
      "surf_loss": 0.009997498750453814,
      "loss": 0.1390896869613789,
      "mae_surf_Ux": 0.3465184948121902,
      "mae_vol_Ux": 1.7060554710931168,
      "mae_surf_Uy": 0.19393900615644039,
      "mae_vol_Uy": 0.533663477518578,
      "mae_surf_p": 23.194812472407975,
      "mae_vol_p": 26.50118321592691
    },
    "test_re_rand": {
      "vol_loss": 0.08337496936321259,
      "surf_loss": 0.0321289598243311,
      "loss": 0.40466456760652364,
      "mae_surf_Ux": 0.5850754614537031,
      "mae_vol_Ux": 2.2135460356767482,
      "mae_surf_Uy": 0.30443220533116094,
      "mae_vol_Uy": 0.8618573007511799,
      "mae_surf_p": 37.272612302113316,
      "mae_vol_p": 40.69895252416658
    }
  },
  "test_avg": {
    "avg/mae_surf_Ux": 0.6197729181325686,
    "avg/mae_surf_Uy": 0.31141623846368355,
    "avg/mae_surf_p": 38.505541370441904,
    "avg/mae_vol_Ux": 2.348136280776517,
    "avg/mae_vol_Uy": 0.9172370385553222,
    "avg/mae_vol_p": 43.907052657573
  }
}