{
  "models": [
    "models/model-ypb07aty",
    "models/model-vo48r551",
    "models/model-j1szokjr",
    "models/model-fjllis51",
    "models/model-6kh8u2p0",
    "models/model-ubqksdo4",
    "models/model-tg4z09ci",
    "models/model-duhcdfho"
  ],
  "val_per_split": {
    "val_single_in_dist": {
      "vol_loss": 0.0819268206693232,
      "surf_loss": 0.07296474646194838,
      "loss": 0.811574285288807,
      "mae_surf_Ux": 0.2878265403144311,
      "mae_vol_Ux": 1.6147281175436325,
      "mae_surf_Uy": 0.20837023332538335,
      "mae_vol_Uy": 0.555626575577881,
      "mae_surf_p": 30.905574958445897,
      "mae_vol_p": 34.18413767164481
    },
    "val_geom_camber_rc": {
      "vol_loss": 0.10988575242459774,
      "surf_loss": 0.044484722996130585,
      "loss": 0.5547329823859036,
      "mae_surf_Ux": 0.6192027518306497,
      "mae_vol_Ux": 2.293232973825229,
      "mae_surf_Uy": 0.3477139393483786,
      "mae_vol_Uy": 1.0179208696316477,
      "mae_surf_p": 43.77528030641426,
      "mae_vol_p": 45.795437997391424
    },
    "val_geom_camber_cruise": {
      "vol_loss": 0.02508815413340926,
      "surf_loss": 0.009683361490024254,
      "loss": 0.12192176903365179,
      "mae_surf_Ux": 0.24047357208879264,
      "mae_vol_Ux": 1.222307694936321,
      "mae_surf_Uy": 0.14574276290976906,
      "mae_vol_Uy": 0.38802218642452413,
      "mae_surf_p": 17.594516610083378,
      "mae_vol_p": 18.600259410334985
    },
    "val_re_rand": {
      "vol_loss": 0.09021730717271566,
      "surf_loss": 0.048139024814590814,
      "loss": 0.5716075553186238,
      "mae_surf_Ux": 0.4660133825497769,
      "mae_vol_Ux": 1.66528754827741,
      "mae_surf_Uy": 0.24984368645841729,
      "mae_vol_Uy": 0.6853608559220704,
      "mae_surf_p": 33.777586801974195,
      "mae_vol_p": 33.36817398522834
    }
  },
  "val_avg": {
    "avg/mae_surf_Ux": 0.4033790616959126,
    "avg/mae_surf_Uy": 0.23791765551048707,
    "avg/mae_surf_p": 31.51323966922943,
    "avg/mae_vol_Ux": 1.698889083645648,
    "avg/mae_vol_Uy": 0.6617326218890308,
    "avg/mae_vol_p": 32.98700226614989
  },
  "test_per_split": {
    "test_single_in_dist": {
      "vol_loss": 0.09797628371044993,
      "surf_loss": 0.0927203554881271,
      "loss": 1.0251798385917208,
      "mae_surf_Ux": 0.3376652489540607,
      "mae_vol_Ux": 1.5741646729650365,
      "mae_surf_Uy": 0.21598857435360386,
      "mae_vol_Uy": 0.5648624411561001,
      "mae_surf_p": 30.45939587036457,
      "mae_vol_p": 33.723058368792564
    },
    "test_geom_camber_rc": {
      "vol_loss": 0.10040919546037913,
      "surf_loss": 0.04000779014080763,
      "loss": 0.5004870968684554,
      "mae_surf_Ux": 0.6023105503815689,
      "mae_vol_Ux": 2.215459081681222,
      "mae_surf_Uy": 0.32427862978881666,
      "mae_vol_Uy": 0.9429560835002451,
      "mae_surf_p": 39.094004585857384,
      "mae_vol_p": 41.72637397772068
    },
    "test_geom_camber_cruise": {
      "vol_loss": 0.02007128090132028,
      "surf_loss": 0.005482137668295763,
      "loss": 0.0748926575842779,
      "mae_surf_Ux": 0.21677007214041275,
      "mae_vol_Ux": 1.1403301518273774,
      "mae_surf_Uy": 0.12801268315837266,
      "mae_vol_Uy": 0.3497791283779184,
      "mae_surf_p": 13.730736429211401,
      "mae_vol_p": 15.25657217458417
    },
    "test_re_rand": {
      "vol_loss": 0.044962172862142324,
      "surf_loss": 0.01976728907553479,
      "loss": 0.24263506361749024,
      "mae_surf_Ux": 0.3554553051488954,
      "mae_vol_Ux": 1.4884076236189745,
      "mae_surf_Uy": 0.20814782928599618,
      "mae_vol_Uy": 0.5662046432099618,
      "mae_surf_p": 25.16480751394659,
      "mae_vol_p": 26.210309023058624
    }
  },
  "test_avg": {
    "avg/mae_surf_Ux": 0.3780502941562344,
    "avg/mae_surf_Uy": 0.21910692914669733,
    "avg/mae_surf_p": 27.112236099844985,
    "avg/mae_vol_Ux": 1.6045903825231527,
    "avg/mae_vol_Uy": 0.6059505740610563,
    "avg/mae_vol_p": 29.22907838603901
  }
}