{
  "models": [
    "models/model-ejvimr8w",
    "models/model-6pproozv",
    "models/model-u2phuy10",
    "models/model-wpj9rltw",
    "models/model-91gsowe3",
    "models/model-c3aaqyun",
    "models/model-d1s8ok00"
  ],
  "val_per_split": {
    "val_single_in_dist": {
      "vol_loss": 0.09401924815028906,
      "surf_loss": 0.07764251496875658,
      "loss": 0.8704443978378549,
      "mae_surf_Ux": 0.3772681768397801,
      "mae_vol_Ux": 1.9938740676884499,
      "mae_surf_Uy": 0.24100624743534524,
      "mae_vol_Uy": 0.687798266317798,
      "mae_surf_p": 34.8699786861473,
      "mae_vol_p": 39.3322388080005
    },
    "val_geom_camber_rc": {
      "vol_loss": 0.13747129149734974,
      "surf_loss": 0.05451723895967007,
      "loss": 0.6826436810940504,
      "mae_surf_Ux": 0.7525973862927747,
      "mae_vol_Ux": 2.662344687874785,
      "mae_surf_Uy": 0.3978253862457703,
      "mae_vol_Uy": 1.184382699265867,
      "mae_surf_p": 49.71652766317194,
      "mae_vol_p": 52.6848503850791
    },
    "val_geom_camber_cruise": {
      "vol_loss": 0.034143281318247315,
      "surf_loss": 0.011635397200006992,
      "loss": 0.15049725331831723,
      "mae_surf_Ux": 0.29448129651008864,
      "mae_vol_Ux": 1.4850867378928807,
      "mae_surf_Uy": 0.17246570063749622,
      "mae_vol_Uy": 0.468241292598654,
      "mae_surf_p": 21.56901397886658,
      "mae_vol_p": 23.393492053449968
    },
    "val_re_rand": {
      "vol_loss": 0.10224005743861199,
      "surf_loss": 0.05164912866428494,
      "loss": 0.6187313440814614,
      "mae_surf_Ux": 0.5468314340366063,
      "mae_vol_Ux": 1.9808088704078965,
      "mae_surf_Uy": 0.2837780432855906,
      "mae_vol_Uy": 0.7991359509107544,
      "mae_surf_p": 37.9004150558708,
      "mae_vol_p": 38.40601012834542
    }
  },
  "val_avg": {
    "avg/mae_surf_Ux": 0.4927945734198124,
    "avg/mae_surf_Uy": 0.2737688444010506,
    "avg/mae_surf_p": 36.013983846014156,
    "avg/mae_vol_Ux": 2.030528590966003,
    "avg/mae_vol_Uy": 0.7848895522732684,
    "avg/mae_vol_p": 38.454147843718744
  },
  "test_per_split": {
    "test_single_in_dist": {
      "vol_loss": 0.11268828645348548,
      "surf_loss": 0.09878894969820977,
      "loss": 1.1005777834355832,
      "mae_surf_Ux": 0.44460964081059146,
      "mae_vol_Ux": 1.9475959047562974,
      "mae_surf_Uy": 0.25886069520026694,
      "mae_vol_Uy": 0.7027555245491244,
      "mae_surf_p": 34.57373952276705,
      "mae_vol_p": 38.80461951636161
    },
    "test_geom_camber_rc": {
      "vol_loss": 0.119632488489151,
      "surf_loss": 0.046545423856005075,
      "loss": 0.5850867270492017,
      "mae_surf_Ux": 0.7104590722377757,
      "mae_vol_Ux": 2.5721185497952663,
      "mae_surf_Uy": 0.36636800121940355,
      "mae_vol_Uy": 1.0977756220822519,
      "mae_surf_p": 43.37101489409742,
      "mae_vol_p": 47.331072352683016
    },
    "test_geom_camber_cruise": {
      "vol_loss": 0.027627491978928446,
      "surf_loss": 0.007007040957687422,
      "loss": 0.09769790155580267,
      "mae_surf_Ux": 0.2683928986744776,
      "mae_vol_Ux": 1.3895092516392382,
      "mae_surf_Uy": 0.1537164369859488,
      "mae_vol_Uy": 0.4254353531094698,
      "mae_surf_p": 17.24841637187473,
      "mae_vol_p": 19.58369730194638
    },
    "test_re_rand": {
      "vol_loss": 0.05776628086343408,
      "surf_loss": 0.02329622978810221,
      "loss": 0.2907285787444562,
      "mae_surf_Ux": 0.43150982553809925,
      "mae_vol_Ux": 1.7890156069833898,
      "mae_surf_Uy": 0.2425133558804567,
      "mae_vol_Uy": 0.6799264217266849,
      "mae_surf_p": 29.260521966179034,
      "mae_vol_p": 31.37683628001878
    }
  },
  "test_avg": {
    "avg/mae_surf_Ux": 0.463742859315236,
    "avg/mae_surf_Uy": 0.255364622321519,
    "avg/mae_surf_p": 31.11342318872956,
    "avg/mae_vol_Ux": 1.9245598282935479,
    "avg/mae_vol_Uy": 0.7264732303668827,
    "avg/mae_vol_p": 34.27405636275245
  }
}