{
  "ckpt": "models/model-x5t9akcb/checkpoint.pt",
  "config": {
    "dropout": 0.0,
    "fun_dim": 22,
    "mlp_ratio": 2,
    "n_head": 4,
    "n_hidden": 128,
    "n_layers": 2,
    "out_dim": 3,
    "output_dims": [
      1,
      1,
      1
    ],
    "output_fields": [
      "Ux",
      "Uy",
      "p"
    ],
    "slice_num": 64,
    "space_dim": 2,
    "use_eidetic": false
  },
  "n_params": 298891,
  "val_per_split": {
    "val_single_in_dist": {
      "vol_loss": 0.154377783536911,
      "surf_loss": 0.09886087315157056,
      "loss": 1.1429865150526166,
      "mae_surf_Ux": 0.684856021332755,
      "mae_vol_Ux": 2.815269796969008,
      "mae_surf_Uy": 0.3568097623438711,
      "mae_vol_Uy": 1.037881933635758,
      "mae_surf_p": 52.67698007821659,
      "mae_vol_p": 63.699504470713855
    },
    "val_geom_camber_rc": {
      "vol_loss": 0.2052517479658127,
      "surf_loss": 0.07549685910344124,
      "loss": 0.9602203390002251,
      "mae_surf_Ux": 1.163473215024248,
      "mae_vol_Ux": 3.3987779490461447,
      "mae_surf_Uy": 0.5176865319642424,
      "mae_vol_Uy": 1.5719417630310182,
      "mae_surf_p": 63.27858935757262,
      "mae_vol_p": 71.14743654713354
    },
    "val_geom_camber_cruise": {
      "vol_loss": 0.05763313341885805,
      "surf_loss": 0.019206381891854106,
      "loss": 0.24969695233739914,
      "mae_surf_Ux": 0.47798088512121034,
      "mae_vol_Ux": 2.027006087288602,
      "mae_surf_Uy": 0.2596991293665392,
      "mae_vol_Uy": 0.668894760979758,
      "mae_surf_p": 33.2637002090672,
      "mae_vol_p": 37.48869561151715
    },
    "val_re_rand": {
      "vol_loss": 0.1461697192490101,
      "surf_loss": 0.06548423135653138,
      "loss": 0.8010120328143239,
      "mae_surf_Ux": 0.8310340752959875,
      "mae_vol_Ux": 2.598445097886078,
      "mae_surf_Uy": 0.38912267386834404,
      "mae_vol_Uy": 1.0832952714120416,
      "mae_surf_p": 50.47042245768933,
      "mae_vol_p": 54.20517859381339
    }
  },
  "val_avg": {
    "avg/mae_surf_Ux": 0.7893360491935502,
    "avg/mae_surf_Uy": 0.3808295243857492,
    "avg/mae_surf_p": 49.922423025636434,
    "avg/mae_vol_Ux": 2.7098747327974584,
    "avg/mae_vol_Uy": 1.090503432264644,
    "avg/mae_vol_p": 56.63520380579448
  },
  "test_per_split": {
    "test_single_in_dist": {
      "vol_loss": 0.18100622754544018,
      "surf_loss": 0.14217926456592977,
      "loss": 1.602798873204738,
      "mae_surf_Ux": 0.732292940115046,
      "mae_vol_Ux": 2.626601147941281,
      "mae_surf_Uy": 0.3542876914730907,
      "mae_vol_Uy": 1.013166858922868,
      "mae_surf_p": 49.16885602416715,
      "mae_vol_p": 60.83820179444179
    },
    "test_geom_camber_rc": {
      "vol_loss": 0.17482911691069603,
      "surf_loss": 0.06449612334370614,
      "loss": 0.8197903503477574,
      "mae_surf_Ux": 1.1287905610895876,
      "mae_vol_Ux": 3.3100405053942907,
      "mae_surf_Uy": 0.4949498783286996,
      "mae_vol_Uy": 1.4766754733142913,
      "mae_surf_p": 56.544095601746236,
      "mae_vol_p": 65.77326775352131
    },
    "test_geom_camber_cruise": {
      "vol_loss": 0.04624221181496978,
      "surf_loss": 0.011921291889157146,
      "loss": 0.16545513070654122,
      "mae_surf_Ux": 0.4407526555694068,
      "mae_vol_Ux": 1.8764597144673099,
      "mae_surf_Uy": 0.23340464284494214,
      "mae_vol_Uy": 0.6090474940741571,
      "mae_surf_p": 27.49332587334391,
      "mae_vol_p": 32.79148817170613
    },
    "test_re_rand": {
      "vol_loss": 0.09447974190115929,
      "surf_loss": 0.03614452442154288,
      "loss": 0.45592498611658805,
      "mae_surf_Ux": 0.6897937229387531,
      "mae_vol_Ux": 2.401320313156977,
      "mae_surf_Uy": 0.34925434069665423,
      "mae_vol_Uy": 0.9487346022409593,
      "mae_surf_p": 41.87317832964392,
      "mae_vol_p": 48.0095076970726
    }
  },
  "test_avg": {
    "avg/mae_surf_Ux": 0.7479074699281983,
    "avg/mae_surf_Uy": 0.3579741383358467,
    "avg/mae_surf_p": 43.769863957225304,
    "avg/mae_vol_Ux": 2.5536054202399647,
    "avg/mae_vol_Uy": 1.0119061071380688,
    "avg/mae_vol_p": 51.85311635418546
  }
}