{
  "models": [
    "models/model-ejvimr8w",
    "models/model-c3aaqyun",
    "models/model-d1s8ok00"
  ],
  "val_per_split": {
    "val_single_in_dist": {
      "vol_loss": 0.10147457290440798,
      "surf_loss": 0.07765252493321896,
      "loss": 0.8779998222365976,
      "mae_surf_Ux": 0.4390171863479129,
      "mae_vol_Ux": 2.1519338417699365,
      "mae_surf_Uy": 0.26410790821414654,
      "mae_vol_Uy": 0.7573061697749646,
      "mae_surf_p": 37.807554338969815,
      "mae_vol_p": 44.348567348867675
    },
    "val_geom_camber_rc": {
      "vol_loss": 0.14281594783067703,
      "surf_loss": 0.05655312310904265,
      "loss": 0.7083471789211035,
      "mae_surf_Ux": 0.8206417228188032,
      "mae_vol_Ux": 2.7919249253144933,
      "mae_surf_Uy": 0.4178934963048042,
      "mae_vol_Uy": 1.2597341746724622,
      "mae_surf_p": 52.234801400852206,
      "mae_vol_p": 55.656286667963776
    },
    "val_geom_camber_cruise": {
      "vol_loss": 0.03775369137525558,
      "surf_loss": 0.012390471519902349,
      "loss": 0.16165840657427907,
      "mae_surf_Ux": 0.3374809941354004,
      "mae_vol_Ux": 1.5965413845094327,
      "mae_surf_Uy": 0.1898639347119777,
      "mae_vol_Uy": 0.5067306603543583,
      "mae_surf_p": 23.349927411179532,
      "mae_vol_p": 26.141868668031346
    },
    "val_re_rand": {
      "vol_loss": 0.1162831162661314,
      "surf_loss": 0.05673480675555766,
      "loss": 0.683631183821708,
      "mae_surf_Ux": 0.6042882614234639,
      "mae_vol_Ux": 2.115644565220883,
      "mae_surf_Uy": 0.3052576183829102,
      "mae_vol_Uy": 0.8612079206540215,
      "mae_surf_p": 40.96963148692914,
      "mae_vol_p": 42.40328593688852
    }
  },
  "val_avg": {
    "avg/mae_surf_Ux": 0.5503570411813952,
    "avg/mae_surf_Uy": 0.29428073940345967,
    "avg/mae_surf_p": 38.59047865948267,
    "avg/mae_vol_Ux": 2.1640111792036865,
    "avg/mae_vol_Uy": 0.8462447313639516,
    "avg/mae_vol_p": 42.13750215543783
  },
  "test_per_split": {
    "test_single_in_dist": {
      "vol_loss": 0.12352552749216557,
      "surf_loss": 0.10089054309995844,
      "loss": 1.13243095849175,
      "mae_surf_Ux": 0.48598940850078115,
      "mae_vol_Ux": 2.0882501363192105,
      "mae_surf_Uy": 0.27743581076331697,
      "mae_vol_Uy": 0.7601041269982765,
      "mae_surf_p": 36.492498089919614,
      "mae_vol_p": 42.55325404312595
    },
    "test_geom_camber_rc": {
      "vol_loss": 0.12692741729319096,
      "surf_loss": 0.04783111898228526,
      "loss": 0.6052386071160436,
      "mae_surf_Ux": 0.7818768579781894,
      "mae_vol_Ux": 2.715271437833978,
      "mae_surf_Uy": 0.39008646242526984,
      "mae_vol_Uy": 1.1700059137675156,
      "mae_surf_p": 45.60598716504894,
      "mae_vol_p": 50.941222708266615
    },
    "test_geom_camber_cruise": {
      "vol_loss": 0.03067613681778312,
      "surf_loss": 0.007653751403558999,
      "loss": 0.10721365085337312,
      "mae_surf_Ux": 0.3055077403337358,
      "mae_vol_Ux": 1.487688776299325,
      "mae_surf_Uy": 0.16776828389127654,
      "mae_vol_Uy": 0.4617460627725356,
      "mae_surf_p": 18.934870377216168,
      "mae_vol_p": 22.097570281754294
    },
    "test_re_rand": {
      "vol_loss": 0.06462153762578965,
      "surf_loss": 0.025431792279705406,
      "loss": 0.3189394604228437,
      "mae_surf_Ux": 0.4834213060810581,
      "mae_vol_Ux": 1.9201807276533298,
      "mae_surf_Uy": 0.26386166727300414,
      "mae_vol_Uy": 0.7349934051653378,
      "mae_surf_p": 31.673553350079054,
      "mae_vol_p": 34.65434189348797
    }
  },
  "test_avg": {
    "avg/mae_surf_Ux": 0.5141988282234411,
    "avg/mae_surf_Uy": 0.2747880560882169,
    "avg/mae_surf_p": 33.17672724556594,
    "avg/mae_vol_Ux": 2.0528477695264606,
    "avg/mae_vol_Uy": 0.7817123771759164,
    "avg/mae_vol_p": 37.56159723165871
  }
}