{
  "models": [
    "models/model-9zzkx93b",
    "models/model-hgyfpk3n",
    "models/model-rn8corg4",
    "models/model-l91knfru",
    "models/model-bejxwr09",
    "models/model-8h6hggee",
    "models/model-ypb07aty",
    "models/model-zlqil55y"
  ],
  "val_per_split": {
    "val_single_in_dist": {
      "vol_loss": 0.07239053546451032,
      "surf_loss": 0.07129557787440717,
      "loss": 0.785346314208582,
      "mae_surf_Ux": 0.2521773502443251,
      "mae_vol_Ux": 1.3862358966435584,
      "mae_surf_Uy": 0.18900968402013335,
      "mae_vol_Uy": 0.4690186143333716,
      "mae_surf_p": 28.421048195539374,
      "mae_vol_p": 29.118302526417168
    },
    "val_geom_camber_rc": {
      "vol_loss": 0.09475141286849975,
      "surf_loss": 0.039477955726906655,
      "loss": 0.4895309701375663,
      "mae_surf_Ux": 0.5595555084565508,
      "mae_vol_Ux": 2.0481691961590647,
      "mae_surf_Uy": 0.31779726359168015,
      "mae_vol_Uy": 0.9079256772413831,
      "mae_surf_p": 41.207434572244686,
      "mae_vol_p": 42.082841901586264
    },
    "val_geom_camber_cruise": {
      "vol_loss": 0.019578919792547823,
      "surf_loss": 0.008255953597836197,
      "loss": 0.10213845577090978,
      "mae_surf_Ux": 0.20619937468631158,
      "mae_vol_Ux": 1.0340161736358604,
      "mae_surf_Uy": 0.1219295609876881,
      "mae_vol_Uy": 0.3277948556365,
      "mae_surf_p": 14.94017437460397,
      "mae_vol_p": 15.40758319510307
    },
    "val_re_rand": {
      "vol_loss": 0.08399133235216141,
      "surf_loss": 0.0498648944683373,
      "loss": 0.5826402770355344,
      "mae_surf_Ux": 0.41714312432839,
      "mae_vol_Ux": 1.4594289951669752,
      "mae_surf_Uy": 0.23179046810473095,
      "mae_vol_Uy": 0.6058861447052029,
      "mae_surf_p": 31.97532451093985,
      "mae_vol_p": 30.639282121863932
    }
  },
  "val_avg": {
    "avg/mae_surf_Ux": 0.35876883942889437,
    "avg/mae_surf_Uy": 0.21513174417605813,
    "avg/mae_surf_p": 29.13599541333197,
    "avg/mae_vol_Ux": 1.4819625654013646,
    "avg/mae_vol_Uy": 0.5776563229791144,
    "avg/mae_vol_p": 29.312002436242608
  },
  "test_per_split": {
    "test_single_in_dist": {
      "vol_loss": 0.08798939939588309,
      "surf_loss": 0.09637203040678287,
      "loss": 1.0517097034637117,
      "mae_surf_Ux": 0.2962211578971487,
      "mae_vol_Ux": 1.3530139729760409,
      "mae_surf_Uy": 0.18857422608159338,
      "mae_vol_Uy": 0.4706909214467946,
      "mae_surf_p": 27.41969590155966,
      "mae_vol_p": 27.999829266144467
    },
    "test_geom_camber_rc": {
      "vol_loss": 0.09064268305897713,
      "surf_loss": 0.03853065054863691,
      "loss": 0.4759491885453463,
      "mae_surf_Ux": 0.5418713690730026,
      "mae_vol_Ux": 1.9843767264167385,
      "mae_surf_Uy": 0.29846106102322423,
      "mae_vol_Uy": 0.8414188895271976,
      "mae_surf_p": 36.87275065569299,
      "mae_vol_p": 38.17817621341283
    },
    "test_geom_camber_cruise": {
      "vol_loss": 0.015465623941272497,
      "surf_loss": 0.004668185672198888,
      "loss": 0.062147480663261374,
      "mae_surf_Ux": 0.18413103543319703,
      "mae_vol_Ux": 0.9532153993104467,
      "mae_surf_Uy": 0.10710812301631385,
      "mae_vol_Uy": 0.2931848713799479,
      "mae_surf_p": 11.592034514898527,
      "mae_vol_p": 12.5252226208864
    },
    "test_re_rand": {
      "vol_loss": 0.03744632985442877,
      "surf_loss": 0.018564622823614627,
      "loss": 0.22309255809057504,
      "mae_surf_Ux": 0.31555541019608574,
      "mae_vol_Ux": 1.2840550617558586,
      "mae_surf_Uy": 0.18663580760882795,
      "mae_vol_Uy": 0.4885010252683484,
      "mae_surf_p": 23.084503350867763,
      "mae_vol_p": 23.00112172449426
    }
  },
  "test_avg": {
    "avg/mae_surf_Ux": 0.3344447431498585,
    "avg/mae_surf_Uy": 0.19519480443248985,
    "avg/mae_surf_p": 24.742246105754734,
    "avg/mae_vol_Ux": 1.3936652901147712,
    "avg/mae_vol_Uy": 0.5234489269055721,
    "avg/mae_vol_p": 25.42608745623449
  }
}