{
  "models": [
    "models/model-9zzkx93b",
    "models/model-hgyfpk3n",
    "models/model-rn8corg4",
    "models/model-l91knfru",
    "models/model-bejxwr09",
    "models/model-8h6hggee"
  ],
  "val_per_split": {
    "val_single_in_dist": {
      "vol_loss": 0.07204307779669762,
      "surf_loss": 0.07180540309869685,
      "loss": 0.7900971087836661,
      "mae_surf_Ux": 0.25934279777323077,
      "mae_vol_Ux": 1.3769905653569814,
      "mae_surf_Uy": 0.18966824927305176,
      "mae_vol_Uy": 0.4706188120124441,
      "mae_surf_p": 28.51525754120586,
      "mae_vol_p": 29.38349380088926
    },
    "val_geom_camber_rc": {
      "vol_loss": 0.09532814562320709,
      "surf_loss": 0.03998443483375013,
      "loss": 0.4951724939607084,
      "mae_surf_Ux": 0.5623094416791923,
      "mae_vol_Ux": 2.0446081360979065,
      "mae_surf_Uy": 0.32014495673062204,
      "mae_vol_Uy": 0.9087615812889016,
      "mae_surf_p": 41.3343904176136,
      "mae_vol_p": 42.28268930806563
    },
    "val_geom_camber_cruise": {
      "vol_loss": 0.019366320902481676,
      "surf_loss": 0.008208558106562123,
      "loss": 0.10145190196810291,
      "mae_surf_Ux": 0.20801303575370042,
      "mae_vol_Ux": 1.0270175919708282,
      "mae_surf_Uy": 0.12263887210313715,
      "mae_vol_Uy": 0.3281449476346661,
      "mae_surf_p": 15.086581160171983,
      "mae_vol_p": 15.586149541837917
    },
    "val_re_rand": {
      "vol_loss": 0.08299002220854163,
      "surf_loss": 0.04954081788426265,
      "loss": 0.5783982010511681,
      "mae_surf_Ux": 0.4168802605867844,
      "mae_vol_Ux": 1.4539275807415228,
      "mae_surf_Uy": 0.23186254887719412,
      "mae_vol_Uy": 0.6028441195898369,
      "mae_surf_p": 31.839239247180178,
      "mae_vol_p": 30.657905479247177
    }
  },
  "val_avg": {
    "avg/mae_surf_Ux": 0.36163638394822695,
    "avg/mae_surf_Uy": 0.21607865674600127,
    "avg/mae_surf_p": 29.193867091542906,
    "avg/mae_vol_Ux": 1.4756359685418097,
    "avg/mae_vol_Uy": 0.5775923651314622,
    "avg/mae_vol_p": 29.477559532509996
  },
  "test_per_split": {
    "test_single_in_dist": {
      "vol_loss": 0.08774268373847008,
      "surf_loss": 0.09644385463383515,
      "loss": 1.0521812300768216,
      "mae_surf_Ux": 0.3013306750878043,
      "mae_vol_Ux": 1.341838386914029,
      "mae_surf_Uy": 0.18866535451491864,
      "mae_vol_Uy": 0.4709113066871357,
      "mae_surf_p": 27.38483731087148,
      "mae_vol_p": 28.114498717315577
    },
    "test_geom_camber_rc": {
      "vol_loss": 0.09124740835279227,
      "surf_loss": 0.03892661260440946,
      "loss": 0.4805135343968869,
      "mae_surf_Ux": 0.5431746054397228,
      "mae_vol_Ux": 1.985508968519922,
      "mae_surf_Uy": 0.29988269030656733,
      "mae_vol_Uy": 0.8418917170006077,
      "mae_surf_p": 37.22310930185073,
      "mae_vol_p": 38.3928897373208
    },
    "test_geom_camber_cruise": {
      "vol_loss": 0.015361354583874345,
      "surf_loss": 0.004702974370447918,
      "loss": 0.06239109828835353,
      "mae_surf_Ux": 0.1871208019182789,
      "mae_vol_Ux": 0.9482681706621487,
      "mae_surf_Uy": 0.10745006695066579,
      "mae_vol_Uy": 0.2939656700620276,
      "mae_surf_p": 11.701289307845967,
      "mae_vol_p": 12.762141288381008
    },
    "test_re_rand": {
      "vol_loss": 0.037209678590297696,
      "surf_loss": 0.018419560979818925,
      "loss": 0.22140528838848694,
      "mae_surf_Ux": 0.31932348248124826,
      "mae_vol_Ux": 1.2788718938937524,
      "mae_surf_Uy": 0.18689737273849696,
      "mae_vol_Uy": 0.4863998891430381,
      "mae_surf_p": 23.114359383939785,
      "mae_vol_p": 23.14254294932042
    }
  },
  "test_avg": {
    "avg/mae_surf_Ux": 0.3377373912317636,
    "avg/mae_surf_Uy": 0.19572387112766218,
    "avg/mae_surf_p": 24.85589882612699,
    "avg/mae_vol_Ux": 1.3886218549974632,
    "avg/mae_vol_Uy": 0.5232921457232023,
    "avg/mae_vol_p": 25.60301817308445
  }
}