{
  "models": [
    "models/model-ejvimr8w",
    "models/model-c3aaqyun"
  ],
  "val_per_split": {
    "val_single_in_dist": {
      "vol_loss": 0.10667201437056065,
      "surf_loss": 0.07770051813218742,
      "loss": 0.8836771956924349,
      "mae_surf_Ux": 0.46729937520942927,
      "mae_vol_Ux": 2.2155020310333393,
      "mae_surf_Uy": 0.2761194094772493,
      "mae_vol_Uy": 0.7979200090260374,
      "mae_surf_p": 38.942082187511346,
      "mae_vol_p": 46.9312572342468
    },
    "val_geom_camber_rc": {
      "vol_loss": 0.15057550758123397,
      "surf_loss": 0.05860475443303585,
      "loss": 0.7366230519115925,
      "mae_surf_Ux": 0.8512482235629301,
      "mae_vol_Ux": 2.865596512974521,
      "mae_surf_Uy": 0.4323349474513345,
      "mae_vol_Uy": 1.2948633267046754,
      "mae_surf_p": 53.238130355990634,
      "mae_vol_p": 58.09843292997227
    },
    "val_geom_camber_cruise": {
      "vol_loss": 0.039605901539325715,
      "surf_loss": 0.013103199126198888,
      "loss": 0.1706378928013146,
      "mae_surf_Ux": 0.3600057005056601,
      "mae_vol_Ux": 1.6417791484847544,
      "mae_surf_Uy": 0.20173435436296805,
      "mae_vol_Uy": 0.5308460921924953,
      "mae_surf_p": 24.18355147180592,
      "mae_vol_p": 27.599193115134643
    },
    "val_re_rand": {
      "vol_loss": 0.11291507542133332,
      "surf_loss": 0.05315066401846707,
      "loss": 0.6444217156060039,
      "mae_surf_Ux": 0.623701790889103,
      "mae_vol_Ux": 2.1462805391645636,
      "mae_surf_Uy": 0.31476662516791504,
      "mae_vol_Uy": 0.8824708782627088,
      "mae_surf_p": 41.05942793068188,
      "mae_vol_p": 43.5595381235998
    }
  },
  "val_avg": {
    "avg/mae_surf_Ux": 0.5755637725417806,
    "avg/mae_surf_Uy": 0.30623883411486674,
    "avg/mae_surf_p": 39.35579798649744,
    "avg/mae_vol_Ux": 2.2172895579142944,
    "avg/mae_vol_Uy": 0.8765250765464793,
    "avg/mae_vol_p": 44.04710535073838
  },
  "test_per_split": {
    "test_single_in_dist": {
      "vol_loss": 0.12904531262815,
      "surf_loss": 0.1008341954066418,
      "loss": 1.1373872666945681,
      "mae_surf_Ux": 0.5195023481551927,
      "mae_vol_Ux": 2.146595853321616,
      "mae_surf_Uy": 0.295213472442046,
      "mae_vol_Uy": 0.8032762235698585,
      "mae_surf_p": 37.838858809011164,
      "mae_vol_p": 45.2179583731229
    },
    "test_geom_camber_rc": {
      "vol_loss": 0.1326531843096018,
      "surf_loss": 0.049264535270631314,
      "loss": 0.625298537015915,
      "mae_surf_Ux": 0.8086778766170429,
      "mae_vol_Ux": 2.7877910698997526,
      "mae_surf_Uy": 0.40604624478533474,
      "mae_vol_Uy": 1.2093884520054454,
      "mae_surf_p": 47.1773588266634,
      "mae_vol_p": 53.50414172494782
    },
    "test_geom_camber_cruise": {
      "vol_loss": 0.03181490161456168,
      "surf_loss": 0.007994061319623142,
      "loss": 0.1117555148107931,
      "mae_surf_Ux": 0.327862879686621,
      "mae_vol_Ux": 1.5283184074567078,
      "mae_surf_Uy": 0.17751138434610075,
      "mae_vol_Uy": 0.48031520479586504,
      "mae_surf_p": 19.762669803563384,
      "mae_vol_p": 23.55606617529312
    },
    "test_re_rand": {
      "vol_loss": 0.06664753118529916,
      "surf_loss": 0.02574922058498487,
      "loss": 0.3241397370351478,
      "mae_surf_Ux": 0.5058429316754167,
      "mae_vol_Ux": 1.9646463470966953,
      "mae_surf_Uy": 0.27759424274374117,
      "mae_vol_Uy": 0.7607218941016619,
      "mae_surf_p": 32.71887637906083,
      "mae_vol_p": 36.50446173064347
    }
  },
  "test_avg": {
    "avg/mae_surf_Ux": 0.5404715090335683,
    "avg/mae_surf_Uy": 0.28909133607930565,
    "avg/mae_surf_p": 34.374440954574695,
    "avg/mae_vol_Ux": 2.106837919443693,
    "avg/mae_vol_Uy": 0.8134254436182077,
    "avg/mae_vol_p": 39.69565700100183
  }
}