{
  "models": [
    "models/model-x5t9akcb",
    "models/model-gjvjqbw3",
    "models/model-xy0gvrye",
    "models/model-j4y1x62c",
    "models/model-c3aaqyun",
    "models/model-ejvimr8w"
  ],
  "val_per_split": {
    "val_single_in_dist": {
      "vol_loss": 0.11460993308573961,
      "surf_loss": 0.07614967489149421,
      "loss": 0.8761066820006818,
      "mae_surf_Ux": 0.48384760053738757,
      "mae_vol_Ux": 2.3508626624257745,
      "mae_surf_Uy": 0.2791285519315177,
      "mae_vol_Uy": 0.8344497616740425,
      "mae_surf_p": 40.18142488502026,
      "mae_vol_p": 46.898259531487895
    },
    "val_geom_camber_rc": {
      "vol_loss": 0.16594355672597885,
      "surf_loss": 0.06414538430050015,
      "loss": 0.8073973997309803,
      "mae_surf_Ux": 0.9069675827580399,
      "mae_vol_Ux": 2.9996349766002055,
      "mae_surf_Uy": 0.44102627134597117,
      "mae_vol_Uy": 1.3725925238778456,
      "mae_surf_p": 55.72355606402319,
      "mae_vol_p": 59.436868201990656
    },
    "val_geom_camber_cruise": {
      "vol_loss": 0.04321808528155088,
      "surf_loss": 0.014548500780947507,
      "loss": 0.18870309309102595,
      "mae_surf_Ux": 0.3443688763545264,
      "mae_vol_Ux": 1.717181345459398,
      "mae_surf_Uy": 0.19906591714473074,
      "mae_vol_Uy": 0.5372196923511762,
      "mae_surf_p": 25.791338819525382,
      "mae_vol_p": 28.077827927990796
    },
    "val_re_rand": {
      "vol_loss": 0.12196587637066841,
      "surf_loss": 0.05628127965144813,
      "loss": 0.6847786728851497,
      "mae_surf_Ux": 0.6452353091550349,
      "mae_vol_Ux": 2.2458375124604646,
      "mae_surf_Uy": 0.3183906170927649,
      "mae_vol_Uy": 0.9205079239461305,
      "mae_surf_p": 42.434543902994754,
      "mae_vol_p": 43.82642594753075
    }
  },
  "val_avg": {
    "avg/mae_surf_Ux": 0.5951048422012472,
    "avg/mae_surf_Uy": 0.30940283937874613,
    "avg/mae_surf_p": 41.0327159178909,
    "avg/mae_vol_Ux": 2.3283791242364607,
    "avg/mae_vol_Uy": 0.9161924754622986,
    "avg/mae_vol_p": 44.559845402250026
  },
  "test_per_split": {
    "test_single_in_dist": {
      "vol_loss": 0.1382538048736751,
      "surf_loss": 0.11075789827853441,
      "loss": 1.2458327876590194,
      "mae_surf_Ux": 0.5241841970510113,
      "mae_vol_Ux": 2.223981593291209,
      "mae_surf_Uy": 0.28590668137814385,
      "mae_vol_Uy": 0.8292718497385192,
      "mae_surf_p": 38.764966813009174,
      "mae_vol_p": 45.13965258636407
    },
    "test_geom_camber_rc": {
      "vol_loss": 0.14285935916006565,
      "surf_loss": 0.05260746221989393,
      "loss": 0.668933981359005,
      "mae_surf_Ux": 0.863589278307747,
      "mae_vol_Ux": 2.903146999923767,
      "mae_surf_Uy": 0.4125811892345661,
      "mae_vol_Uy": 1.2741600868661929,
      "mae_surf_p": 47.90997010232029,
      "mae_vol_p": 53.93968790344247
    },
    "test_geom_camber_cruise": {
      "vol_loss": 0.0344069660641253,
      "surf_loss": 0.008745147810550406,
      "loss": 0.12185844416962936,
      "mae_surf_Ux": 0.31368612279418023,
      "mae_vol_Ux": 1.585608889249352,
      "mae_surf_Uy": 0.17751013302334226,
      "mae_vol_Uy": 0.48694240370859276,
      "mae_surf_p": 20.846643436451792,
      "mae_vol_p": 23.70203155777408
    },
    "test_re_rand": {
      "vol_loss": 0.0728459207713604,
      "surf_loss": 0.028018961981870233,
      "loss": 0.3530355405900627,
      "mae_surf_Ux": 0.5227360156807839,
      "mae_vol_Ux": 2.056470196014858,
      "mae_surf_Uy": 0.28050702495437385,
      "mae_vol_Uy": 0.7918828855588255,
      "mae_surf_p": 34.089265028597794,
      "mae_vol_p": 36.99246286430808
    }
  },
  "test_avg": {
    "avg/mae_surf_Ux": 0.5560489034584306,
    "avg/mae_surf_Uy": 0.28912625714760654,
    "avg/mae_surf_p": 35.40271134509476,
    "avg/mae_vol_Ux": 2.1923019196197964,
    "avg/mae_vol_Uy": 0.8455643064680326,
    "avg/mae_vol_p": 39.94345872797218
  }
}