{
  "models": [
    "models/model-ypb07aty",
    "models/model-vo48r551",
    "models/model-j1szokjr",
    "models/model-fjllis51",
    "models/model-6kh8u2p0",
    "models/model-ubqksdo4",
    "models/model-czkg9dos"
  ],
  "val_per_split": {
    "val_single_in_dist": {
      "vol_loss": 0.08055458655580879,
      "surf_loss": 0.07149712336715311,
      "loss": 0.7955258202273399,
      "mae_surf_Ux": 0.29369481259634245,
      "mae_vol_Ux": 1.641696509666576,
      "mae_surf_Uy": 0.21285231898486479,
      "mae_vol_Uy": 0.5688504772134955,
      "mae_surf_p": 31.276688766442604,
      "mae_vol_p": 34.58470464927111
    },
    "val_geom_camber_rc": {
      "vol_loss": 0.11022154316306114,
      "surf_loss": 0.04339706111699343,
      "loss": 0.5441921543329954,
      "mae_surf_Ux": 0.629483039056917,
      "mae_vol_Ux": 2.32416713870974,
      "mae_surf_Uy": 0.3534859037213782,
      "mae_vol_Uy": 1.0297977717943636,
      "mae_surf_p": 43.72136772833322,
      "mae_vol_p": 45.887185073172596
    },
    "val_geom_camber_cruise": {
      "vol_loss": 0.025685682091861964,
      "surf_loss": 0.00969860277720727,
      "loss": 0.12267170986393466,
      "mae_surf_Ux": 0.24592754703532116,
      "mae_vol_Ux": 1.2391838516653546,
      "mae_surf_Uy": 0.14806590120757643,
      "mae_vol_Uy": 0.39585091072443307,
      "mae_surf_p": 17.87514599621186,
      "mae_vol_p": 19.217003234607084
    },
    "val_re_rand": {
      "vol_loss": 0.09553380992263555,
      "surf_loss": 0.05069004766177386,
      "loss": 0.6024342865403742,
      "mae_surf_Ux": 0.47905240470796234,
      "mae_vol_Ux": 1.696555614512495,
      "mae_surf_Uy": 0.2573291113281694,
      "mae_vol_Uy": 0.7007409781637276,
      "mae_surf_p": 34.75609146331296,
      "mae_vol_p": 34.52514424950526
    }
  },
  "val_avg": {
    "avg/mae_surf_Ux": 0.41203945084913574,
    "avg/mae_surf_Uy": 0.2429333088104972,
    "avg/mae_surf_p": 31.907323488575162,
    "avg/mae_vol_Ux": 1.7254007786385412,
    "avg/mae_vol_Uy": 0.6738100344740049,
    "avg/mae_vol_p": 33.55350930163901
  },
  "test_per_split": {
    "test_single_in_dist": {
      "vol_loss": 0.1020536982268095,
      "surf_loss": 0.09483516400563531,
      "loss": 1.0504053382831626,
      "mae_surf_Ux": 0.3448993346444991,
      "mae_vol_Ux": 1.6115276877743432,
      "mae_surf_Uy": 0.21965202014563578,
      "mae_vol_Uy": 0.580212399750998,
      "mae_surf_p": 30.82033344900375,
      "mae_vol_p": 34.602135306499875
    },
    "test_geom_camber_rc": {
      "vol_loss": 0.10293521527200937,
      "surf_loss": 0.04086641814559698,
      "loss": 0.5115993967279792,
      "mae_surf_Ux": 0.6115013068187894,
      "mae_vol_Ux": 2.2500220875425896,
      "mae_surf_Uy": 0.32931540778757484,
      "mae_vol_Uy": 0.9570128511834073,
      "mae_surf_p": 39.35905292162401,
      "mae_vol_p": 42.25409356275884
    },
    "test_geom_camber_cruise": {
      "vol_loss": 0.020550556927919388,
      "surf_loss": 0.005542311366880313,
      "loss": 0.07597367059672251,
      "mae_surf_Ux": 0.22217999197015748,
      "mae_vol_Ux": 1.1558646392416,
      "mae_surf_Uy": 0.12993251079853052,
      "mae_vol_Uy": 0.3578848896766928,
      "mae_surf_p": 14.022762413276402,
      "mae_vol_p": 15.810142156491603
    },
    "test_re_rand": {
      "vol_loss": 0.046074151154607536,
      "surf_loss": 0.01986574089154601,
      "loss": 0.24473156007006763,
      "mae_surf_Ux": 0.36306311475780084,
      "mae_vol_Ux": 1.5145234118439488,
      "mae_surf_Uy": 0.2122370271724952,
      "mae_vol_Uy": 0.5779367927634556,
      "mae_surf_p": 25.545568762637192,
      "mae_vol_p": 26.85075125794123
    }
  },
  "test_avg": {
    "avg/mae_surf_Ux": 0.3854109370478117,
    "avg/mae_surf_Uy": 0.22278424147605908,
    "avg/mae_surf_p": 27.436929386635338,
    "avg/mae_vol_Ux": 1.6329844566006204,
    "avg/mae_vol_Uy": 0.6182617333436384,
    "avg/mae_vol_p": 29.879280570922887
  }
}