{
  "models": [
    "models/model-6kh8u2p0",
    "models/model-ejvimr8w",
    "models/model-6pproozv",
    "models/model-u2phuy10",
    "models/model-wpj9rltw",
    "models/model-91gsowe3",
    "models/model-o5mpb9wu",
    "models/model-d1s8ok00"
  ],
  "val_per_split": {
    "val_single_in_dist": {
      "vol_loss": 0.0932405337691307,
      "surf_loss": 0.07957451713038609,
      "loss": 0.8889857050729916,
      "mae_surf_Ux": 0.3548390631961524,
      "mae_vol_Ux": 1.9201957612331377,
      "mae_surf_Uy": 0.23621817027930292,
      "mae_vol_Uy": 0.6608175086164717,
      "mae_surf_p": 34.64484393058273,
      "mae_vol_p": 38.72494142544942
    },
    "val_geom_camber_rc": {
      "vol_loss": 0.13210572682321073,
      "surf_loss": 0.05230680353939533,
      "loss": 0.6551737622171641,
      "mae_surf_Ux": 0.7212501763788156,
      "mae_vol_Ux": 2.5833132113641213,
      "mae_surf_Uy": 0.3869010008102956,
      "mae_vol_Uy": 1.1491133646216882,
      "mae_surf_p": 48.56172756299537,
      "mae_vol_p": 51.576482587371196
    },
    "val_geom_camber_cruise": {
      "vol_loss": 0.03264796441420913,
      "surf_loss": 0.011267808240372688,
      "loss": 0.14532604681793598,
      "mae_surf_Ux": 0.28598507400796824,
      "mae_vol_Ux": 1.4363074511095186,
      "mae_surf_Uy": 0.1672302187606194,
      "mae_vol_Uy": 0.4541946030103959,
      "mae_surf_p": 20.915129924251854,
      "mae_vol_p": 22.555613873531257
    },
    "val_re_rand": {
      "vol_loss": 0.09994915343821048,
      "surf_loss": 0.051119877798482774,
      "loss": 0.6111479314230381,
      "mae_surf_Ux": 0.5309948996389776,
      "mae_vol_Ux": 1.9169424008081926,
      "mae_surf_Uy": 0.27869663468882583,
      "mae_vol_Uy": 0.7790416532532947,
      "mae_surf_p": 37.43202006696183,
      "mae_vol_p": 37.74790679694476
    }
  },
  "val_avg": {
    "avg/mae_surf_Ux": 0.47326730330547845,
    "avg/mae_surf_Uy": 0.26726150613476096,
    "avg/mae_surf_p": 35.38843037119795,
    "avg/mae_vol_Ux": 1.9641897061287426,
    "avg/mae_vol_Uy": 0.7607917823754626,
    "avg/mae_vol_p": 37.65123617082416
  },
  "test_per_split": {
    "test_single_in_dist": {
      "vol_loss": 0.10966911548748612,
      "surf_loss": 0.09862970891408622,
      "loss": 1.0959662046283483,
      "mae_surf_Ux": 0.4227476059106823,
      "mae_vol_Ux": 1.8696470484395404,
      "mae_surf_Uy": 0.2495677879053048,
      "mae_vol_Uy": 0.6752925978671188,
      "mae_surf_p": 33.90505171414424,
      "mae_vol_p": 38.178482289896664
    },
    "test_geom_camber_rc": {
      "vol_loss": 0.11492798686027526,
      "surf_loss": 0.04497891508974135,
      "loss": 0.5647171377576887,
      "mae_surf_Ux": 0.6855740952068183,
      "mae_vol_Ux": 2.4937552814328168,
      "mae_surf_Uy": 0.3579583613616095,
      "mae_vol_Uy": 1.0666964528158112,
      "mae_surf_p": 42.65977467378518,
      "mae_vol_p": 46.22656626036199
    },
    "test_geom_camber_cruise": {
      "vol_loss": 0.026233301293104888,
      "surf_loss": 0.0067566511029144745,
      "loss": 0.09379981232224963,
      "mae_surf_Ux": 0.2569561024054627,
      "mae_vol_Ux": 1.3413307961272245,
      "mae_surf_Uy": 0.14944246022556437,
      "mae_vol_Uy": 0.41093135973907696,
      "mae_surf_p": 16.656165547049916,
      "mae_vol_p": 18.7324581857105
    },
    "test_re_rand": {
      "vol_loss": 0.0552356986515224,
      "surf_loss": 0.02253290425054729,
      "loss": 0.2805647411569953,
      "mae_surf_Ux": 0.41592830039312834,
      "mae_vol_Ux": 1.729593940261547,
      "mae_surf_Uy": 0.23612740417351216,
      "mae_vol_Uy": 0.658336366484482,
      "mae_surf_p": 28.53446840616307,
      "mae_vol_p": 30.453315913932165
    }
  },
  "test_avg": {
    "avg/mae_surf_Ux": 0.4453015259790229,
    "avg/mae_surf_Uy": 0.24827400341649772,
    "avg/mae_surf_p": 30.438865085285602,
    "avg/mae_vol_Ux": 1.8585817665652822,
    "avg/mae_vol_Uy": 0.7028141942266223,
    "avg/mae_vol_p": 33.39770566247533
  }
}