{
  "models": [
    "models/model-ejvimr8w",
    "models/model-6pproozv",
    "models/model-u2phuy10",
    "models/model-wpj9rltw",
    "models/model-91gsowe3",
    "models/model-o5mpb9wu",
    "models/model-c3aaqyun",
    "models/model-d1s8ok00"
  ],
  "val_per_split": {
    "val_single_in_dist": {
      "vol_loss": 0.09541393991559743,
      "surf_loss": 0.07972936237696558,
      "loss": 0.8927075636852533,
      "mae_surf_Ux": 0.36827498825579513,
      "mae_vol_Ux": 1.9795564146336766,
      "mae_surf_Uy": 0.23904591435574932,
      "mae_vol_Uy": 0.6813076090975253,
      "mae_surf_p": 34.91907881529013,
      "mae_vol_p": 39.26537544323623
    },
    "val_geom_camber_rc": {
      "vol_loss": 0.13622243724763394,
      "surf_loss": 0.054178247340023515,
      "loss": 0.678004910647869,
      "mae_surf_Ux": 0.7438197972179895,
      "mae_vol_Ux": 2.639534736481569,
      "mae_surf_Uy": 0.3938409800093667,
      "mae_vol_Uy": 1.1768808892102762,
      "mae_surf_p": 49.57483198086988,
      "mae_vol_p": 52.51751691944322
    },
    "val_geom_camber_cruise": {
      "vol_loss": 0.03381468556821346,
      "surf_loss": 0.011609038938768208,
      "loss": 0.14990507495589553,
      "mae_surf_Ux": 0.292196898710469,
      "mae_vol_Ux": 1.4767664744865143,
      "mae_surf_Uy": 0.171380645885556,
      "mae_vol_Uy": 0.46393610548155867,
      "mae_surf_p": 21.536859086784826,
      "mae_vol_p": 23.249992262090615
    },
    "val_re_rand": {
      "vol_loss": 0.10176729310303927,
      "surf_loss": 0.051006386214867236,
      "loss": 0.6118311552517116,
      "mae_surf_Ux": 0.5401376039387425,
      "mae_vol_Ux": 1.9678656304330386,
      "mae_surf_Uy": 0.2834183778644743,
      "mae_vol_Uy": 0.7958000217459837,
      "mae_surf_p": 37.909861533498486,
      "mae_vol_p": 38.469788555457015
    }
  },
  "val_avg": {
    "avg/mae_surf_Ux": 0.486107322030749,
    "avg/mae_surf_Uy": 0.2719214795287866,
    "avg/mae_surf_p": 35.98515785411083,
    "avg/mae_vol_Ux": 2.0159308140086996,
    "avg/mae_vol_Uy": 0.779481156383836,
    "avg/mae_vol_p": 38.37566829505677
  },
  "test_per_split": {
    "test_single_in_dist": {
      "vol_loss": 0.11238270102068781,
      "surf_loss": 0.0988185213226825,
      "loss": 1.1005679142475127,
      "mae_surf_Ux": 0.4367867119214446,
      "mae_vol_Ux": 1.9306199102080972,
      "mae_surf_Uy": 0.2558307798726683,
      "mae_vol_Uy": 0.6956324409065158,
      "mae_surf_p": 34.50475602501902,
      "mae_vol_p": 38.83176580321117
    },
    "test_geom_camber_rc": {
      "vol_loss": 0.11799162484705449,
      "surf_loss": 0.04567377098836005,
      "loss": 0.574729334730655,
      "mae_surf_Ux": 0.7044866882119987,
      "mae_vol_Ux": 2.5522546940978033,
      "mae_surf_Uy": 0.36405037034170395,
      "mae_vol_Uy": 1.0905801175332748,
      "mae_surf_p": 43.08226552143827,
      "mae_vol_p": 46.953443249888934
    },
    "test_geom_camber_cruise": {
      "vol_loss": 0.02733054691925645,
      "surf_loss": 0.006986285371240229,
      "loss": 0.09719340063165874,
      "mae_surf_Ux": 0.2646994026972376,
      "mae_vol_Ux": 1.3816344655795714,
      "mae_surf_Uy": 0.15262272488630954,
      "mae_vol_Uy": 0.42116838620978403,
      "mae_surf_p": 17.203348732499467,
      "mae_vol_p": 19.394002854099213
    },
    "test_re_rand": {
      "vol_loss": 0.05707321662455797,
      "surf_loss": 0.02299413662869483,
      "loss": 0.2870145829115063,
      "mae_surf_Ux": 0.42582705799377873,
      "mae_vol_Ux": 1.7765829442382899,
      "mae_surf_Uy": 0.2409771891650676,
      "mae_vol_Uy": 0.6752516194172499,
      "mae_surf_p": 29.137503708367504,
      "mae_vol_p": 31.23161746388817
    }
  },
  "test_avg": {
    "avg/mae_surf_Ux": 0.45794996520611486,
    "avg/mae_surf_Uy": 0.25337026606643737,
    "avg/mae_surf_p": 30.981968496831065,
    "avg/mae_vol_Ux": 1.9102730035309405,
    "avg/mae_vol_Uy": 0.7206581410167061,
    "avg/mae_vol_p": 34.10270734277187
  }
}