{
  "models": [
    "models/model-ejvimr8w",
    "models/model-6pproozv",
    "models/model-u2phuy10",
    "models/model-wpj9rltw",
    "models/model-c3aaqyun",
    "models/model-zyqt699b",
    "models/model-d1s8ok00"
  ],
  "val_per_split": {
    "val_single_in_dist": {
      "vol_loss": 0.09143136393278838,
      "surf_loss": 0.0765847319061868,
      "loss": 0.8572786829946564,
      "mae_surf_Ux": 0.380189028858502,
      "mae_vol_Ux": 2.0143357853947603,
      "mae_surf_Uy": 0.24284033761490326,
      "mae_vol_Uy": 0.6927421017538172,
      "mae_surf_p": 35.04277220186772,
      "mae_vol_p": 39.42923088509686
    },
    "val_geom_camber_rc": {
      "vol_loss": 0.13883726425468923,
      "surf_loss": 0.05552790135145187,
      "loss": 0.6941162777692079,
      "mae_surf_Ux": 0.7613504873624957,
      "mae_vol_Ux": 2.6830868168213082,
      "mae_surf_Uy": 0.402067298066158,
      "mae_vol_Uy": 1.197415386674826,
      "mae_surf_p": 49.87152240758301,
      "mae_vol_p": 52.775059820833306
    },
    "val_geom_camber_cruise": {
      "vol_loss": 0.03467314636334777,
      "surf_loss": 0.011542111488524824,
      "loss": 0.150094261248596,
      "mae_surf_Ux": 0.294367308675133,
      "mae_vol_Ux": 1.5005127504848261,
      "mae_surf_Uy": 0.17398799825415262,
      "mae_vol_Uy": 0.469583330417614,
      "mae_surf_p": 21.63505270404771,
      "mae_vol_p": 23.4951027250869
    },
    "val_re_rand": {
      "vol_loss": 0.10276764441281556,
      "surf_loss": 0.051343156946823,
      "loss": 0.6161992138810456,
      "mae_surf_Ux": 0.552361078586021,
      "mae_vol_Ux": 1.9973031010220899,
      "mae_surf_Uy": 0.2878941027227438,
      "mae_vol_Uy": 0.8070673549758639,
      "mae_surf_p": 37.947408503295804,
      "mae_vol_p": 38.371263913166146
    }
  },
  "val_avg": {
    "avg/mae_surf_Ux": 0.49706697587053794,
    "avg/mae_surf_Uy": 0.27669743416448944,
    "avg/mae_surf_p": 36.12418895419856,
    "avg/mae_vol_Ux": 2.048809613430746,
    "avg/mae_vol_Uy": 0.7917020434555303,
    "avg/mae_vol_p": 38.517664336045804
  },
  "test_per_split": {
    "test_single_in_dist": {
      "vol_loss": 0.11588199384510517,
      "surf_loss": 0.10115923896315508,
      "loss": 1.127474383476656,
      "mae_surf_Ux": 0.46690574860445183,
      "mae_vol_Ux": 1.9868627204555234,
      "mae_surf_Uy": 0.26282357187648947,
      "mae_vol_Uy": 0.711716125872435,
      "mae_surf_p": 36.22088548308096,
      "mae_vol_p": 40.00182385266457
    },
    "test_geom_camber_rc": {
      "vol_loss": 0.12130288757383824,
      "surf_loss": 0.04689401504583657,
      "loss": 0.5902430380322039,
      "mae_surf_Ux": 0.7216792361136911,
      "mae_vol_Ux": 2.598199574098711,
      "mae_surf_Uy": 0.37142822441719375,
      "mae_vol_Uy": 1.1092775544532842,
      "mae_surf_p": 43.48187625858536,
      "mae_vol_p": 47.479828058155086
    },
    "test_geom_camber_cruise": {
      "vol_loss": 0.028069625524803996,
      "surf_loss": 0.007007343437289819,
      "loss": 0.09814305989770218,
      "mae_surf_Ux": 0.2689993094940553,
      "mae_vol_Ux": 1.4034163400560697,
      "mae_surf_Uy": 0.15432247963541046,
      "mae_vol_Uy": 0.42803113208735327,
      "mae_surf_p": 17.241367342618364,
      "mae_vol_p": 19.644124681647845
    },
    "test_re_rand": {
      "vol_loss": 0.05927981982007623,
      "surf_loss": 0.02406550374813378,
      "loss": 0.299934857301414,
      "mae_surf_Ux": 0.4362088579575723,
      "mae_vol_Ux": 1.8088880339704618,
      "mae_surf_Uy": 0.24516669249792672,
      "mae_vol_Uy": 0.6859369183573012,
      "mae_surf_p": 29.5779942527389,
      "mae_vol_p": 31.58175257833582
    }
  },
  "test_avg": {
    "avg/mae_surf_Ux": 0.47344828804244266,
    "avg/mae_surf_Uy": 0.2584352421067551,
    "avg/mae_surf_p": 31.630530834255897,
    "avg/mae_vol_Ux": 1.9493416671451915,
    "avg/mae_vol_Uy": 0.7337404326925935,
    "avg/mae_vol_p": 34.67688229270083
  }
}