{
  "models": [
    "models/model-ypb07aty",
    "models/model-vo48r551",
    "models/model-j1szokjr",
    "models/model-fjllis51",
    "models/model-ubqksdo4"
  ],
  "val_per_split": {
    "val_single_in_dist": {
      "vol_loss": 0.08001001058146358,
      "surf_loss": 0.0690667187399231,
      "loss": 0.7706771979806946,
      "mae_surf_Ux": 0.2947783688127395,
      "mae_vol_Ux": 1.6246332772716596,
      "mae_surf_Uy": 0.2115605621549159,
      "mae_vol_Uy": 0.5635306448401398,
      "mae_surf_p": 30.88241692996542,
      "mae_vol_p": 34.66141871270155
    },
    "val_geom_camber_rc": {
      "vol_loss": 0.10816065043210983,
      "surf_loss": 0.04317767482250929,
      "loss": 0.5399373986572027,
      "mae_surf_Ux": 0.6249889389041378,
      "mae_vol_Ux": 2.2921953063896296,
      "mae_surf_Uy": 0.35259581624289377,
      "mae_vol_Uy": 1.0220359966479742,
      "mae_surf_p": 43.68150701469145,
      "mae_vol_p": 45.75321224295007
    },
    "val_geom_camber_cruise": {
      "vol_loss": 0.024861980769783257,
      "surf_loss": 0.009882730606477708,
      "loss": 0.12368928683456033,
      "mae_surf_Ux": 0.2476270576810586,
      "mae_vol_Ux": 1.222107715370987,
      "mae_surf_Uy": 0.14871638552003158,
      "mae_vol_Uy": 0.3929130497143051,
      "mae_surf_p": 17.794835674340632,
      "mae_vol_p": 19.22562554100153
    },
    "val_re_rand": {
      "vol_loss": 0.09416207790374756,
      "surf_loss": 0.049906426155939695,
      "loss": 0.5932263394631445,
      "mae_surf_Ux": 0.47561359924447577,
      "mae_vol_Ux": 1.6797008847548625,
      "mae_surf_Uy": 0.25572003847674774,
      "mae_vol_Uy": 0.6959925919399557,
      "mae_surf_p": 34.651549669194665,
      "mae_vol_p": 34.63671942401911
    }
  },
  "val_avg": {
    "avg/mae_surf_Ux": 0.4107519911606029,
    "avg/mae_surf_Uy": 0.24214820059864725,
    "avg/mae_surf_p": 31.75257732204804,
    "avg/mae_vol_Ux": 1.7046592959467848,
    "avg/mae_vol_Uy": 0.6686180707855937,
    "avg/mae_vol_p": 33.56924398016807
  },
  "test_per_split": {
    "test_single_in_dist": {
      "vol_loss": 0.10074062846601009,
      "surf_loss": 0.09325170972326305,
      "loss": 1.0332577256986406,
      "mae_surf_Ux": 0.34183341700868664,
      "mae_vol_Ux": 1.5910956997081793,
      "mae_surf_Uy": 0.21954337471834362,
      "mae_vol_Uy": 0.5737143832928708,
      "mae_surf_p": 30.894804837495727,
      "mae_vol_p": 34.83248344277849
    },
    "test_geom_camber_rc": {
      "vol_loss": 0.10062595684081316,
      "surf_loss": 0.03993584522046149,
      "loss": 0.499984409045428,
      "mae_surf_Ux": 0.6110569525009293,
      "mae_vol_Ux": 2.2244089976534585,
      "mae_surf_Uy": 0.32694202030790465,
      "mae_vol_Uy": 0.9480371631185898,
      "mae_surf_p": 39.30425888616506,
      "mae_vol_p": 42.186821672374165
    },
    "test_geom_camber_cruise": {
      "vol_loss": 0.020045946585014462,
      "surf_loss": 0.005563634481513873,
      "loss": 0.07568229140015319,
      "mae_surf_Ux": 0.22386816918318428,
      "mae_vol_Ux": 1.1419621352974096,
      "mae_surf_Uy": 0.1302449240949351,
      "mae_vol_Uy": 0.3558225037691704,
      "mae_surf_p": 14.071361348220515,
      "mae_vol_p": 15.879929935721375
    },
    "test_re_rand": {
      "vol_loss": 0.04520950263366103,
      "surf_loss": 0.019774900323245675,
      "loss": 0.24295850586611778,
      "mae_surf_Ux": 0.3649371622710459,
      "mae_vol_Ux": 1.4961284747863801,
      "mae_surf_Uy": 0.21213089326987464,
      "mae_vol_Uy": 0.5750752082996966,
      "mae_surf_p": 25.658845029402062,
      "mae_vol_p": 26.975875154642967
    }
  },
  "test_avg": {
    "avg/mae_surf_Ux": 0.38542392524096153,
    "avg/mae_surf_Uy": 0.2222153030977645,
    "avg/mae_surf_p": 27.48231752532084,
    "avg/mae_vol_Ux": 1.6133988268613568,
    "avg/mae_vol_Uy": 0.6131623146200819,
    "avg/mae_vol_p": 29.968777551379247
  }
}