{
  "models": [
    "models/model-ypb07aty",
    "models/model-vo48r551",
    "models/model-j1szokjr",
    "models/model-fjllis51",
    "models/model-6kh8u2p0"
  ],
  "val_per_split": {
    "val_single_in_dist": {
      "vol_loss": 0.07814658980816602,
      "surf_loss": 0.06848151582060381,
      "loss": 0.7629617480142041,
      "mae_surf_Ux": 0.2925802431146904,
      "mae_vol_Ux": 1.6115573745424163,
      "mae_surf_Uy": 0.21127137612063354,
      "mae_vol_Uy": 0.5591198267381016,
      "mae_surf_p": 30.970025449910718,
      "mae_vol_p": 34.554016610317014
    },
    "val_geom_camber_rc": {
      "vol_loss": 0.11104592755436897,
      "surf_loss": 0.04431683293543756,
      "loss": 0.5542142569087446,
      "mae_surf_Ux": 0.6261547282295801,
      "mae_vol_Ux": 2.2982328191332138,
      "mae_surf_Uy": 0.35339294764788165,
      "mae_vol_Uy": 1.021914327204901,
      "mae_surf_p": 44.08655663695479,
      "mae_vol_p": 46.31263871904116
    },
    "val_geom_camber_cruise": {
      "vol_loss": 0.024901170525699855,
      "surf_loss": 0.00978890063939616,
      "loss": 0.12279017691966147,
      "mae_surf_Ux": 0.24445721113375718,
      "mae_vol_Ux": 1.2158412719040423,
      "mae_surf_Uy": 0.14797481858802333,
      "mae_vol_Uy": 0.3900967800666526,
      "mae_surf_p": 17.820705730262745,
      "mae_vol_p": 18.96255924799848
    },
    "val_re_rand": {
      "vol_loss": 0.09333864524960518,
      "surf_loss": 0.04980680212844163,
      "loss": 0.5914066665340215,
      "mae_surf_Ux": 0.47671133491267575,
      "mae_vol_Ux": 1.6700016572784575,
      "mae_surf_Uy": 0.25667305000885454,
      "mae_vol_Uy": 0.694157247162451,
      "mae_surf_p": 34.800042984867545,
      "mae_vol_p": 34.579257762531704
    }
  },
  "val_avg": {
    "avg/mae_surf_Ux": 0.4099758793476759,
    "avg/mae_surf_Uy": 0.24232804809134828,
    "avg/mae_surf_p": 31.91933270049895,
    "avg/mae_vol_Ux": 1.6989082807145324,
    "avg/mae_vol_Uy": 0.6663220452930265,
    "avg/mae_vol_p": 33.60211808497209
  },
  "test_per_split": {
    "test_single_in_dist": {
      "vol_loss": 0.10195695747621357,
      "surf_loss": 0.09534930519061163,
      "loss": 1.0554500093823298,
      "mae_surf_Ux": 0.34372415733444656,
      "mae_vol_Ux": 1.5813769702681852,
      "mae_surf_Uy": 0.2167848045047578,
      "mae_vol_Uy": 0.5708737328400832,
      "mae_surf_p": 30.582945074642062,
      "mae_vol_p": 34.37042974193524
    },
    "test_geom_camber_rc": {
      "vol_loss": 0.10080906927585602,
      "surf_loss": 0.04022888923063874,
      "loss": 0.5030979615822434,
      "mae_surf_Ux": 0.6074305158410399,
      "mae_vol_Ux": 2.2266812372597324,
      "mae_surf_Uy": 0.3290399046647689,
      "mae_vol_Uy": 0.9500727582931989,
      "mae_surf_p": 39.83116463568633,
      "mae_vol_p": 42.60422423064919
    },
    "test_geom_camber_cruise": {
      "vol_loss": 0.01997567242011428,
      "surf_loss": 0.005515743383439258,
      "loss": 0.07513310625450685,
      "mae_surf_Ux": 0.22203504954056094,
      "mae_vol_Ux": 1.1344712939809358,
      "mae_surf_Uy": 0.1293178346438164,
      "mae_vol_Uy": 0.3525503319713178,
      "mae_surf_p": 13.982887036213356,
      "mae_vol_p": 15.591312383236016
    },
    "test_re_rand": {
      "vol_loss": 0.04551850374788046,
      "surf_loss": 0.02015867256326601,
      "loss": 0.24710522938054055,
      "mae_surf_Ux": 0.36513677432252756,
      "mae_vol_Ux": 1.4898078642146169,
      "mae_surf_Uy": 0.21159596929957986,
      "mae_vol_Uy": 0.5698259939677247,
      "mae_surf_p": 25.766770281654022,
      "mae_vol_p": 26.8341663738024
    }
  },
  "test_avg": {
    "avg/mae_surf_Ux": 0.38458162425964376,
    "avg/mae_surf_Uy": 0.22168462827823074,
    "avg/mae_surf_p": 27.54094175704894,
    "avg/mae_vol_Ux": 1.6080843414308676,
    "avg/mae_vol_Uy": 0.6108307042680812,
    "avg/mae_vol_p": 29.85003318240571
  }
}