{
  "models": [
    "models/model-ejvimr8w",
    "models/model-6pproozv",
    "models/model-u2phuy10",
    "models/model-wpj9rltw",
    "models/model-c3aaqyun",
    "models/model-d1s8ok00"
  ],
  "val_per_split": {
    "val_single_in_dist": {
      "vol_loss": 0.0949831285700202,
      "surf_loss": 0.0780216454504989,
      "loss": 0.8751995830750092,
      "mae_surf_Ux": 0.38589841224759935,
      "mae_vol_Ux": 2.021861224051038,
      "mae_surf_Uy": 0.24471265049706425,
      "mae_vol_Uy": 0.6988111235700977,
      "mae_surf_p": 35.411884356522314,
      "mae_vol_p": 39.766871698191366
    },
    "val_geom_camber_rc": {
      "vol_loss": 0.14089266948401927,
      "surf_loss": 0.05615228997543454,
      "loss": 0.7024155692383647,
      "mae_surf_Ux": 0.7666044278463152,
      "mae_vol_Ux": 2.690389299648222,
      "mae_surf_Uy": 0.4030319549037338,
      "mae_vol_Uy": 1.2008877988238227,
      "mae_surf_p": 50.36400114823826,
      "mae_vol_p": 53.38902849602724
    },
    "val_geom_camber_cruise": {
      "vol_loss": 0.03484787752851844,
      "surf_loss": 0.011670193846803158,
      "loss": 0.15154981599655,
      "mae_surf_Ux": 0.29971331060298484,
      "mae_vol_Ux": 1.5056532494778379,
      "mae_surf_Uy": 0.17557984316216468,
      "mae_vol_Uy": 0.4729651771458296,
      "mae_surf_p": 21.75597699645415,
      "mae_vol_p": 23.837221108726702
    },
    "val_re_rand": {
      "vol_loss": 0.1033581741154194,
      "surf_loss": 0.05202647815458476,
      "loss": 0.623622955661267,
      "mae_surf_Ux": 0.5558732438828712,
      "mae_vol_Ux": 2.0037494847392456,
      "mae_surf_Uy": 0.2879077012490854,
      "mae_vol_Uy": 0.8081804066629868,
      "mae_surf_p": 38.153019481876086,
      "mae_vol_p": 38.737170756164396
    }
  },
  "val_avg": {
    "avg/mae_surf_Ux": 0.5020223486449427,
    "avg/mae_surf_Uy": 0.277808037453012,
    "avg/mae_surf_p": 36.4212204957727,
    "avg/mae_vol_Ux": 2.055413314479086,
    "avg/mae_vol_Uy": 0.7952111265506842,
    "avg/mae_vol_p": 38.932573014777425
  },
  "test_per_split": {
    "test_single_in_dist": {
      "vol_loss": 0.11253936249762773,
      "surf_loss": 0.09720741605269723,
      "loss": 1.0846135230246,
      "mae_surf_Ux": 0.4494354900065503,
      "mae_vol_Ux": 1.968997703060543,
      "mae_surf_Uy": 0.2597725716433717,
      "mae_vol_Uy": 0.7101286643306673,
      "mae_surf_p": 34.68793489197736,
      "mae_vol_p": 39.11410441665571
    },
    "test_geom_camber_rc": {
      "vol_loss": 0.12111798368394375,
      "surf_loss": 0.04685692440718412,
      "loss": 0.589687227755785,
      "mae_surf_Ux": 0.7230541725416929,
      "mae_vol_Ux": 2.5997345666883804,
      "mae_surf_Uy": 0.3707129443867771,
      "mae_vol_Uy": 1.1107350979756812,
      "mae_surf_p": 43.6541101755918,
      "mae_vol_p": 47.76312520699575
    },
    "test_geom_camber_cruise": {
      "vol_loss": 0.02812474474310875,
      "surf_loss": 0.00707212679204531,
      "loss": 0.09884601266356186,
      "mae_surf_Ux": 0.27293937137732827,
      "mae_vol_Ux": 1.407175015602755,
      "mae_surf_Uy": 0.15579056906619548,
      "mae_vol_Uy": 0.4306058964795803,
      "mae_surf_p": 17.40895025830761,
      "mae_vol_p": 19.91074987245163
    },
    "test_re_rand": {
      "vol_loss": 0.058847470711916684,
      "surf_loss": 0.02378694175509736,
      "loss": 0.2967168882628903,
      "mae_surf_Ux": 0.43891186771144425,
      "mae_vol_Ux": 1.8106731324218357,
      "mae_surf_Uy": 0.24527091066664572,
      "mae_vol_Uy": 0.6877719569549537,
      "mae_surf_p": 29.626133430438973,
      "mae_vol_p": 31.829493669372983
    }
  },
  "test_avg": {
    "avg/mae_surf_Ux": 0.4710852254092539,
    "avg/mae_surf_Uy": 0.2578867489407475,
    "avg/mae_surf_p": 31.34428218907894,
    "avg/mae_vol_Ux": 1.9466451044433786,
    "avg/mae_vol_Uy": 0.7348104039352207,
    "avg/mae_vol_p": 34.65436829136902
  }
}