{
  "models": [
    "models/model-x5t9akcb",
    "models/model-gjvjqbw3",
    "models/model-xy0gvrye",
    "models/model-j4y1x62c",
    "models/model-c3aaqyun",
    "models/model-4yag7d9b",
    "models/model-ejvimr8w"
  ],
  "val_per_split": {
    "val_single_in_dist": {
      "vol_loss": 0.1169671807065606,
      "surf_loss": 0.07751248293556273,
      "loss": 0.892092010062188,
      "mae_surf_Ux": 0.4880780961417092,
      "mae_vol_Ux": 2.3645999127341923,
      "mae_surf_Uy": 0.2816589522954823,
      "mae_vol_Uy": 0.8440908540413197,
      "mae_surf_p": 40.623557338968716,
      "mae_vol_p": 47.3428919384537
    },
    "val_geom_camber_rc": {
      "vol_loss": 0.16660100147128104,
      "surf_loss": 0.06426550664007663,
      "loss": 0.8092560678720473,
      "mae_surf_Ux": 0.9118491933350868,
      "mae_vol_Ux": 3.014160979955558,
      "mae_surf_Uy": 0.4434799852245016,
      "mae_vol_Uy": 1.3842519482898088,
      "mae_surf_p": 56.080909018233235,
      "mae_vol_p": 59.59100253257232
    },
    "val_geom_camber_cruise": {
      "vol_loss": 0.04380935195833444,
      "surf_loss": 0.014906298315618188,
      "loss": 0.19287233511451632,
      "mae_surf_Ux": 0.34448955577262946,
      "mae_vol_Ux": 1.7257027819284527,
      "mae_surf_Uy": 0.1984468377580576,
      "mae_vol_Uy": 0.5396789921798543,
      "mae_surf_p": 26.149672158539484,
      "mae_vol_p": 28.418762777589738
    },
    "val_re_rand": {
      "vol_loss": 0.12354262970387936,
      "surf_loss": 0.05707837630994618,
      "loss": 0.6943263928033412,
      "mae_surf_Ux": 0.6483387508362193,
      "mae_vol_Ux": 2.2563321486351273,
      "mae_surf_Uy": 0.3219642595598418,
      "mae_vol_Uy": 0.9282102435423631,
      "mae_surf_p": 42.837176694164015,
      "mae_vol_p": 43.982879336577504
    }
  },
  "val_avg": {
    "avg/mae_surf_Ux": 0.5981888990214113,
    "avg/mae_surf_Uy": 0.31138750870947085,
    "avg/mae_surf_p": 41.42282880247636,
    "avg/mae_vol_Ux": 2.3401989558133325,
    "avg/mae_vol_Uy": 0.9240580095133365,
    "avg/mae_vol_p": 44.83388414629832
  },
  "test_per_split": {
    "test_single_in_dist": {
      "vol_loss": 0.14044945266097783,
      "surf_loss": 0.11269136939896271,
      "loss": 1.267363146650605,
      "mae_surf_Ux": 0.5291048780033877,
      "mae_vol_Ux": 2.2379008953307853,
      "mae_surf_Uy": 0.28914903316788176,
      "mae_vol_Uy": 0.8385627801751071,
      "mae_surf_p": 38.997269989099024,
      "mae_vol_p": 45.59076097214253
    },
    "test_geom_camber_rc": {
      "vol_loss": 0.14413036540150642,
      "surf_loss": 0.052965372391045096,
      "loss": 0.6737840893119573,
      "mae_surf_Ux": 0.8638615892966272,
      "mae_vol_Ux": 2.9147875651751396,
      "mae_surf_Uy": 0.4136781782411839,
      "mae_vol_Uy": 1.2822102627294876,
      "mae_surf_p": 48.14004016600799,
      "mae_vol_p": 54.05558047619719
    },
    "test_geom_camber_cruise": {
      "vol_loss": 0.03471024717204273,
      "surf_loss": 0.008890866336878389,
      "loss": 0.12361891054082662,
      "mae_surf_Ux": 0.3114748212893179,
      "mae_vol_Ux": 1.5895012586364714,
      "mae_surf_Uy": 0.17708508426746136,
      "mae_vol_Uy": 0.4882983790428652,
      "mae_surf_p": 21.029174450817194,
      "mae_vol_p": 23.877467195923863
    },
    "test_re_rand": {
      "vol_loss": 0.07362236062064767,
      "surf_loss": 0.028367135748267172,
      "loss": 0.35729371810331934,
      "mae_surf_Ux": 0.5251974023428456,
      "mae_vol_Ux": 2.0609567272107148,
      "mae_surf_Uy": 0.2808806126835229,
      "mae_vol_Uy": 0.7971323469706518,
      "mae_surf_p": 34.24561833204225,
      "mae_vol_p": 37.110223987934816
    }
  },
  "test_avg": {
    "avg/mae_surf_Ux": 0.5574096727330446,
    "avg/mae_surf_Uy": 0.2901982270900125,
    "avg/mae_surf_p": 35.60302573449162,
    "avg/mae_vol_Ux": 2.2007866115882777,
    "avg/mae_vol_Uy": 0.851550942229528,
    "avg/mae_vol_p": 40.1585081580496
  }
}