{
  "models": [
    "models/model-ypb07aty",
    "models/model-vo48r551",
    "models/model-j1szokjr",
    "models/model-fjllis51",
    "models/model-6kh8u2p0",
    "models/model-ubqksdo4",
    "models/model-tg4z09ci"
  ],
  "val_per_split": {
    "val_single_in_dist": {
      "vol_loss": 0.08048810927197338,
      "surf_loss": 0.07115949942031875,
      "loss": 0.7920831034751609,
      "mae_surf_Ux": 0.2914349540814272,
      "mae_vol_Ux": 1.6222328467688885,
      "mae_surf_Uy": 0.20953250190337358,
      "mae_vol_Uy": 0.5612888705984628,
      "mae_surf_p": 31.081720856728598,
      "mae_vol_p": 34.539363054060736
    },
    "val_geom_camber_rc": {
      "vol_loss": 0.11072902128100395,
      "surf_loss": 0.04473800973035395,
      "loss": 0.5581091185845435,
      "mae_surf_Ux": 0.6238152919927217,
      "mae_vol_Ux": 2.3057392430182397,
      "mae_surf_Uy": 0.35164712094515366,
      "mae_vol_Uy": 1.0253781128406692,
      "mae_surf_p": 43.98058158043619,
      "mae_vol_p": 46.023531129550804
    },
    "val_geom_camber_cruise": {
      "vol_loss": 0.02514257134869695,
      "surf_loss": 0.009562157990876586,
      "loss": 0.1207641512574628,
      "mae_surf_Ux": 0.24336661811508384,
      "mae_vol_Ux": 1.232062347708922,
      "mae_surf_Uy": 0.14681192146832892,
      "mae_vol_Uy": 0.39177290329376124,
      "mae_surf_p": 17.65111269848758,
      "mae_vol_p": 18.8330383532117
    },
    "val_re_rand": {
      "vol_loss": 0.09080497980117798,
      "surf_loss": 0.04816795764956623,
      "loss": 0.5724845562968403,
      "mae_surf_Ux": 0.47124181798710013,
      "mae_vol_Ux": 1.6743246713100064,
      "mae_surf_Uy": 0.2522557554375628,
      "mae_vol_Uy": 0.6914394297670234,
      "mae_surf_p": 34.016239276388916,
      "mae_vol_p": 33.774445611459754
    }
  },
  "val_avg": {
    "avg/mae_surf_Ux": 0.4074646705440832,
    "avg/mae_surf_Uy": 0.24006182493860473,
    "avg/mae_surf_p": 31.68241360301032,
    "avg/mae_vol_Ux": 1.7085897772015142,
    "avg/mae_vol_Uy": 0.6674698291249792,
    "avg/mae_vol_p": 33.29259453707075
  },
  "test_per_split": {
    "test_single_in_dist": {
      "vol_loss": 0.09896655283868312,
      "surf_loss": 0.09283513214380947,
      "loss": 1.0273178742767777,
      "mae_surf_Ux": 0.3421441028307009,
      "mae_vol_Ux": 1.5872901187235633,
      "mae_surf_Uy": 0.21760407926007388,
      "mae_vol_Uy": 0.5726843147439346,
      "mae_surf_p": 30.590248652967475,
      "mae_vol_p": 34.121306224939374
    },
    "test_geom_camber_rc": {
      "vol_loss": 0.1010908842459321,
      "surf_loss": 0.04045476904138923,
      "loss": 0.5056385746598244,
      "mae_surf_Ux": 0.6074834985218722,
      "mae_vol_Ux": 2.2280065153776962,
      "mae_surf_Uy": 0.3278244962284267,
      "mae_vol_Uy": 0.9505680880287877,
      "mae_surf_p": 39.536864984030316,
      "mae_vol_p": 42.25036848697569
    },
    "test_geom_camber_cruise": {
      "vol_loss": 0.02025368909817189,
      "surf_loss": 0.005523668187088333,
      "loss": 0.07549037096905523,
      "mae_surf_Ux": 0.2202943055124278,
      "mae_vol_Ux": 1.1496349787537008,
      "mae_surf_Uy": 0.12926945479756105,
      "mae_vol_Uy": 0.353686384911451,
      "mae_surf_p": 13.86206611375953,
      "mae_vol_p": 15.472969710694041
    },
    "test_re_rand": {
      "vol_loss": 0.045526828039437535,
      "surf_loss": 0.020010179539676754,
      "loss": 0.24562862343620506,
      "mae_surf_Ux": 0.3606193343311241,
      "mae_vol_Ux": 1.5008993538829596,
      "mae_surf_Uy": 0.2103717480044111,
      "mae_vol_Uy": 0.5713503667715538,
      "mae_surf_p": 25.45942792491148,
      "mae_vol_p": 26.585991730557417
    }
  },
  "test_avg": {
    "avg/mae_surf_Ux": 0.38263531029903125,
    "avg/mae_surf_Uy": 0.22126744457261818,
    "avg/mae_surf_p": 27.3621519189172,
    "avg/mae_vol_Ux": 1.61645774168448,
    "avg/mae_vol_Uy": 0.6120722886139318,
    "avg/mae_vol_p": 29.60765903829163
  }
}