{
  "models": [
    "models/model-ypb07aty",
    "models/model-vo48r551",
    "models/model-j1szokjr",
    "models/model-fjllis51",
    "models/model-6kh8u2p0",
    "models/model-ubqksdo4",
    "models/model-czkg9dos",
    "models/model-4jrtw2m2"
  ],
  "val_per_split": {
    "val_single_in_dist": {
      "vol_loss": 0.08093019250780344,
      "surf_loss": 0.07152012658421882,
      "loss": 0.7961314583499915,
      "mae_surf_Ux": 0.2972955502460348,
      "mae_vol_Ux": 1.6612554647809232,
      "mae_surf_Uy": 0.21378459904446026,
      "mae_vol_Uy": 0.5712945888034968,
      "mae_surf_p": 31.395450243848714,
      "mae_vol_p": 34.785863177068784
    },
    "val_geom_camber_rc": {
      "vol_loss": 0.11120951041579247,
      "surf_loss": 0.04420001328922808,
      "loss": 0.5532096433080733,
      "mae_surf_Ux": 0.634604395102214,
      "mae_vol_Ux": 2.335941114517331,
      "mae_surf_Uy": 0.35515879811104767,
      "mae_vol_Uy": 1.035844640434876,
      "mae_surf_p": 44.127666963029284,
      "mae_vol_p": 46.10246074272219
    },
    "val_geom_camber_cruise": {
      "vol_loss": 0.026103473026305436,
      "surf_loss": 0.009880408480530605,
      "loss": 0.12490755783161149,
      "mae_surf_Ux": 0.24813329461864314,
      "mae_vol_Ux": 1.2501870603301775,
      "mae_surf_Uy": 0.14856671237636357,
      "mae_vol_Uy": 0.3978148098236048,
      "mae_surf_p": 18.13662614764246,
      "mae_vol_p": 19.451668034399365
    },
    "val_re_rand": {
      "vol_loss": 0.0955434027314186,
      "surf_loss": 0.050486268335953356,
      "loss": 0.6004060860909521,
      "mae_surf_Ux": 0.4798743147973523,
      "mae_vol_Ux": 1.705614678520773,
      "mae_surf_Uy": 0.2577333431281447,
      "mae_vol_Uy": 0.7045217530899147,
      "mae_surf_p": 34.82618552284571,
      "mae_vol_p": 34.66846844208057
    }
  },
  "val_avg": {
    "avg/mae_surf_Ux": 0.4149768886910611,
    "avg/mae_surf_Uy": 0.24381086316500405,
    "avg/mae_surf_p": 32.121482219341544,
    "avg/mae_vol_Ux": 1.7382495795373012,
    "avg/mae_vol_Uy": 0.6773689480379731,
    "avg/mae_vol_p": 33.75211509906772
  },
  "test_per_split": {
    "test_single_in_dist": {
      "vol_loss": 0.10320402724668383,
      "surf_loss": 0.09571336693770718,
      "loss": 1.0603376966237557,
      "mae_surf_Ux": 0.3500579493413427,
      "mae_vol_Ux": 1.6280553755004712,
      "mae_surf_Uy": 0.22120362542827962,
      "mae_vol_Uy": 0.5839312271932783,
      "mae_surf_p": 31.052978827001983,
      "mae_vol_p": 34.917729881854136
    },
    "test_geom_camber_rc": {
      "vol_loss": 0.1038915091753006,
      "surf_loss": 0.04110157222487033,
      "loss": 0.5149072314240039,
      "mae_surf_Ux": 0.6143151515212357,
      "mae_vol_Ux": 2.2598538712754155,
      "mae_surf_Uy": 0.3301053921742736,
      "mae_vol_Uy": 0.9633084045928528,
      "mae_surf_p": 39.30244429420379,
      "mae_vol_p": 42.20706950696765
    },
    "test_geom_camber_cruise": {
      "vol_loss": 0.020870945453643798,
      "surf_loss": 0.005629951695445925,
      "loss": 0.07717046240810305,
      "mae_surf_Ux": 0.22486759799055117,
      "mae_vol_Ux": 1.1669041367209187,
      "mae_surf_Uy": 0.13034384827661177,
      "mae_vol_Uy": 0.360584602586552,
      "mae_surf_p": 14.185348151846032,
      "mae_vol_p": 15.916481730011597
    },
    "test_re_rand": {
      "vol_loss": 0.046868512388318774,
      "surf_loss": 0.020195330108981578,
      "loss": 0.24882181347813456,
      "mae_surf_Ux": 0.3668551923412073,
      "mae_vol_Ux": 1.5278395711447315,
      "mae_surf_Uy": 0.21361899024705241,
      "mae_vol_Uy": 0.5829604348922458,
      "mae_surf_p": 25.83039324315767,
      "mae_vol_p": 27.08508249198351
    }
  },
  "test_avg": {
    "avg/mae_surf_Ux": 0.38902397279858425,
    "avg/mae_surf_Uy": 0.22381796403155435,
    "avg/mae_surf_p": 27.59279112905237,
    "avg/mae_vol_Ux": 1.6456632386603842,
    "avg/mae_vol_Uy": 0.6226961673162322,
    "avg/mae_vol_p": 30.031590902704224
  }
}