{
  "ckpt": "models/model-89nsabh1/checkpoint.pt",
  "config": {
    "dropout": 0.0,
    "fun_dim": 22,
    "mlp_ratio": 2,
    "n_head": 4,
    "n_hidden": 128,
    "n_layers": 1,
    "out_dim": 3,
    "output_dims": [
      1,
      1,
      1
    ],
    "output_fields": [
      "Ux",
      "Uy",
      "p"
    ],
    "slice_num": 64,
    "space_dim": 2,
    "use_eidetic": false
  },
  "n_params": 177735,
  "val_per_split": {
    "val_single_in_dist": {
      "vol_loss": 0.1989648324996233,
      "surf_loss": 0.12750811691395939,
      "loss": 1.4740460016392172,
      "mae_surf_Ux": 0.7513011743460589,
      "mae_vol_Ux": 3.084644215208026,
      "mae_surf_Uy": 0.39535040353133,
      "mae_vol_Uy": 1.1952638746196582,
      "mae_surf_p": 55.74335542703519,
      "mae_vol_p": 74.14943325849802
    },
    "val_geom_camber_rc": {
      "vol_loss": 0.2546543139219284,
      "surf_loss": 0.09617196280509234,
      "loss": 1.2163739419728516,
      "mae_surf_Ux": 1.3217197319213099,
      "mae_vol_Ux": 3.8691698495943676,
      "mae_surf_Uy": 0.596456361268528,
      "mae_vol_Uy": 1.8170301829291702,
      "mae_surf_p": 71.59475059071907,
      "mae_vol_p": 78.23215273274738
    },
    "val_geom_camber_cruise": {
      "vol_loss": 0.07117104999721051,
      "surf_loss": 0.023540792777203022,
      "loss": 0.30657897776924076,
      "mae_surf_Ux": 0.5553282802117405,
      "mae_vol_Ux": 2.3493560288916617,
      "mae_surf_Uy": 0.288965510665848,
      "mae_vol_Uy": 0.7707363408740483,
      "mae_surf_p": 37.17623296335286,
      "mae_vol_p": 42.26669573337958
    },
    "val_re_rand": {
      "vol_loss": 0.1742180798947811,
      "surf_loss": 0.07069074088707566,
      "loss": 0.8811254887655378,
      "mae_surf_Ux": 0.9539088204056801,
      "mae_vol_Ux": 2.9455514262933193,
      "mae_surf_Uy": 0.43346771502639336,
      "mae_vol_Uy": 1.2394461314933476,
      "mae_surf_p": 55.66303614199935,
      "mae_vol_p": 60.62163578111325
    }
  },
  "val_avg": {
    "avg/mae_surf_Ux": 0.8955645017211974,
    "avg/mae_surf_Uy": 0.4285599976230248,
    "avg/mae_surf_p": 55.044343780776614,
    "avg/mae_vol_Ux": 3.0621803799968434,
    "avg/mae_vol_Uy": 1.255619132479056,
    "avg/mae_vol_p": 63.817479376434555
  },
  "test_per_split": {
    "test_single_in_dist": {
      "vol_loss": 0.20123684380203485,
      "surf_loss": 0.14088202213402837,
      "loss": 1.6100570651423185,
      "mae_surf_Ux": 0.7510015095207924,
      "mae_vol_Ux": 2.8752712394973408,
      "mae_surf_Uy": 0.3936293612021094,
      "mae_vol_Uy": 1.1467699777276468,
      "mae_surf_p": 53.196852609835915,
      "mae_vol_p": 66.85362561926263
    },
    "test_geom_camber_rc": {
      "vol_loss": 0.22008743822574617,
      "surf_loss": 0.0785384564846754,
      "loss": 1.0054720030725002,
      "mae_surf_Ux": 1.2886608862443687,
      "mae_vol_Ux": 3.780449135820987,
      "mae_surf_Uy": 0.5575995833814905,
      "mae_vol_Uy": 1.7295217385086978,
      "mae_surf_p": 63.486203589146015,
      "mae_vol_p": 70.9323461498689
    },
    "test_geom_camber_cruise": {
      "vol_loss": 0.05898542840033769,
      "surf_loss": 0.014898622238542885,
      "loss": 0.20797165078576654,
      "mae_surf_Ux": 0.4987734636589725,
      "mae_vol_Ux": 2.1527266626220793,
      "mae_surf_Uy": 0.25979306904977,
      "mae_vol_Uy": 0.7114152744269714,
      "mae_surf_p": 30.36050994812503,
      "mae_vol_p": 37.03537430196326
    },
    "test_re_rand": {
      "vol_loss": 0.12189812298864126,
      "surf_loss": 0.04458703797776252,
      "loss": 0.5677685027662664,
      "mae_surf_Ux": 0.8027744098435233,
      "mae_vol_Ux": 2.7583530203479087,
      "mae_surf_Uy": 0.38947792797836367,
      "mae_vol_Uy": 1.120524694856399,
      "mae_surf_p": 47.539099540462416,
      "mae_vol_p": 53.993570537474795
    }
  },
  "test_avg": {
    "avg/mae_surf_Ux": 0.8353025673169142,
    "avg/mae_surf_Uy": 0.4001249854029334,
    "avg/mae_surf_p": 48.645666421892344,
    "avg/mae_vol_Ux": 2.891700014572079,
    "avg/mae_vol_Uy": 1.1770579213799288,
    "avg/mae_vol_p": 57.2037291521424
  }
}