{
  "models": [
    "models/model-ypb07aty",
    "models/model-vo48r551",
    "models/model-j1szokjr",
    "models/model-fjllis51",
    "models/model-6kh8u2p0",
    "models/model-ubqksdo4",
    "models/model-czkg9dos",
    "models/model-akcy7pt4"
  ],
  "val_per_split": {
    "val_single_in_dist": {
      "vol_loss": 0.07968693260103464,
      "surf_loss": 0.071021005124785,
      "loss": 0.7898969838488846,
      "mae_surf_Ux": 0.29664474291665927,
      "mae_vol_Ux": 1.6648073053597088,
      "mae_surf_Uy": 0.2131291730971584,
      "mae_vol_Uy": 0.5737039828567229,
      "mae_surf_p": 31.264062421919267,
      "mae_vol_p": 34.65144192281567
    },
    "val_geom_camber_rc": {
      "vol_loss": 0.11158269949257374,
      "surf_loss": 0.04382894870825112,
      "loss": 0.5498721865750849,
      "mae_surf_Ux": 0.6345415178246264,
      "mae_vol_Ux": 2.347676140729252,
      "mae_surf_Uy": 0.3544015135951594,
      "mae_vol_Uy": 1.0371337025889016,
      "mae_surf_p": 44.06732359854352,
      "mae_vol_p": 46.16893099428377
    },
    "val_geom_camber_cruise": {
      "vol_loss": 0.02611960096284747,
      "surf_loss": 0.009829300352139398,
      "loss": 0.12441260448424146,
      "mae_surf_Ux": 0.24835198710490722,
      "mae_vol_Ux": 1.2579817202441248,
      "mae_surf_Uy": 0.14863852052344614,
      "mae_vol_Uy": 0.3995156610615789,
      "mae_surf_p": 17.947967400707537,
      "mae_vol_p": 19.279535541638488
    },
    "val_re_rand": {
      "vol_loss": 0.09411014325916767,
      "surf_loss": 0.049552822532132265,
      "loss": 0.5896383685804903,
      "mae_surf_Ux": 0.4817861173574483,
      "mae_vol_Ux": 1.7152419046033844,
      "mae_surf_Uy": 0.25781034593319374,
      "mae_vol_Uy": 0.7065899374388801,
      "mae_surf_p": 34.712220398232134,
      "mae_vol_p": 34.50013443058165
    }
  },
  "val_avg": {
    "avg/mae_surf_Ux": 0.4153310913009103,
    "avg/mae_surf_Uy": 0.24349488828723942,
    "avg/mae_surf_p": 31.99789345485061,
    "avg/mae_vol_Ux": 1.7464267677341176,
    "avg/mae_vol_Uy": 0.6792358209865208,
    "avg/mae_vol_p": 33.650010722329895
  },
  "test_per_split": {
    "test_single_in_dist": {
      "vol_loss": 0.10263614014722407,
      "surf_loss": 0.09595905066234992,
      "loss": 1.062226646770723,
      "mae_surf_Ux": 0.3479028451321367,
      "mae_vol_Ux": 1.631053531890586,
      "mae_surf_Uy": 0.22092474689180072,
      "mae_vol_Uy": 0.5858683788375013,
      "mae_surf_p": 30.8874838203573,
      "mae_vol_p": 34.728585593814365
    },
    "test_geom_camber_rc": {
      "vol_loss": 0.10419598937034608,
      "surf_loss": 0.041197803793475034,
      "loss": 0.5161740273050964,
      "mae_surf_Ux": 0.6178538295856028,
      "mae_vol_Ux": 2.275092555168894,
      "mae_surf_Uy": 0.3306950706683939,
      "mae_vol_Uy": 0.9646947914687913,
      "mae_surf_p": 39.560476606236456,
      "mae_vol_p": 42.44379982912709
    },
    "test_geom_camber_cruise": {
      "vol_loss": 0.020995271988213063,
      "surf_loss": 0.005596584893064574,
      "loss": 0.0769611209188588,
      "mae_surf_Ux": 0.22444059490725962,
      "mae_vol_Ux": 1.1720405100650482,
      "mae_surf_Uy": 0.130748590397078,
      "mae_vol_Uy": 0.3623839301731828,
      "mae_surf_p": 14.19879978703217,
      "mae_vol_p": 15.933199663278291
    },
    "test_re_rand": {
      "vol_loss": 0.04671541908755898,
      "surf_loss": 0.019984247328247873,
      "loss": 0.24655789237003772,
      "mae_surf_Ux": 0.36535686671187395,
      "mae_vol_Ux": 1.535534133008403,
      "mae_surf_Uy": 0.21337507962207525,
      "mae_vol_Uy": 0.5842218441532528,
      "mae_surf_p": 25.724495860980472,
      "mae_vol_p": 27.033976101354703
    }
  },
  "test_avg": {
    "avg/mae_surf_Ux": 0.38888853408421825,
    "avg/mae_surf_Uy": 0.22393587189483696,
    "avg/mae_surf_p": 27.592814018651598,
    "avg/mae_vol_Ux": 1.6534301825332327,
    "avg/mae_vol_Uy": 0.6242922361581821,
    "avg/mae_vol_p": 30.03489029689361
  }
}