{
  "models": [
    "models/model-9zzkx93b",
    "models/model-hgyfpk3n",
    "models/model-rn8corg4",
    "models/model-l91knfru",
    "models/model-bejxwr09",
    "models/model-8h6hggee",
    "models/model-ypb07aty"
  ],
  "val_per_split": {
    "val_single_in_dist": {
      "vol_loss": 0.07206461441703141,
      "surf_loss": 0.07014956659637392,
      "loss": 0.7735602803807706,
      "mae_surf_Ux": 0.2533204362188898,
      "mae_vol_Ux": 1.3805776233719091,
      "mae_surf_Uy": 0.18978719052567652,
      "mae_vol_Uy": 0.4703942757659627,
      "mae_surf_p": 28.307448785350893,
      "mae_vol_p": 29.400273050659596
    },
    "val_geom_camber_rc": {
      "vol_loss": 0.0944516847282648,
      "surf_loss": 0.039153252188116314,
      "loss": 0.485984206609428,
      "mae_surf_Ux": 0.5595573984840277,
      "mae_vol_Ux": 2.045504431590175,
      "mae_surf_Uy": 0.31894561377299274,
      "mae_vol_Uy": 0.9057428533367322,
      "mae_surf_p": 41.0340524491298,
      "mae_vol_p": 42.10471369067987
    },
    "val_geom_camber_cruise": {
      "vol_loss": 0.01945302488282323,
      "surf_loss": 0.008265929160406813,
      "loss": 0.10211231648689136,
      "mae_surf_Ux": 0.20648896997318253,
      "mae_vol_Ux": 1.0313842267644446,
      "mae_surf_Uy": 0.12257095438420142,
      "mae_vol_Uy": 0.3278604926537507,
      "mae_surf_p": 14.99012567083398,
      "mae_vol_p": 15.561328492212933
    },
    "val_re_rand": {
      "vol_loss": 0.08342659138143063,
      "surf_loss": 0.049312468832358715,
      "loss": 0.5765512797050177,
      "mae_surf_Ux": 0.4171673838658279,
      "mae_vol_Ux": 1.4588496573995,
      "mae_surf_Uy": 0.23254605382010804,
      "mae_vol_Uy": 0.606260627741243,
      "mae_surf_p": 31.902168721393796,
      "mae_vol_p": 30.666516488801605
    }
  },
  "val_avg": {
    "avg/mae_surf_Ux": 0.359133547135482,
    "avg/mae_surf_Uy": 0.2159624531257447,
    "avg/mae_surf_p": 29.058448906677118,
    "avg/mae_vol_Ux": 1.4790789847815071,
    "avg/mae_vol_Uy": 0.5775645623744221,
    "avg/mae_vol_p": 29.4332079305885
  },
  "test_per_split": {
    "test_single_in_dist": {
      "vol_loss": 0.08810320707969367,
      "surf_loss": 0.09499844295030925,
      "loss": 1.0380876365827862,
      "mae_surf_Ux": 0.2986053076955727,
      "mae_vol_Ux": 1.350783608275584,
      "mae_surf_Uy": 0.1887437588305162,
      "mae_vol_Uy": 0.47248151222807455,
      "mae_surf_p": 27.293867686852114,
      "mae_vol_p": 28.153028192764623
    },
    "test_geom_camber_rc": {
      "vol_loss": 0.09035816378891467,
      "surf_loss": 0.03849379118066281,
      "loss": 0.47529607559554277,
      "mae_surf_Ux": 0.5406438252875693,
      "mae_vol_Ux": 1.9843782408406105,
      "mae_surf_Uy": 0.29822163577272426,
      "mae_vol_Uy": 0.8409090641285335,
      "mae_surf_p": 36.9510289770344,
      "mae_vol_p": 38.250639870376716
    },
    "test_geom_camber_cruise": {
      "vol_loss": 0.015418397402390838,
      "surf_loss": 0.0046621347838663495,
      "loss": 0.06203974524105433,
      "mae_surf_Ux": 0.18574352641355932,
      "mae_vol_Ux": 0.9523773387150344,
      "mae_surf_Uy": 0.10740652406918795,
      "mae_vol_Uy": 0.2940393839121392,
      "mae_surf_p": 11.620856966801874,
      "mae_vol_p": 12.68907338344409
    },
    "test_re_rand": {
      "vol_loss": 0.03738243672996759,
      "surf_loss": 0.018563415344106035,
      "loss": 0.22301659017102793,
      "mae_surf_Ux": 0.31636612918213103,
      "mae_vol_Ux": 1.2823028393695761,
      "mae_surf_Uy": 0.18685412737908288,
      "mae_vol_Uy": 0.4882463790389648,
      "mae_surf_p": 23.10055334002429,
      "mae_vol_p": 23.1555574180577
    }
  },
  "test_avg": {
    "avg/mae_surf_Ux": 0.33533969714470807,
    "avg/mae_surf_Uy": 0.1953065115128778,
    "avg/mae_surf_p": 24.74157674267817,
    "avg/mae_vol_Ux": 1.3924605068002012,
    "avg/mae_vol_Uy": 0.523919084826928,
    "avg/mae_vol_p": 25.562074716160783
  }
}