{
  "models": [
    "models/model-9zzkx93b",
    "models/model-rn8corg4",
    "models/model-fydjunhq",
    "models/model-hgyfpk3n",
    "models/model-l91knfru",
    "models/model-sxgcxe9p",
    "models/model-8h6hggee"
  ],
  "val_per_split": {
    "val_single_in_dist": {
      "vol_loss": 0.07162349414080381,
      "surf_loss": 0.07277513624052517,
      "loss": 0.7993748565460556,
      "mae_surf_Ux": 0.25388909695810635,
      "mae_vol_Ux": 1.3695043621676561,
      "mae_surf_Uy": 0.1894035015145744,
      "mae_vol_Uy": 0.4640457491522347,
      "mae_surf_p": 28.214981596332812,
      "mae_vol_p": 28.753423446247503
    },
    "val_geom_camber_rc": {
      "vol_loss": 0.093215676471591,
      "surf_loss": 0.039583489932119846,
      "loss": 0.4890505757927895,
      "mae_surf_Ux": 0.5575551138299891,
      "mae_vol_Ux": 2.0327272047630447,
      "mae_surf_Uy": 0.31847023255645107,
      "mae_vol_Uy": 0.9046972404235315,
      "mae_surf_p": 40.8660049257808,
      "mae_vol_p": 41.40523854336294
    },
    "val_geom_camber_cruise": {
      "vol_loss": 0.019089076137170195,
      "surf_loss": 0.008342503237072378,
      "loss": 0.10251410850789397,
      "mae_surf_Ux": 0.205623909512601,
      "mae_vol_Ux": 1.0147312289235977,
      "mae_surf_Uy": 0.12203527707331419,
      "mae_vol_Uy": 0.32424297975858307,
      "mae_surf_p": 15.132270928186163,
      "mae_vol_p": 15.4800044245617
    },
    "val_re_rand": {
      "vol_loss": 0.08385258538648487,
      "surf_loss": 0.05050494543509558,
      "loss": 0.5889020397374407,
      "mae_surf_Ux": 0.41576696258692514,
      "mae_vol_Ux": 1.4412538910411443,
      "mae_surf_Uy": 0.22969509795815327,
      "mae_vol_Uy": 0.5981217344594945,
      "mae_surf_p": 32.00069532416747,
      "mae_vol_p": 30.443126743831247
    }
  },
  "val_avg": {
    "avg/mae_surf_Ux": 0.3582087707219054,
    "avg/mae_surf_Uy": 0.21490102727562324,
    "avg/mae_surf_p": 29.05348819361681,
    "avg/mae_vol_Ux": 1.4645541717238606,
    "avg/mae_vol_Uy": 0.572776925948461,
    "avg/mae_vol_p": 29.020448289500848
  },
  "test_per_split": {
    "test_single_in_dist": {
      "vol_loss": 0.08899136088788509,
      "surf_loss": 0.09907373419089709,
      "loss": 1.079728702796856,
      "mae_surf_Ux": 0.30259854472690606,
      "mae_vol_Ux": 1.3493416117872736,
      "mae_surf_Uy": 0.1886994487879716,
      "mae_vol_Uy": 0.46835378253403553,
      "mae_surf_p": 27.602841447749057,
      "mae_vol_p": 28.296467391003326
    },
    "test_geom_camber_rc": {
      "vol_loss": 0.09075950749218464,
      "surf_loss": 0.03871347555890679,
      "loss": 0.4778942630812526,
      "mae_surf_Ux": 0.5349969426354461,
      "mae_vol_Ux": 1.9780826615060136,
      "mae_surf_Uy": 0.29540996590911156,
      "mae_vol_Uy": 0.8377210230068011,
      "mae_surf_p": 36.83093296956229,
      "mae_vol_p": 37.88930084417648
    },
    "test_geom_camber_cruise": {
      "vol_loss": 0.014979958478361368,
      "surf_loss": 0.00469171429052949,
      "loss": 0.06189710138365626,
      "mae_surf_Ux": 0.18424607026600606,
      "mae_vol_Ux": 0.9339467655960207,
      "mae_surf_Uy": 0.10603386932969117,
      "mae_vol_Uy": 0.28929512912843636,
      "mae_surf_p": 11.643627768733362,
      "mae_vol_p": 12.543988858945731
    },
    "test_re_rand": {
      "vol_loss": 0.037215737849473955,
      "surf_loss": 0.01894555601174943,
      "loss": 0.22667129796696828,
      "mae_surf_Ux": 0.3141158947254355,
      "mae_vol_Ux": 1.2672937658230852,
      "mae_surf_Uy": 0.1856544807057005,
      "mae_vol_Uy": 0.4833539466554614,
      "mae_surf_p": 23.311979739597863,
      "mae_vol_p": 23.150182062991405
    }
  },
  "test_avg": {
    "avg/mae_surf_Ux": 0.3339893630884484,
    "avg/mae_surf_Uy": 0.19394944118311871,
    "avg/mae_surf_p": 24.847345481410642,
    "avg/mae_vol_Ux": 1.3821662011780984,
    "avg/mae_vol_Uy": 0.5196809703311835,
    "avg/mae_vol_p": 25.469984789279238
  }
}