{
  "models": [
    "models/model-ejvimr8w",
    "models/model-c3aaqyun",
    "models/model-zyqt699b"
  ],
  "val_per_split": {
    "val_single_in_dist": {
      "vol_loss": 0.09635537818074226,
      "surf_loss": 0.07877817095723003,
      "loss": 0.8841370877530426,
      "mae_surf_Ux": 0.4366693753071579,
      "mae_vol_Ux": 2.142836733672771,
      "mae_surf_Uy": 0.2648837000500503,
      "mae_vol_Uy": 0.7559146445466162,
      "mae_surf_p": 37.77398371852497,
      "mae_vol_p": 44.20061947972881
    },
    "val_geom_camber_rc": {
      "vol_loss": 0.14266709566116334,
      "surf_loss": 0.0565195993706584,
      "loss": 0.7078630893677473,
      "mae_surf_Ux": 0.8193941436701205,
      "mae_vol_Ux": 2.7966783219022746,
      "mae_surf_Uy": 0.4232217725047791,
      "mae_vol_Uy": 1.256711215104317,
      "mae_surf_p": 51.50858244156349,
      "mae_vol_p": 55.469726494905245
    },
    "val_geom_camber_cruise": {
      "vol_loss": 0.037671421486884356,
      "surf_loss": 0.01243805990088731,
      "loss": 0.16205202049575745,
      "mae_surf_Ux": 0.3323517760188267,
      "mae_vol_Ux": 1.5900526929922991,
      "mae_surf_Uy": 0.19146291724077277,
      "mae_vol_Uy": 0.5079404761330741,
      "mae_surf_p": 23.32014042953577,
      "mae_vol_p": 25.90538647052319
    },
    "val_re_rand": {
      "vol_loss": 0.10852020762860776,
      "surf_loss": 0.05118377703242004,
      "loss": 0.6203579779528081,
      "mae_surf_Ux": 0.5984769739695825,
      "mae_vol_Ux": 2.0931243460226394,
      "mae_surf_Uy": 0.30744334868612544,
      "mae_vol_Uy": 0.8572186882074061,
      "mae_surf_p": 39.71774265045288,
      "mae_vol_p": 41.446284438203435
    }
  },
  "val_avg": {
    "avg/mae_surf_Ux": 0.546723067241422,
    "avg/mae_surf_Uy": 0.2967529346204319,
    "avg/mae_surf_p": 38.080112310019274,
    "avg/mae_vol_Ux": 2.155673023647496,
    "avg/mae_vol_Uy": 0.8444462559978534,
    "avg/mae_vol_p": 41.755504220840166
  },
  "test_per_split": {
    "test_single_in_dist": {
      "vol_loss": 0.13281385039910673,
      "surf_loss": 0.1110276931617409,
      "loss": 1.2430907820165158,
      "mae_surf_Ux": 0.5432788077858496,
      "mae_vol_Ux": 2.132355184080473,
      "mae_surf_Uy": 0.2944947271774439,
      "mae_vol_Uy": 0.7811814100234022,
      "mae_surf_p": 40.81365875728684,
      "mae_vol_p": 45.59885769918435
    },
    "test_geom_camber_rc": {
      "vol_loss": 0.1293113439530134,
      "surf_loss": 0.04859162738546729,
      "loss": 0.6152276178076863,
      "mae_surf_Ux": 0.7817703791067312,
      "mae_vol_Ux": 2.7279117326179376,
      "mae_surf_Uy": 0.3981491657885322,
      "mae_vol_Uy": 1.1766205969717536,
      "mae_surf_p": 45.814687122066175,
      "mae_vol_p": 51.07609701327092
    },
    "test_geom_camber_cruise": {
      "vol_loss": 0.030546239288523794,
      "surf_loss": 0.007511350731365382,
      "loss": 0.10565974660217761,
      "mae_surf_Ux": 0.30398590256324565,
      "mae_vol_Ux": 1.484111926712674,
      "mae_surf_Uy": 0.1689652711212565,
      "mae_vol_Uy": 0.4608072034855132,
      "mae_surf_p": 18.643623536454783,
      "mae_vol_p": 22.048085844339013
    },
    "test_re_rand": {
      "vol_loss": 0.06507066262885929,
      "surf_loss": 0.025504956033546477,
      "loss": 0.3201202229643241,
      "mae_surf_Ux": 0.48159879212236056,
      "mae_vol_Ux": 1.9153649563350028,
      "mae_surf_Uy": 0.26832830300798244,
      "mae_vol_Uy": 0.7348304137244932,
      "mae_surf_p": 31.61224051096235,
      "mae_vol_p": 34.69073760046158
    }
  },
  "test_avg": {
    "avg/mae_surf_Ux": 0.5276584703945467,
    "avg/mae_surf_Uy": 0.2824843667738038,
    "avg/mae_surf_p": 34.22105248169254,
    "avg/mae_vol_Ux": 2.0649359499365216,
    "avg/mae_vol_Uy": 0.7883599060512906,
    "avg/mae_vol_p": 38.35344453931397
  }
}