{
  "models": [
    "models/model-ejvimr8w",
    "models/model-6pproozv",
    "models/model-u2phuy10",
    "models/model-wpj9rltw",
    "models/model-91gsowe3",
    "models/model-o5mpb9wu"
  ],
  "val_per_split": {
    "val_single_in_dist": {
      "vol_loss": 0.09786051616072655,
      "surf_loss": 0.08165240097558125,
      "loss": 0.9143845259165391,
      "mae_surf_Ux": 0.3648145555774085,
      "mae_vol_Ux": 1.960696699947885,
      "mae_surf_Uy": 0.2413907757928239,
      "mae_vol_Uy": 0.6793804427252066,
      "mae_surf_p": 35.22137745138001,
      "mae_vol_p": 39.78645997111369
    },
    "val_geom_camber_rc": {
      "vol_loss": 0.13719874702394008,
      "surf_loss": 0.054489264450967315,
      "loss": 0.6820913915336132,
      "mae_surf_Ux": 0.7375031392536817,
      "mae_vol_Ux": 2.613030516819302,
      "mae_surf_Uy": 0.39418348963506866,
      "mae_vol_Uy": 1.1630111929847864,
      "mae_surf_p": 49.37426668484627,
      "mae_vol_p": 52.87347045114217
    },
    "val_geom_camber_cruise": {
      "vol_loss": 0.03342519473284483,
      "surf_loss": 0.011597995874471962,
      "loss": 0.14940515347756445,
      "mae_surf_Ux": 0.2938646879748265,
      "mae_vol_Ux": 1.4571111267685894,
      "mae_surf_Uy": 0.17206523118557865,
      "mae_vol_Uy": 0.4644266245805718,
      "mae_surf_p": 21.434509211455104,
      "mae_vol_p": 23.333952199030715
    },
    "val_re_rand": {
      "vol_loss": 0.09918117612600326,
      "surf_loss": 0.049978049867786464,
      "loss": 0.598961674803868,
      "mae_surf_Ux": 0.5368871123047608,
      "mae_vol_Ux": 1.940866440622663,
      "mae_surf_Uy": 0.283540300685492,
      "mae_vol_Uy": 0.7894254315616241,
      "mae_surf_p": 37.70737043765741,
      "mae_vol_p": 38.60346928986296
    }
  },
  "val_avg": {
    "avg/mae_surf_Ux": 0.4832673737776694,
    "avg/mae_surf_Uy": 0.2727949493247408,
    "avg/mae_surf_p": 35.9343809463347,
    "avg/mae_vol_Ux": 1.9929261960396099,
    "avg/mae_vol_Uy": 0.7740609229630473,
    "avg/mae_vol_p": 38.64933797778738
  },
  "test_per_split": {
    "test_single_in_dist": {
      "vol_loss": 0.11026093639433383,
      "surf_loss": 0.09860460073919967,
      "loss": 1.0963069437863306,
      "mae_surf_Ux": 0.4378608141875469,
      "mae_vol_Ux": 1.9047030394027358,
      "mae_surf_Uy": 0.2563344434258169,
      "mae_vol_Uy": 0.6912756584860152,
      "mae_surf_p": 34.7440617999345,
      "mae_vol_p": 39.199370516279245
    },
    "test_geom_camber_rc": {
      "vol_loss": 0.11662346951663494,
      "surf_loss": 0.04550899805501103,
      "loss": 0.5717134500667452,
      "mae_surf_Ux": 0.6950039994407986,
      "mae_vol_Ux": 2.521993925166297,
      "mae_surf_Uy": 0.36307821858683126,
      "mae_vol_Uy": 1.0807945801157648,
      "mae_surf_p": 43.1414425900763,
      "mae_vol_p": 47.06356464302747
    },
    "test_geom_camber_cruise": {
      "vol_loss": 0.02687773627229035,
      "surf_loss": 0.006952895135618746,
      "loss": 0.09640668762847782,
      "mae_surf_Ux": 0.2644168922909903,
      "mae_vol_Ux": 1.363692657090804,
      "mae_surf_Uy": 0.15397382959629205,
      "mae_vol_Uy": 0.4200746872516046,
      "mae_surf_p": 17.094799304298057,
      "mae_vol_p": 19.45546303696095
    },
    "test_re_rand": {
      "vol_loss": 0.05604944966733456,
      "surf_loss": 0.0226665105111897,
      "loss": 0.2827145547792316,
      "mae_surf_Ux": 0.42348374080386986,
      "mae_vol_Ux": 1.7505563907947446,
      "mae_surf_Uy": 0.2416307860549098,
      "mae_vol_Uy": 0.6706769923823093,
      "mae_surf_p": 29.107467476881922,
      "mae_vol_p": 31.341693278129693
    }
  },
  "test_avg": {
    "avg/mae_surf_Ux": 0.45519136168080143,
    "avg/mae_surf_Uy": 0.2537543194159625,
    "avg/mae_surf_p": 31.021942792797695,
    "avg/mae_vol_Ux": 1.8852365031136453,
    "avg/mae_vol_Uy": 0.7157054795589235,
    "avg/mae_vol_p": 34.26502286859934
  }
}