{
  "models": [
    "models/model-ejvimr8w",
    "models/model-6pproozv",
    "models/model-u2phuy10",
    "models/model-wpj9rltw",
    "models/model-c3aaqyun"
  ],
  "val_per_split": {
    "val_single_in_dist": {
      "vol_loss": 0.09608834635466337,
      "surf_loss": 0.07809478612616658,
      "loss": 0.8770362076163292,
      "mae_surf_Ux": 0.3865603226298761,
      "mae_vol_Ux": 2.030179322442481,
      "mae_surf_Uy": 0.24697727300160072,
      "mae_vol_Uy": 0.7071457507718015,
      "mae_surf_p": 35.54412314892994,
      "mae_vol_p": 40.23246903076618
    },
    "val_geom_camber_rc": {
      "vol_loss": 0.14437832973897458,
      "surf_loss": 0.05743033353239298,
      "loss": 0.7186816650629043,
      "mae_surf_Ux": 0.7704249935307039,
      "mae_vol_Ux": 2.701582721750401,
      "mae_surf_Uy": 0.4069091951162004,
      "mae_vol_Uy": 1.2044411474575816,
      "mae_surf_p": 50.49646845539292,
      "mae_vol_p": 54.05640597725263
    },
    "val_geom_camber_cruise": {
      "vol_loss": 0.035085257720202205,
      "surf_loss": 0.011827607764862478,
      "loss": 0.15336133536882698,
      "mae_surf_Ux": 0.3031930263296148,
      "mae_vol_Ux": 1.5118819476550969,
      "mae_surf_Uy": 0.17911386175098262,
      "mae_vol_Uy": 0.47648129459047656,
      "mae_surf_p": 21.88582939469775,
      "mae_vol_p": 24.139110850040126
    },
    "val_re_rand": {
      "vol_loss": 0.09988572876900434,
      "surf_loss": 0.049878110843710605,
      "loss": 0.5986668372061104,
      "mae_surf_Ux": 0.5561039145286734,
      "mae_vol_Ux": 1.9991398348922522,
      "mae_surf_Uy": 0.2898252522681562,
      "mae_vol_Uy": 0.8069023523895038,
      "mae_surf_p": 37.73106290271036,
      "mae_vol_p": 38.68807168373825
    }
  },
  "val_avg": {
    "avg/mae_surf_Ux": 0.5040705642547171,
    "avg/mae_surf_Uy": 0.280706395534235,
    "avg/mae_surf_p": 36.414370975432746,
    "avg/mae_vol_Ux": 2.060695956685058,
    "avg/mae_vol_Uy": 0.7987426363023409,
    "avg/mae_vol_p": 39.2790143854493
  },
  "test_per_split": {
    "test_single_in_dist": {
      "vol_loss": 0.11256636848673224,
      "surf_loss": 0.09674630859983153,
      "loss": 1.0800294544850475,
      "mae_surf_Ux": 0.456832552810527,
      "mae_vol_Ux": 1.9745572775611302,
      "mae_surf_Uy": 0.26320250263801404,
      "mae_vol_Uy": 0.7177757584091445,
      "mae_surf_p": 35.034366480979706,
      "mae_vol_p": 39.64598738751167
    },
    "test_geom_camber_rc": {
      "vol_loss": 0.12224446572363376,
      "surf_loss": 0.047311313031241295,
      "loss": 0.5953575960360468,
      "mae_surf_Ux": 0.7241186643869387,
      "mae_vol_Ux": 2.609016521522683,
      "mae_surf_Uy": 0.37419228362599694,
      "mae_vol_Uy": 1.1165338415207318,
      "mae_surf_p": 43.988780628731504,
      "mae_vol_p": 48.23326669220941
    },
    "test_geom_camber_cruise": {
      "vol_loss": 0.02812175457365811,
      "surf_loss": 0.007101811830652878,
      "loss": 0.09913987288018689,
      "mae_surf_Ux": 0.2772601412870284,
      "mae_vol_Ux": 1.4125034171683446,
      "mae_surf_Uy": 0.1584799000419819,
      "mae_vol_Uy": 0.4323332565622119,
      "mae_surf_p": 17.475449854642992,
      "mae_vol_p": 20.213427862149693
    },
    "test_re_rand": {
      "vol_loss": 0.058509920686483384,
      "surf_loss": 0.02350552737014368,
      "loss": 0.29356519438792017,
      "mae_surf_Ux": 0.440181352357785,
      "mae_vol_Ux": 1.8107411780904181,
      "mae_surf_Uy": 0.2482334101469311,
      "mae_vol_Uy": 0.6896263015613111,
      "mae_surf_p": 29.72537088453819,
      "mae_vol_p": 32.146189347045365
    }
  },
  "test_avg": {
    "avg/mae_surf_Ux": 0.4745981777105698,
    "avg/mae_surf_Uy": 0.261027024113231,
    "avg/mae_surf_p": 31.555991962223096,
    "avg/mae_vol_Ux": 1.951704598585644,
    "avg/mae_vol_Uy": 0.7390672895133499,
    "avg/mae_vol_p": 35.05971782222903
  }
}