{
  "models": [
    "models/model-6kh8u2p0",
    "models/model-ejvimr8w",
    "models/model-6pproozv",
    "models/model-u2phuy10",
    "models/model-wpj9rltw",
    "models/model-91gsowe3",
    "models/model-d1s8ok00"
  ],
  "val_per_split": {
    "val_single_in_dist": {
      "vol_loss": 0.09137881856411695,
      "surf_loss": 0.07734656349522993,
      "loss": 0.8648444535164164,
      "mae_surf_Ux": 0.36148997589872656,
      "mae_vol_Ux": 1.926390979059624,
      "mae_surf_Uy": 0.23784071184888192,
      "mae_vol_Uy": 0.6630384234348484,
      "mae_surf_p": 34.54489783674135,
      "mae_vol_p": 38.66144986864603
    },
    "val_geom_camber_rc": {
      "vol_loss": 0.13263499937951564,
      "surf_loss": 0.05234092013910413,
      "loss": 0.6560442007705569,
      "mae_surf_Ux": 0.726091903885955,
      "mae_vol_Ux": 2.5972890443742753,
      "mae_surf_Uy": 0.38961458886811445,
      "mae_vol_Uy": 1.1523651266075856,
      "mae_surf_p": 48.5164781953656,
      "mae_vol_p": 51.54032468319241
    },
    "val_geom_camber_cruise": {
      "vol_loss": 0.03276367338374257,
      "surf_loss": 0.011243458238895982,
      "loss": 0.1451982557727024,
      "mae_surf_Ux": 0.2875345822927949,
      "mae_vol_Ux": 1.438836893848674,
      "mae_surf_Uy": 0.16782449632715807,
      "mae_vol_Uy": 0.4566943238557212,
      "mae_surf_p": 20.843858559683603,
      "mae_vol_p": 22.598770029312913
    },
    "val_re_rand": {
      "vol_loss": 0.10004630107432604,
      "surf_loss": 0.05179600721225142,
      "loss": 0.6180063731968403,
      "mae_surf_Ux": 0.536268536894797,
      "mae_vol_Ux": 1.9221467036615563,
      "mae_surf_Uy": 0.27845541693189524,
      "mae_vol_Uy": 0.7797044019041267,
      "mae_surf_p": 37.35710917779525,
      "mae_vol_p": 37.55155184231563
    }
  },
  "val_avg": {
    "avg/mae_surf_Ux": 0.4778462497430684,
    "avg/mae_surf_Uy": 0.2684338034940124,
    "avg/mae_surf_p": 35.31558594239645,
    "avg/mae_vol_Ux": 1.9711659052360324,
    "avg/mae_vol_Uy": 0.7629505689505705,
    "avg/mae_vol_p": 37.588024105866744
  },
  "test_per_split": {
    "test_single_in_dist": {
      "vol_loss": 0.10945502469316125,
      "surf_loss": 0.09838882264913991,
      "loss": 1.0933432511845602,
      "mae_surf_Ux": 0.42862980586543986,
      "mae_vol_Ux": 1.8775105751958316,
      "mae_surf_Uy": 0.2517139199642322,
      "mae_vol_Uy": 0.6792464029285915,
      "mae_surf_p": 33.905164542428494,
      "mae_vol_p": 38.02361819067219
    },
    "test_geom_camber_rc": {
      "vol_loss": 0.11609645113348961,
      "surf_loss": 0.04572812908329069,
      "loss": 0.5733777419663966,
      "mae_surf_Ux": 0.6883389614480716,
      "mae_vol_Ux": 2.503991524800323,
      "mae_surf_Uy": 0.35913003053341097,
      "mae_vol_Uy": 1.0704349006527634,
      "mae_surf_p": 42.861878164651706,
      "mae_vol_p": 46.47272785644515
    },
    "test_geom_camber_cruise": {
      "vol_loss": 0.026335817323997618,
      "surf_loss": 0.006746918706339784,
      "loss": 0.09380500438739546,
      "mae_surf_Ux": 0.25946320680968593,
      "mae_vol_Ux": 1.3434470323190872,
      "mae_surf_Uy": 0.15017299570038356,
      "mae_vol_Uy": 0.4130607776968844,
      "mae_surf_p": 16.629002087611635,
      "mae_vol_p": 18.816702377124475
    },
    "test_re_rand": {
      "vol_loss": 0.05567283231765032,
      "surf_loss": 0.022801177019719034,
      "loss": 0.2836846025148407,
      "mae_surf_Ux": 0.4200735194459946,
      "mae_vol_Ux": 1.7351577697123433,
      "mae_surf_Uy": 0.23679726004413992,
      "mae_vol_Uy": 0.6604705543160527,
      "mae_surf_p": 28.59919100003121,
      "mae_vol_p": 30.47396113989434
    }
  },
  "test_avg": {
    "avg/mae_surf_Ux": 0.449126373392298,
    "avg/mae_surf_Uy": 0.24945355156054166,
    "avg/mae_surf_p": 30.49880894868076,
    "avg/mae_vol_Ux": 1.8650267255068962,
    "avg/mae_vol_Uy": 0.705803158898573,
    "avg/mae_vol_p": 33.44675239103404
  }
}