{
  "models": [
    "models/model-ypb07aty",
    "models/model-vo48r551",
    "models/model-j1szokjr",
    "models/model-fjllis51",
    "models/model-6kh8u2p0",
    "models/model-ubqksdo4",
    "models/model-czkg9dos",
    "models/model-ucnbmdzy"
  ],
  "val_per_split": {
    "val_single_in_dist": {
      "vol_loss": 0.08226072497665882,
      "surf_loss": 0.0738152625481598,
      "loss": 0.8204133504582568,
      "mae_surf_Ux": 0.29666274841707824,
      "mae_vol_Ux": 1.6523984368658169,
      "mae_surf_Uy": 0.2140954120209396,
      "mae_vol_Uy": 0.570795063613638,
      "mae_surf_p": 31.797861574523097,
      "mae_vol_p": 34.98240262718029
    },
    "val_geom_camber_rc": {
      "vol_loss": 0.11109921790659427,
      "surf_loss": 0.04399650395847857,
      "loss": 0.55106425749138,
      "mae_surf_Ux": 0.6336841307655294,
      "mae_vol_Ux": 2.335229147212284,
      "mae_surf_Uy": 0.3548171117301671,
      "mae_vol_Uy": 1.0339142537146562,
      "mae_surf_p": 44.10402462752278,
      "mae_vol_p": 46.21758103059669
    },
    "val_geom_camber_cruise": {
      "vol_loss": 0.026015751641243697,
      "surf_loss": 0.009706909310771152,
      "loss": 0.12308484474895522,
      "mae_surf_Ux": 0.24546829984269825,
      "mae_vol_Ux": 1.2471890685475988,
      "mae_surf_Uy": 0.14863126259236822,
      "mae_vol_Uy": 0.399163015386502,
      "mae_surf_p": 17.96947357424614,
      "mae_vol_p": 19.370836525501126
    },
    "val_re_rand": {
      "vol_loss": 0.09548452131450176,
      "surf_loss": 0.050493888147175314,
      "loss": 0.600423402786255,
      "mae_surf_Ux": 0.4785847941121209,
      "mae_vol_Ux": 1.7059861449769573,
      "mae_surf_Uy": 0.25855347737465134,
      "mae_vol_Uy": 0.7036267231098476,
      "mae_surf_p": 34.839780855716675,
      "mae_vol_p": 34.592120662572604
    }
  },
  "val_avg": {
    "avg/mae_surf_Ux": 0.4135999932843567,
    "avg/mae_surf_Uy": 0.24402431592953155,
    "avg/mae_surf_p": 32.17778515800217,
    "avg/mae_vol_Ux": 1.7352006994006643,
    "avg/mae_vol_Uy": 0.676874763956161,
    "avg/mae_vol_p": 33.790735211462675
  },
  "test_per_split": {
    "test_single_in_dist": {
      "vol_loss": 0.10169180817902088,
      "surf_loss": 0.09516415576799772,
      "loss": 1.053333365858998,
      "mae_surf_Ux": 0.34613751220657546,
      "mae_vol_Ux": 1.6184190690073659,
      "mae_surf_Uy": 0.222379395443567,
      "mae_vol_Uy": 0.5837752152156195,
      "mae_surf_p": 30.871375412057155,
      "mae_vol_p": 34.66264399084419
    },
    "test_geom_camber_rc": {
      "vol_loss": 0.10297812085598707,
      "surf_loss": 0.04098610074259341,
      "loss": 0.5128391282819211,
      "mae_surf_Ux": 0.6143039376027037,
      "mae_vol_Ux": 2.261465770810289,
      "mae_surf_Uy": 0.330383635280182,
      "mae_vol_Uy": 0.958651417221104,
      "mae_surf_p": 39.340209796640586,
      "mae_vol_p": 42.220455117885344
    },
    "test_geom_camber_cruise": {
      "vol_loss": 0.020896737445145846,
      "surf_loss": 0.005590713139390573,
      "loss": 0.07680386883905158,
      "mae_surf_Ux": 0.22243418807972742,
      "mae_vol_Ux": 1.1654394014379115,
      "mae_surf_Uy": 0.13096366029220927,
      "mae_vol_Uy": 0.36131656318548255,
      "mae_surf_p": 14.126109647744537,
      "mae_vol_p": 15.960766485442239
    },
    "test_re_rand": {
      "vol_loss": 0.04658523105084896,
      "surf_loss": 0.020060416602063924,
      "loss": 0.2471893970714882,
      "mae_surf_Ux": 0.36321392858097895,
      "mae_vol_Ux": 1.5255645353204172,
      "mae_surf_Uy": 0.21325089772316885,
      "mae_vol_Uy": 0.5822876868269856,
      "mae_surf_p": 25.74691121154963,
      "mae_vol_p": 26.974447320574857
    }
  },
  "test_avg": {
    "avg/mae_surf_Ux": 0.3865223916174964,
    "avg/mae_surf_Uy": 0.22424439718478179,
    "avg/mae_surf_p": 27.52115151699798,
    "avg/mae_vol_Ux": 1.642722194143996,
    "avg/mae_vol_Uy": 0.6215077206122979,
    "avg/mae_vol_p": 29.954578228686657
  }
}