{
  "models": [
    "models/model-ypb07aty",
    "models/model-vo48r551",
    "models/model-j1szokjr"
  ],
  "val_per_split": {
    "val_single_in_dist": {
      "vol_loss": 0.07930608695372938,
      "surf_loss": 0.07016970032593235,
      "loss": 0.7810030902130529,
      "mae_surf_Ux": 0.3046253222274947,
      "mae_vol_Ux": 1.6199576609408608,
      "mae_surf_Uy": 0.21491456601886988,
      "mae_vol_Uy": 0.5696907264062931,
      "mae_surf_p": 31.292174050445983,
      "mae_vol_p": 34.95103304930658
    },
    "val_geom_camber_rc": {
      "vol_loss": 0.10640910170972347,
      "surf_loss": 0.04178654847666621,
      "loss": 0.5242745864763856,
      "mae_surf_Ux": 0.6194622648894542,
      "mae_vol_Ux": 2.2605440221678146,
      "mae_surf_Uy": 0.35239960688950206,
      "mae_vol_Uy": 1.0106306213636291,
      "mae_surf_p": 43.533275606388216,
      "mae_vol_p": 45.97769459115034
    },
    "val_geom_camber_cruise": {
      "vol_loss": 0.02398248864337802,
      "surf_loss": 0.009801560363266617,
      "loss": 0.12199809227604419,
      "mae_surf_Ux": 0.2512577047550299,
      "mae_vol_Ux": 1.2010962338805435,
      "mae_surf_Uy": 0.1489507101268904,
      "mae_vol_Uy": 0.3915918574499326,
      "mae_surf_p": 17.895563173834756,
      "mae_vol_p": 19.273675083342777
    },
    "val_re_rand": {
      "vol_loss": 0.09919047307223082,
      "surf_loss": 0.053761859694495796,
      "loss": 0.6368090700171888,
      "mae_surf_Ux": 0.4883956880610113,
      "mae_vol_Ux": 1.6768648447006538,
      "mae_surf_Uy": 0.2632966908292815,
      "mae_vol_Uy": 0.7038542003866005,
      "mae_surf_p": 36.001943129520946,
      "mae_vol_p": 36.102916078523485
    }
  },
  "val_avg": {
    "avg/mae_surf_Ux": 0.4159352449832475,
    "avg/mae_surf_Uy": 0.24489039346613595,
    "avg/mae_surf_p": 32.18073899004747,
    "avg/mae_vol_Ux": 1.6896156904224682,
    "avg/mae_vol_Uy": 0.6689418514016139,
    "avg/mae_vol_p": 34.07632970058079
  },
  "test_per_split": {
    "test_single_in_dist": {
      "vol_loss": 0.10267635609954595,
      "surf_loss": 0.09680928719579242,
      "loss": 1.07076922805747,
      "mae_surf_Ux": 0.34895700255477846,
      "mae_vol_Ux": 1.5756868140696434,
      "mae_surf_Uy": 0.21719086466143955,
      "mae_vol_Uy": 0.5744921627997972,
      "mae_surf_p": 30.578484418127044,
      "mae_vol_p": 34.68793848163562
    },
    "test_geom_camber_rc": {
      "vol_loss": 0.09950302377343177,
      "surf_loss": 0.04017093841452152,
      "loss": 0.501212407918647,
      "mae_surf_Ux": 0.6049905456780894,
      "mae_vol_Ux": 2.204074911568565,
      "mae_surf_Uy": 0.3292463433022322,
      "mae_vol_Uy": 0.9461986578032859,
      "mae_surf_p": 40.2518002571836,
      "mae_vol_p": 43.286475159117636
    },
    "test_geom_camber_cruise": {
      "vol_loss": 0.019612757978029548,
      "surf_loss": 0.005497702559223399,
      "loss": 0.07458978357026352,
      "mae_surf_Ux": 0.22485086888744488,
      "mae_vol_Ux": 1.1261024207432953,
      "mae_surf_Uy": 0.12955728828240723,
      "mae_vol_Uy": 0.35555673861459863,
      "mae_surf_p": 14.112216361306604,
      "mae_vol_p": 15.96773382498667
    },
    "test_re_rand": {
      "vol_loss": 0.04537330557592213,
      "surf_loss": 0.02061345102963969,
      "loss": 0.251507815872319,
      "mae_surf_Ux": 0.36696206510557583,
      "mae_vol_Ux": 1.4813030187111886,
      "mae_surf_Uy": 0.21428726027436548,
      "mae_vol_Uy": 0.5737156506661366,
      "mae_surf_p": 26.060979860612818,
      "mae_vol_p": 27.27792187767411
    }
  },
  "test_avg": {
    "avg/mae_surf_Ux": 0.38644012055647214,
    "avg/mae_surf_Uy": 0.2225704391301111,
    "avg/mae_surf_p": 27.75087022430752,
    "avg/mae_vol_Ux": 1.596791791273173,
    "avg/mae_vol_Uy": 0.6124908024709546,
    "avg/mae_vol_p": 30.30501733585351
  }
}