{
  "models": [
    "models/model-9zzkx93b",
    "models/model-hgyfpk3n",
    "models/model-rn8corg4",
    "models/model-l91knfru",
    "models/model-bejxwr09",
    "models/model-8h6hggee",
    "models/model-ypb07aty",
    "models/model-zlqil55y",
    "models/model-shewxo7e"
  ],
  "val_per_split": {
    "val_single_in_dist": {
      "vol_loss": 0.07427992256358266,
      "surf_loss": 0.07316004856606013,
      "loss": 0.8058804082241839,
      "mae_surf_Ux": 0.2522002936005222,
      "mae_vol_Ux": 1.3938780217710918,
      "mae_surf_Uy": 0.18931803289214985,
      "mae_vol_Uy": 0.4719119279786616,
      "mae_surf_p": 28.534589235426637,
      "mae_vol_p": 29.261788006943462
    },
    "val_geom_camber_rc": {
      "vol_loss": 0.09397527202963829,
      "surf_loss": 0.038949270360171796,
      "loss": 0.48346797563135624,
      "mae_surf_Ux": 0.5592872222689214,
      "mae_vol_Ux": 2.051973944103321,
      "mae_surf_Uy": 0.31730406640939507,
      "mae_vol_Uy": 0.9080397073855092,
      "mae_surf_p": 40.907113170927204,
      "mae_vol_p": 41.78802787417637
    },
    "val_geom_camber_cruise": {
      "vol_loss": 0.019916403805837035,
      "surf_loss": 0.008434421594720333,
      "loss": 0.10426061975304036,
      "mae_surf_Ux": 0.20680084465531387,
      "mae_vol_Ux": 1.0377941762903007,
      "mae_surf_Uy": 0.12245136713168135,
      "mae_vol_Uy": 0.32879740471136604,
      "mae_surf_p": 15.083733500898875,
      "mae_vol_p": 15.562610145519242
    },
    "val_re_rand": {
      "vol_loss": 0.08307349313050509,
      "surf_loss": 0.04935677892295644,
      "loss": 0.5766412823600694,
      "mae_surf_Ux": 0.41702163019916655,
      "mae_vol_Ux": 1.463857069914456,
      "mae_surf_Uy": 0.23111208646664474,
      "mae_vol_Uy": 0.6053455539066966,
      "mae_surf_p": 31.717582402179776,
      "mae_vol_p": 30.407087864944785
    }
  },
  "val_avg": {
    "avg/mae_surf_Ux": 0.358827497680981,
    "avg/mae_surf_Uy": 0.21504638822496774,
    "avg/mae_surf_p": 29.06075457735812,
    "avg/mae_vol_Ux": 1.4868758030197924,
    "avg/mae_vol_Uy": 0.5785236484955584,
    "avg/mae_vol_p": 29.254878472895964
  },
  "test_per_split": {
    "test_single_in_dist": {
      "vol_loss": 0.08757675047963857,
      "surf_loss": 0.09639009616919793,
      "loss": 1.051477712171618,
      "mae_surf_Ux": 0.29565793666474893,
      "mae_vol_Ux": 1.3546910132029502,
      "mae_surf_Uy": 0.18899463167814323,
      "mae_vol_Uy": 0.47201697081469535,
      "mae_surf_p": 27.395290584561472,
      "mae_vol_p": 28.07124468804924
    },
    "test_geom_camber_rc": {
      "vol_loss": 0.09027968447655439,
      "surf_loss": 0.03824570897500962,
      "loss": 0.47273677422665056,
      "mae_surf_Ux": 0.5421733245960076,
      "mae_vol_Ux": 1.988012725981461,
      "mae_surf_Uy": 0.29771159757966376,
      "mae_vol_Uy": 0.8391260345032387,
      "mae_surf_p": 36.56207086575817,
      "mae_vol_p": 37.908113737019086
    },
    "test_geom_camber_cruise": {
      "vol_loss": 0.015578709752298891,
      "surf_loss": 0.004680530688783619,
      "loss": 0.062384016640135084,
      "mae_surf_Ux": 0.1836298193124096,
      "mae_vol_Ux": 0.9564327801970726,
      "mae_surf_Uy": 0.10739385754841685,
      "mae_vol_Uy": 0.29415343801995336,
      "mae_surf_p": 11.627039674144395,
      "mae_vol_p": 12.53777822207821
    },
    "test_re_rand": {
      "vol_loss": 0.03728945538401604,
      "surf_loss": 0.018464041132247075,
      "loss": 0.2219298667064868,
      "mae_surf_Ux": 0.31414914937699734,
      "mae_vol_Ux": 1.2857673796894935,
      "mae_surf_Uy": 0.18608612353202303,
      "mae_vol_Uy": 0.48834358821982937,
      "mae_surf_p": 22.921484534822792,
      "mae_vol_p": 22.84857639992925
    }
  },
  "test_avg": {
    "avg/mae_surf_Ux": 0.3339025574875409,
    "avg/mae_surf_Uy": 0.19504655258456172,
    "avg/mae_surf_p": 24.626471414821708,
    "avg/mae_vol_Ux": 1.3962259747677443,
    "avg/mae_vol_Uy": 0.5234100078894293,
    "avg/mae_vol_p": 25.341428261768947
  }
}