{
  "ckpt": "models/model-ejvimr8w/checkpoint.pt",
  "config": {
    "dropout": 0.0,
    "fun_dim": 22,
    "mlp_ratio": 2,
    "n_head": 4,
    "n_hidden": 128,
    "n_layers": 3,
    "out_dim": 3,
    "output_dims": [
      1,
      1,
      1
    ],
    "output_fields": [
      "Ux",
      "Uy",
      "p"
    ],
    "slice_num": 64,
    "space_dim": 2,
    "use_eidetic": false
  },
  "n_params": 420047,
  "val_per_split": {
    "val_single_in_dist": {
      "vol_loss": 0.12230728473514318,
      "surf_loss": 0.0847068454278633,
      "loss": 0.9693757390137763,
      "mae_surf_Ux": 0.507718280969778,
      "mae_vol_Ux": 2.278252476893338,
      "mae_surf_Uy": 0.30276538720930957,
      "mae_vol_Uy": 0.8468194087214985,
      "mae_surf_p": 43.19025431051664,
      "mae_vol_p": 52.39279527935886
    },
    "val_geom_camber_rc": {
      "vol_loss": 0.1565988041460514,
      "surf_loss": 0.05982581846415996,
      "loss": 0.7548569887876511,
      "mae_surf_Ux": 0.8658246237184725,
      "mae_vol_Ux": 2.883384321535349,
      "mae_surf_Uy": 0.44572899842919156,
      "mae_vol_Uy": 1.3137443160954247,
      "mae_surf_p": 54.011564065582945,
      "mae_vol_p": 60.71813384820344
    },
    "val_geom_camber_cruise": {
      "vol_loss": 0.041503957472741604,
      "surf_loss": 0.013611326308455319,
      "loss": 0.17761722055729479,
      "mae_surf_Ux": 0.3991240229532312,
      "mae_vol_Ux": 1.6593169342214942,
      "mae_surf_Uy": 0.21536350016547018,
      "mae_vol_Uy": 0.5528243914634523,
      "mae_surf_p": 24.752660127255062,
      "mae_vol_p": 29.795046717502824
    },
    "val_re_rand": {
      "vol_loss": 0.12622551314532757,
      "surf_loss": 0.061168240802362564,
      "loss": 0.7379079211689532,
      "mae_surf_Ux": 0.6683151016101905,
      "mae_vol_Ux": 2.190079254624645,
      "mae_surf_Uy": 0.3297187075726043,
      "mae_vol_Uy": 0.9189252415602898,
      "mae_surf_p": 44.554394945309795,
      "mae_vol_p": 47.526031339315956
    }
  },
  "val_avg": {
    "avg/mae_surf_Ux": 0.610245507312918,
    "avg/mae_surf_Uy": 0.32339414834414393,
    "avg/mae_surf_p": 41.62721836216611,
    "avg/mae_vol_Ux": 2.2527582468187064,
    "avg/mae_vol_Uy": 0.9080783394601664,
    "avg/mae_vol_p": 47.60800179609527
  },
  "test_per_split": {
    "test_single_in_dist": {
      "vol_loss": 0.1307289014197886,
      "surf_loss": 0.10121490497840568,
      "loss": 1.1428779512038454,
      "mae_surf_Ux": 0.5310591640570351,
      "mae_vol_Ux": 2.161660095012862,
      "mae_surf_Uy": 0.30849323620678215,
      "mae_vol_Uy": 0.8287550146089594,
      "mae_surf_p": 39.82355377711054,
      "mae_vol_p": 48.748499238216134
    },
    "test_geom_camber_rc": {
      "vol_loss": 0.13375149182975293,
      "surf_loss": 0.049339882768690585,
      "loss": 0.6271503195166588,
      "mae_surf_Ux": 0.816470010268335,
      "mae_vol_Ux": 2.798793150476509,
      "mae_surf_Uy": 0.4180948480709651,
      "mae_vol_Uy": 1.235950322979109,
      "mae_surf_p": 48.854913128452516,
      "mae_vol_p": 56.43531088692431
    },
    "test_geom_camber_cruise": {
      "vol_loss": 0.03300541398115456,
      "surf_loss": 0.00831171517027542,
      "loss": 0.11612256568390875,
      "mae_surf_Ux": 0.35554157494155547,
      "mae_vol_Ux": 1.5333217803639463,
      "mae_surf_Uy": 0.19077679205706718,
      "mae_vol_Uy": 0.50001186335021,
      "mae_surf_p": 20.437303981958095,
      "mae_vol_p": 25.468674930228506
    },
    "test_re_rand": {
      "vol_loss": 0.07109221175312996,
      "surf_loss": 0.028504891581833364,
      "loss": 0.3561411275714636,
      "mae_surf_Ux": 0.5473621744883573,
      "mae_vol_Ux": 1.9914899784870337,
      "mae_surf_Uy": 0.290790256047002,
      "mae_vol_Uy": 0.7864320315973542,
      "mae_surf_p": 34.678768180932174,
      "mae_vol_p": 39.081744593637616
    }
  },
  "test_avg": {
    "avg/mae_surf_Ux": 0.5626082309388207,
    "avg/mae_surf_Uy": 0.3020387830954541,
    "avg/mae_surf_p": 35.94863476711333,
    "avg/mae_vol_Ux": 2.1213162510850876,
    "avg/mae_vol_Uy": 0.8377873081339081,
    "avg/mae_vol_p": 42.433557412251645
  }
}