{
  "models": [
    "models/model-ypb07aty",
    "models/model-vo48r551",
    "models/model-j1szokjr",
    "models/model-fjllis51",
    "models/model-6kh8u2p0",
    "models/model-ubqksdo4"
  ],
  "val_per_split": {
    "val_single_in_dist": {
      "vol_loss": 0.07907870683819056,
      "surf_loss": 0.06899671691469848,
      "loss": 0.7690458759851754,
      "mae_surf_Ux": 0.2924685049588277,
      "mae_vol_Ux": 1.624344016599745,
      "mae_surf_Uy": 0.21212791951895546,
      "mae_vol_Uy": 0.5633464826431441,
      "mae_surf_p": 31.045436935217133,
      "mae_vol_p": 34.7832126241038
    },
    "val_geom_camber_rc": {
      "vol_loss": 0.10898794330656529,
      "surf_loss": 0.04330534203909338,
      "loss": 0.542041363697499,
      "mae_surf_Ux": 0.6251284058881962,
      "mae_vol_Ux": 2.3045060120362963,
      "mae_surf_Uy": 0.35275532865830583,
      "mae_vol_Uy": 1.0255938323414684,
      "mae_surf_p": 43.623459659323125,
      "mae_vol_p": 45.80024269373784
    },
    "val_geom_camber_cruise": {
      "vol_loss": 0.025322837941348552,
      "surf_loss": 0.009788733964087441,
      "loss": 0.12321017758222297,
      "mae_surf_Ux": 0.24693354296429437,
      "mae_vol_Ux": 1.2309099601229632,
      "mae_surf_Uy": 0.14867845012559383,
      "mae_vol_Uy": 0.3941015444386504,
      "mae_surf_p": 17.783067177053994,
      "mae_vol_p": 19.10368470904552
    },
    "val_re_rand": {
      "vol_loss": 0.09279113449156284,
      "surf_loss": 0.049307742388918996,
      "loss": 0.5858685583807528,
      "mae_surf_Ux": 0.47539429801962796,
      "mae_vol_Ux": 1.6804242575333344,
      "mae_surf_Uy": 0.25498562706230526,
      "mae_vol_Uy": 0.6950774550846598,
      "mae_surf_p": 34.42393923882706,
      "mae_vol_p": 34.23646622850895
    }
  },
  "val_avg": {
    "avg/mae_surf_Ux": 0.4099811879577365,
    "avg/mae_surf_Uy": 0.2421368313412901,
    "avg/mae_surf_p": 31.718975752605328,
    "avg/mae_vol_Ux": 1.7100460615730846,
    "avg/mae_vol_Uy": 0.6695298286269806,
    "avg/mae_vol_p": 33.48090156384903
  },
  "test_per_split": {
    "test_single_in_dist": {
      "vol_loss": 0.10153433142229915,
      "surf_loss": 0.09444525630038697,
      "loss": 1.0459868944261688,
      "mae_surf_Ux": 0.3419655789482579,
      "mae_vol_Ux": 1.5937784796551138,
      "mae_surf_Uy": 0.21897031971604397,
      "mae_vol_Uy": 0.5763010197754295,
      "mae_surf_p": 30.873383592112297,
      "mae_vol_p": 34.72284546910729
    },
    "test_geom_camber_rc": {
      "vol_loss": 0.10144538287073374,
      "surf_loss": 0.04040256138890982,
      "loss": 0.5054709967598319,
      "mae_surf_Ux": 0.6108371595812188,
      "mae_vol_Ux": 2.2334086245228932,
      "mae_surf_Uy": 0.3284915003390337,
      "mae_vol_Uy": 0.9524540761931231,
      "mae_surf_p": 39.45469324054563,
      "mae_vol_p": 42.238337820754396
    },
    "test_geom_camber_cruise": {
      "vol_loss": 0.020259952466003598,
      "surf_loss": 0.005568990386091172,
      "loss": 0.07594985632691532,
      "mae_surf_Ux": 0.22321408618244676,
      "mae_vol_Ux": 1.1478143295255443,
      "mae_surf_Uy": 0.13054133387521433,
      "mae_vol_Uy": 0.3558795659485976,
      "mae_surf_p": 14.014099651404917,
      "mae_vol_p": 15.732705740034225
    },
    "test_re_rand": {
      "vol_loss": 0.04559732211753726,
      "surf_loss": 0.019862158668693154,
      "loss": 0.24421890880446878,
      "mae_surf_Ux": 0.36426133539267447,
      "mae_vol_Ux": 1.5018795137980814,
      "mae_surf_Uy": 0.2120478971742013,
      "mae_vol_Uy": 0.574663706994745,
      "mae_surf_p": 25.54563798069553,
      "mae_vol_p": 26.81915426502164
    }
  },
  "test_avg": {
    "avg/mae_surf_Ux": 0.38506954002614946,
    "avg/mae_surf_Uy": 0.2225127627761233,
    "avg/mae_surf_p": 27.471953616189595,
    "avg/mae_vol_Ux": 1.619220236875408,
    "avg/mae_vol_Uy": 0.6148245922279738,
    "avg/mae_vol_p": 29.878260823729388
  }
}