{
  "models": [
    "models/model-9zzkx93b",
    "models/model-rn8corg4",
    "models/model-l91knfru",
    "models/model-8h6hggee",
    "models/model-hgyfpk3n",
    "models/model-j1szokjr",
    "models/model-bejxwr09",
    "models/model-ypb07aty",
    "models/model-vo48r551"
  ],
  "val_per_split": {
    "val_single_in_dist": {
      "vol_loss": 0.07202323480509222,
      "surf_loss": 0.06963719853782095,
      "loss": 0.7683952201833018,
      "mae_surf_Ux": 0.25662208732517705,
      "mae_vol_Ux": 1.4039410192243156,
      "mae_surf_Uy": 0.1903142464796622,
      "mae_vol_Uy": 0.4787800389551615,
      "mae_surf_p": 28.378800660818914,
      "mae_vol_p": 29.564492614007424
    },
    "val_geom_camber_rc": {
      "vol_loss": 0.09551891423761845,
      "surf_loss": 0.03935228598304093,
      "loss": 0.4890417740680277,
      "mae_surf_Ux": 0.5599219705206459,
      "mae_vol_Ux": 2.0618056749160947,
      "mae_surf_Uy": 0.3202235146156045,
      "mae_vol_Uy": 0.9159016201824061,
      "mae_surf_p": 41.109844440995005,
      "mae_vol_p": 42.012079016204986
    },
    "val_geom_camber_cruise": {
      "vol_loss": 0.01975831632502377,
      "surf_loss": 0.008442249397048726,
      "loss": 0.10418081029551103,
      "mae_surf_Ux": 0.20871057922412994,
      "mae_vol_Ux": 1.0429357673721023,
      "mae_surf_Uy": 0.1253527402723869,
      "mae_vol_Uy": 0.33203521313917106,
      "mae_surf_p": 15.330222481723316,
      "mae_vol_p": 15.655722064251679
    },
    "val_re_rand": {
      "vol_loss": 0.08584299515932799,
      "surf_loss": 0.050038798870518805,
      "loss": 0.5862309838645161,
      "mae_surf_Ux": 0.4240772376200262,
      "mae_vol_Ux": 1.4822893041037706,
      "mae_surf_Uy": 0.23373282964316627,
      "mae_vol_Uy": 0.615504845736511,
      "mae_surf_p": 32.43010745360685,
      "mae_vol_p": 31.210119709550355
    }
  },
  "val_avg": {
    "avg/mae_surf_Ux": 0.36233296867249476,
    "avg/mae_surf_Uy": 0.21740583275270497,
    "avg/mae_surf_p": 29.312243759286023,
    "avg/mae_vol_Ux": 1.4977429414040708,
    "avg/mae_vol_Uy": 0.5855554295033124,
    "avg/mae_vol_p": 29.61060335100361
  },
  "test_per_split": {
    "test_single_in_dist": {
      "vol_loss": 0.08965608366765082,
      "surf_loss": 0.09527933013479924,
      "loss": 1.042449385015643,
      "mae_surf_Ux": 0.3000560960309352,
      "mae_vol_Ux": 1.369329894393888,
      "mae_surf_Uy": 0.1904006830381656,
      "mae_vol_Uy": 0.48082016029461505,
      "mae_surf_p": 27.541796278943853,
      "mae_vol_p": 28.59028250024339
    },
    "test_geom_camber_rc": {
      "vol_loss": 0.09118096813559533,
      "surf_loss": 0.03840648014564067,
      "loss": 0.4752457695920021,
      "mae_surf_Ux": 0.5421239797682607,
      "mae_vol_Ux": 2.0063638639403574,
      "mae_surf_Uy": 0.2995629289896251,
      "mae_vol_Uy": 0.8516623823300014,
      "mae_surf_p": 37.226559165990594,
      "mae_vol_p": 38.61963388466269
    },
    "test_geom_camber_cruise": {
      "vol_loss": 0.015879986369982363,
      "surf_loss": 0.004754462032578886,
      "loss": 0.06342460669577121,
      "mae_surf_Ux": 0.1875444969178285,
      "mae_vol_Ux": 0.9695389232644438,
      "mae_surf_Uy": 0.10937935664627552,
      "mae_vol_Uy": 0.2991467343119869,
      "mae_surf_p": 11.86584548693209,
      "mae_vol_p": 12.789451977443163
    },
    "test_re_rand": {
      "vol_loss": 0.037946445615962145,
      "surf_loss": 0.018444599229842425,
      "loss": 0.2223924379143864,
      "mae_surf_Ux": 0.31788192513308,
      "mae_vol_Ux": 1.3003384040031654,
      "mae_surf_Uy": 0.18786851139167457,
      "mae_vol_Uy": 0.4951144144293697,
      "mae_surf_p": 23.27613651623274,
      "mae_vol_p": 23.284065095894686
    }
  },
  "test_avg": {
    "avg/mae_surf_Ux": 0.3369016244625261,
    "avg/mae_surf_Uy": 0.1968028700164352,
    "avg/mae_surf_p": 24.977584362024817,
    "avg/mae_vol_Ux": 1.4113927714004637,
    "avg/mae_vol_Uy": 0.5316859228414933,
    "avg/mae_vol_p": 25.820858364560983
  }
}