{
  "models": [
    "models/model-ypb07aty",
    "models/model-vo48r551"
  ],
  "val_per_split": {
    "val_single_in_dist": {
      "vol_loss": 0.08132184674963355,
      "surf_loss": 0.07209232162102125,
      "loss": 0.8022450629598461,
      "mae_surf_Ux": 0.32248264200031346,
      "mae_vol_Ux": 1.6770463127619901,
      "mae_surf_Uy": 0.22272671678546,
      "mae_vol_Uy": 0.5959992087360776,
      "mae_surf_p": 32.09045040010113,
      "mae_vol_p": 36.51003406502599
    },
    "val_geom_camber_rc": {
      "vol_loss": 0.10972044341266156,
      "surf_loss": 0.04314193470403552,
      "loss": 0.5411397904530167,
      "mae_surf_Ux": 0.6482130998979109,
      "mae_vol_Ux": 2.311461022095371,
      "mae_surf_Uy": 0.3641771117770678,
      "mae_vol_Uy": 1.0368792732589798,
      "mae_surf_p": 44.80947230801585,
      "mae_vol_p": 47.73926743303167
    },
    "val_geom_camber_cruise": {
      "vol_loss": 0.025020358208566903,
      "surf_loss": 0.010205981591716408,
      "loss": 0.12708017412573097,
      "mae_surf_Ux": 0.2639713980321522,
      "mae_vol_Ux": 1.2361354078387388,
      "mae_surf_Uy": 0.1550478228368675,
      "mae_vol_Uy": 0.409314149779553,
      "mae_surf_p": 18.454056726617857,
      "mae_vol_p": 20.397564424189707
    },
    "val_re_rand": {
      "vol_loss": 0.09689851336181164,
      "surf_loss": 0.05204413621686399,
      "loss": 0.6173398755304516,
      "mae_surf_Ux": 0.5021744179171678,
      "mae_vol_Ux": 1.7111471424983529,
      "mae_surf_Uy": 0.27121379221301595,
      "mae_vol_Uy": 0.7205469525499313,
      "mae_surf_p": 36.299474493877966,
      "mae_vol_p": 36.914366247635265
    }
  },
  "val_avg": {
    "avg/mae_surf_Ux": 0.43421038946188606,
    "avg/mae_surf_Uy": 0.2532913609031028,
    "avg/mae_surf_p": 32.9133634821532,
    "avg/mae_vol_Ux": 1.7339474712986132,
    "avg/mae_vol_Uy": 0.6906848960811354,
    "avg/mae_vol_p": 35.39030804247066
  },
  "test_per_split": {
    "test_single_in_dist": {
      "vol_loss": 0.10488385524600745,
      "surf_loss": 0.09476579606009182,
      "loss": 1.0525418158469257,
      "mae_surf_Ux": 0.3679481819263815,
      "mae_vol_Ux": 1.6225990537929813,
      "mae_surf_Uy": 0.22523578653316303,
      "mae_vol_Uy": 0.5948157778412405,
      "mae_surf_p": 31.495593044874667,
      "mae_vol_p": 36.65866752505523
    },
    "test_geom_camber_rc": {
      "vol_loss": 0.10035864770412445,
      "surf_loss": 0.03983297245576978,
      "loss": 0.4986883722618222,
      "mae_surf_Ux": 0.6261488699891364,
      "mae_vol_Ux": 2.2520808715039107,
      "mae_surf_Uy": 0.3386750579962417,
      "mae_vol_Uy": 0.9687702284782475,
      "mae_surf_p": 40.619975319689416,
      "mae_vol_p": 44.33791340997293
    },
    "test_geom_camber_cruise": {
      "vol_loss": 0.020206557041965424,
      "surf_loss": 0.005574586394941434,
      "loss": 0.07595242099137976,
      "mae_surf_Ux": 0.23761684742103242,
      "mae_vol_Ux": 1.159212553366149,
      "mae_surf_Uy": 0.1350228575534417,
      "mae_vol_Uy": 0.36954803727435387,
      "mae_surf_p": 14.46993196505803,
      "mae_vol_p": 16.88241315416544
    },
    "test_re_rand": {
      "vol_loss": 0.04722427863627672,
      "surf_loss": 0.02117032275069505,
      "loss": 0.25892750614322724,
      "mae_surf_Ux": 0.38651200424588905,
      "mae_vol_Ux": 1.529009982349187,
      "mae_surf_Uy": 0.22356072244141573,
      "mae_vol_Uy": 0.5956110619981972,
      "mae_surf_p": 26.88443368896069,
      "mae_vol_p": 28.717464008357553
    }
  },
  "test_avg": {
    "avg/mae_surf_Ux": 0.40455647589560984,
    "avg/mae_surf_Uy": 0.23062360613106553,
    "avg/mae_surf_p": 28.3674835046457,
    "avg/mae_vol_Ux": 1.640725615253057,
    "avg/mae_vol_Uy": 0.6321862763980097,
    "avg/mae_vol_p": 31.649114524387787
  }
}