{
  "models": [
    "models/model-ejvimr8w",
    "models/model-6pproozv",
    "models/model-u2phuy10",
    "models/model-wpj9rltw"
  ],
  "val_per_split": {
    "val_single_in_dist": {
      "vol_loss": 0.09766861103475094,
      "surf_loss": 0.07970779566792771,
      "loss": 0.894746567714028,
      "mae_surf_Ux": 0.3882515970701394,
      "mae_vol_Ux": 2.01357524616986,
      "mae_surf_Uy": 0.24947892969263977,
      "mae_vol_Uy": 0.7017232088615848,
      "mae_surf_p": 35.9791506049698,
      "mae_vol_p": 40.692303540378
    },
    "val_geom_camber_rc": {
      "vol_loss": 0.14489528425037862,
      "surf_loss": 0.05762847064062953,
      "loss": 0.7211799906566738,
      "mae_surf_Ux": 0.762739319425673,
      "mae_vol_Ux": 2.6737090860566037,
      "mae_surf_Uy": 0.40670620963318427,
      "mae_vol_Uy": 1.1895522362125464,
      "mae_surf_p": 50.29113049525793,
      "mae_vol_p": 54.178884243457354
    },
    "val_geom_camber_cruise": {
      "vol_loss": 0.03470702352002263,
      "surf_loss": 0.011698593443725258,
      "loss": 0.15169295795727522,
      "mae_surf_Ux": 0.3039804407176399,
      "mae_vol_Ux": 1.4909212839455845,
      "mae_surf_Uy": 0.17895419944105143,
      "mae_vol_Uy": 0.4763062348804476,
      "mae_surf_p": 21.670462045823648,
      "mae_vol_p": 24.249781039552126
    },
    "val_re_rand": {
      "vol_loss": 0.10006526555866004,
      "surf_loss": 0.05102799080777913,
      "loss": 0.6103451736364514,
      "mae_surf_Ux": 0.5573533605314169,
      "mae_vol_Ux": 1.9785009496058885,
      "mae_surf_Uy": 0.2894248713132428,
      "mae_vol_Uy": 0.8029098144321931,
      "mae_surf_p": 37.916699804502194,
      "mae_vol_p": 38.936888381542204
    }
  },
  "val_avg": {
    "avg/mae_surf_Ux": 0.5030811794362173,
    "avg/mae_surf_Uy": 0.2811410525200296,
    "avg/mae_surf_p": 36.464360737638394,
    "avg/mae_vol_Ux": 2.039176641444484,
    "avg/mae_vol_Uy": 0.7926228735966929,
    "avg/mae_vol_p": 39.51446430123242
  },
  "test_per_split": {
    "test_single_in_dist": {
      "vol_loss": 0.10925972398370504,
      "surf_loss": 0.09592050653183833,
      "loss": 1.0684647893020882,
      "mae_surf_Ux": 0.45580828312310856,
      "mae_vol_Ux": 1.9462220518322237,
      "mae_surf_Uy": 0.2619641590954012,
      "mae_vol_Uy": 0.7081163390883091,
      "mae_surf_p": 35.121538585497134,
      "mae_vol_p": 39.78546460078341
    },
    "test_geom_camber_rc": {
      "vol_loss": 0.1204527672380209,
      "surf_loss": 0.04717165190726519,
      "loss": 0.5921692863106728,
      "mae_surf_Ux": 0.715823769802244,
      "mae_vol_Ux": 2.576584346205656,
      "mae_surf_Uy": 0.3716659546827118,
      "mae_vol_Uy": 1.1035983672851655,
      "mae_surf_p": 43.98877397345659,
      "mae_vol_p": 48.145334669573124
    },
    "test_geom_camber_cruise": {
      "vol_loss": 0.02772584152407944,
      "surf_loss": 0.007054962082765997,
      "loss": 0.09827546235173942,
      "mae_surf_Ux": 0.27558668734074543,
      "mae_vol_Ux": 1.3925499221200637,
      "mae_surf_Uy": 0.1592211567212745,
      "mae_vol_Uy": 0.4313303153861494,
      "mae_surf_p": 17.356008682480017,
      "mae_vol_p": 20.234814551569436
    },
    "test_re_rand": {
      "vol_loss": 0.05786881862208247,
      "surf_loss": 0.023594650235027076,
      "loss": 0.29381532097235324,
      "mae_surf_Ux": 0.44073361411387013,
      "mae_vol_Ux": 1.785994388632475,
      "mae_surf_Uy": 0.24719897205145258,
      "mae_vol_Uy": 0.6851352018957266,
      "mae_surf_p": 29.803469164681996,
      "mae_vol_p": 32.178817126651495
    }
  },
  "test_avg": {
    "avg/mae_surf_Ux": 0.47198808859499203,
    "avg/mae_surf_Uy": 0.26001256063771,
    "avg/mae_surf_p": 31.567447601528933,
    "avg/mae_vol_Ux": 1.9253376771976045,
    "avg/mae_vol_Uy": 0.7320450559138376,
    "avg/mae_vol_p": 35.08610773714437
  }
}