{
  "models": [
    "models/model-ejvimr8w",
    "models/model-6pproozv",
    "models/model-u2phuy10",
    "models/model-wpj9rltw",
    "models/model-d1s8ok00"
  ],
  "val_per_split": {
    "val_single_in_dist": {
      "vol_loss": 0.09598209396004677,
      "surf_loss": 0.0794674058468081,
      "loss": 0.8906561524281278,
      "mae_surf_Ux": 0.387244460065644,
      "mae_vol_Ux": 2.0044318581360305,
      "mae_surf_Uy": 0.24642130455004574,
      "mae_vol_Uy": 0.6928756110284496,
      "mae_surf_p": 35.78326514739706,
      "mae_vol_p": 40.027634311318565
    },
    "val_geom_camber_rc": {
      "vol_loss": 0.1401733699440956,
      "surf_loss": 0.05583819452673197,
      "loss": 0.6985553152114153,
      "mae_surf_Ux": 0.7590520622019439,
      "mae_vol_Ux": 2.665670818086725,
      "mae_surf_Uy": 0.40204895414426206,
      "mae_vol_Uy": 1.1868462801799855,
      "mae_surf_p": 50.12872216896467,
      "mae_vol_p": 53.32981065199406
    },
    "val_geom_camber_cruise": {
      "vol_loss": 0.034442676212638614,
      "surf_loss": 0.011533867921680213,
      "loss": 0.14978135542944074,
      "mae_surf_Ux": 0.29967177086295427,
      "mae_vol_Ux": 1.4860672751166346,
      "mae_surf_Uy": 0.17499763571425628,
      "mae_vol_Uy": 0.47226051761490473,
      "mae_surf_p": 21.564004286025156,
      "mae_vol_p": 23.854657422241562
    },
    "val_re_rand": {
      "vol_loss": 0.10419815085828305,
      "surf_loss": 0.05340459718368948,
      "loss": 0.6382441226951778,
      "mae_surf_Ux": 0.5575404400191224,
      "mae_vol_Ux": 1.9856111701226387,
      "mae_surf_Uy": 0.28748658250194553,
      "mae_vol_Uy": 0.8051609564606322,
      "mae_surf_p": 38.38150899155705,
      "mae_vol_p": 38.91242453079961
    }
  },
  "val_avg": {
    "avg/mae_surf_Ux": 0.5008771832874162,
    "avg/mae_surf_Uy": 0.2777386192276274,
    "avg/mae_surf_p": 36.464375148485985,
    "avg/mae_vol_Ux": 2.035445280365507,
    "avg/mae_vol_Uy": 0.789285841320993,
    "avg/mae_vol_p": 39.03113172908845
  },
  "test_per_split": {
    "test_single_in_dist": {
      "vol_loss": 0.10980680050328374,
      "surf_loss": 0.09650952665018848,
      "loss": 1.0749020670051685,
      "mae_surf_Ux": 0.4472972318269057,
      "mae_vol_Ux": 1.9432413159846933,
      "mae_surf_Uy": 0.258554166413154,
      "mae_vol_Uy": 0.7015681107537498,
      "mae_surf_p": 34.656665065225575,
      "mae_vol_p": 39.09914343619202
    },
    "test_geom_camber_rc": {
      "vol_loss": 0.11938199020922184,
      "surf_loss": 0.04662547065876424,
      "loss": 0.5856366967968643,
      "mae_surf_Ux": 0.7168512827427223,
      "mae_vol_Ux": 2.570975233372,
      "mae_surf_Uy": 0.3680156385540595,
      "mae_vol_Uy": 1.0986189924364935,
      "mae_surf_p": 43.58910046707463,
      "mae_vol_p": 47.610004468262964
    },
    "test_geom_camber_cruise": {
      "vol_loss": 0.02776298413053155,
      "surf_loss": 0.007019326239824295,
      "loss": 0.0979562465287745,
      "mae_surf_Ux": 0.2708402675401458,
      "mae_vol_Ux": 1.3885235249497252,
      "mae_surf_Uy": 0.15590365846065848,
      "mae_vol_Uy": 0.42931291902774266,
      "mae_surf_p": 17.298789035589877,
      "mae_vol_p": 19.857881312044796
    },
    "test_re_rand": {
      "vol_loss": 0.05834685984998941,
      "surf_loss": 0.023884944864548743,
      "loss": 0.29719630849547685,
      "mae_surf_Ux": 0.4391518283624787,
      "mae_vol_Ux": 1.7895036097921497,
      "mae_surf_Uy": 0.24393332807681134,
      "mae_vol_Uy": 0.6836665591936572,
      "mae_surf_p": 29.63184083928085,
      "mae_vol_p": 31.80021556480357
    }
  },
  "test_avg": {
    "avg/mae_surf_Ux": 0.4685351526180631,
    "avg/mae_surf_Uy": 0.2566016978761708,
    "avg/mae_surf_p": 31.294098851792732,
    "avg/mae_vol_Ux": 1.923060921024642,
    "avg/mae_vol_Uy": 0.7282916453529108,
    "avg/mae_vol_p": 34.59181119532584
  }
}