{
  "ckpts": [
    "models/model-8ztzpoxh/checkpoint.pt",
    "models/model-2oy26ziy/checkpoint.pt",
    "models/model-pk32z2he/checkpoint.pt",
    "models/model-8xf75b10/checkpoint.pt",
    "models/model-trnvje2c/checkpoint.pt",
    "models/model-bg2kvsv1/checkpoint.pt",
    "models/model-949gswoe/checkpoint.pt",
    "models/model-kh3nefuh/checkpoint.pt",
    "models/model-blhkctdv/checkpoint.pt",
    "models/model-twjw9azd/checkpoint.pt",
    "models/model-jairq28p/checkpoint.pt",
    "models/model-o0bashel/checkpoint.pt",
    "models/model-m2j5kh8c/checkpoint.pt"
  ],
  "model_config": {
    "dropout": 0.0,
    "fun_dim": 22,
    "mlp_ratio": 2,
    "n_head": 2,
    "n_hidden": 128,
    "n_layers": 3,
    "out_dim": 3,
    "output_dims": [
      1,
      1,
      1
    ],
    "output_fields": [
      "Ux",
      "Uy",
      "p"
    ],
    "rff_B_size": 16,
    "rff_coord_dims": 2,
    "rff_sigma": 0.0,
    "slice_num": 16,
    "slice_nums": null,
    "space_dim": 2
  },
  "val_avg": {
    "avg/mae_surf_Ux": 0.2742981613919621,
    "avg/mae_surf_Uy": 0.1755142435017982,
    "avg/mae_surf_p": 22.641986188775505,
    "avg/mae_vol_Ux": 1.2034375423876886,
    "avg/mae_vol_Uy": 0.4597095026009178,
    "avg/mae_vol_p": 21.803467356796844
  },
  "test_avg": {
    "avg/mae_surf_Ux": 0.26227072950321373,
    "avg/mae_surf_Uy": 0.16038192880081417,
    "avg/mae_surf_p": 19.95678264547104,
    "avg/mae_vol_Ux": 1.13057801875949,
    "avg/mae_vol_Uy": 0.416101469864971,
    "avg/mae_vol_p": 19.381095479747287
  },
  "val_per_split": {
    "val_single_in_dist": {
      "mae_surf_Ux": 0.17711893395797973,
      "mae_vol_Ux": 1.0570797522333601,
      "mae_surf_Uy": 0.15489506673201844,
      "mae_vol_Uy": 0.3397461257441431,
      "mae_surf_p": 20.870851000532546,
      "mae_vol_p": 19.940396482531703
    },
    "val_geom_camber_rc": {
      "mae_surf_Ux": 0.4747903511098569,
      "mae_vol_Ux": 1.8167470411643236,
      "mae_surf_Uy": 0.27767923414379087,
      "mae_vol_Uy": 0.795340627300493,
      "mae_surf_p": 35.53636127817326,
      "mae_vol_p": 35.603276006871894
    },
    "val_geom_camber_cruise": {
      "mae_surf_Ux": 0.12832536935396016,
      "mae_vol_Ux": 0.7594988886313305,
      "mae_surf_Uy": 0.08669720493404413,
      "mae_vol_Uy": 0.22311481300187153,
      "mae_surf_p": 9.372128579012983,
      "mae_vol_p": 8.827065710491814
    },
    "val_re_rand": {
      "mae_surf_Ux": 0.31695799114605167,
      "mae_vol_Ux": 1.1804244875217398,
      "mae_surf_Uy": 0.18278546819733935,
      "mae_vol_Uy": 0.4806364443571635,
      "mae_surf_p": 24.78860389738323,
      "mae_vol_p": 22.843131227291966
    }
  },
  "test_per_split": {
    "test_single_in_dist": {
      "mae_surf_Ux": 0.2275843650630685,
      "mae_vol_Ux": 1.0348706603485813,
      "mae_surf_Uy": 0.1580994491648929,
      "mae_vol_Uy": 0.34452214322383296,
      "mae_surf_p": 22.033605415232188,
      "mae_vol_p": 21.11753743326964
    },
    "test_geom_camber_rc": {
      "mae_surf_Ux": 0.48459931547106383,
      "mae_vol_Ux": 1.7864806332661776,
      "mae_surf_Uy": 0.26714086443187307,
      "mae_vol_Uy": 0.752954025466608,
      "mae_surf_p": 34.41376326236119,
      "mae_vol_p": 34.158703326145535
    },
    "test_geom_camber_cruise": {
      "mae_surf_Ux": 0.11052601318889835,
      "mae_vol_Ux": 0.6989644956319199,
      "mae_surf_Uy": 0.07336066890009478,
      "mae_vol_Uy": 0.1974361116697722,
      "mae_surf_p": 6.996637036778333,
      "mae_vol_p": 6.888288118542404
    },
    "test_re_rand": {
      "mae_surf_Ux": 0.22637322428982432,
      "mae_vol_Ux": 1.0019962857912814,
      "mae_surf_Uy": 0.14292673270639597,
      "mae_vol_Uy": 0.3694935990996709,
      "mae_surf_p": 16.38312486751245,
      "mae_vol_p": 15.359853041031567
    }
  }
}