{
  "ckpts": [
    "models/model-8ztzpoxh/checkpoint.pt",
    "models/model-2oy26ziy/checkpoint.pt",
    "models/model-pk32z2he/checkpoint.pt",
    "models/model-8xf75b10/checkpoint.pt",
    "models/model-trnvje2c/checkpoint.pt",
    "models/model-bg2kvsv1/checkpoint.pt",
    "models/model-949gswoe/checkpoint.pt",
    "models/model-kh3nefuh/checkpoint.pt",
    "models/model-blhkctdv/checkpoint.pt",
    "models/model-twjw9azd/checkpoint.pt",
    "models/model-jairq28p/checkpoint.pt",
    "models/model-o0bashel/checkpoint.pt",
    "models/model-m2j5kh8c/checkpoint.pt",
    "models/model-utzmuobv/checkpoint.pt",
    "models/model-pls84mrk/checkpoint.pt",
    "models/model-evzsp44t/checkpoint.pt",
    "models/model-zimh68rk/checkpoint.pt",
    "models/model-l2oj7zwh/checkpoint.pt",
    "models/model-wpi4gj57/checkpoint.pt"
  ],
  "model_config": {
    "dropout": 0.0,
    "fun_dim": 22,
    "mlp_ratio": 2,
    "n_head": 2,
    "n_hidden": 128,
    "n_layers": 3,
    "out_dim": 3,
    "output_dims": [
      1,
      1,
      1
    ],
    "output_fields": [
      "Ux",
      "Uy",
      "p"
    ],
    "rff_B_size": 16,
    "rff_coord_dims": 2,
    "rff_sigma": 0.0,
    "slice_num": 16,
    "slice_nums": null,
    "space_dim": 2
  },
  "val_avg": {
    "avg/mae_surf_Ux": 0.2728171533739796,
    "avg/mae_surf_Uy": 0.1755657233139441,
    "avg/mae_surf_p": 22.74849995223013,
    "avg/mae_vol_Ux": 1.2082007165376147,
    "avg/mae_vol_Uy": 0.4600895515510699,
    "avg/mae_vol_p": 21.79808150054551
  },
  "test_avg": {
    "avg/mae_surf_Ux": 0.2628974403968914,
    "avg/mae_surf_Uy": 0.1613878473716887,
    "avg/mae_surf_p": 20.07461760290805,
    "avg/mae_vol_Ux": 1.1380005912767073,
    "avg/mae_vol_Uy": 0.417582711923437,
    "avg/mae_vol_p": 19.403034563475067
  },
  "val_per_split": {
    "val_single_in_dist": {
      "mae_surf_Ux": 0.17653910170015813,
      "mae_vol_Ux": 1.067460786907199,
      "mae_surf_Uy": 0.1557634315981218,
      "mae_vol_Uy": 0.34201007755205975,
      "mae_surf_p": 21.31866599164902,
      "mae_vol_p": 20.159760007537777
    },
    "val_geom_camber_rc": {
      "mae_surf_Ux": 0.47117808474379913,
      "mae_vol_Ux": 1.815715606624818,
      "mae_surf_Uy": 0.27819469640101757,
      "mae_vol_Uy": 0.7942416659174623,
      "mae_surf_p": 35.429465748510715,
      "mae_vol_p": 35.45072891743216
    },
    "val_geom_camber_cruise": {
      "mae_surf_Ux": 0.1269901249757647,
      "mae_vol_Ux": 0.7640665295518572,
      "mae_surf_Uy": 0.08594482751967257,
      "mae_vol_Uy": 0.223147770162976,
      "mae_surf_p": 9.333872250814977,
      "mae_vol_p": 8.7527186566403
    },
    "val_re_rand": {
      "mae_surf_Ux": 0.31656130207619637,
      "mae_vol_Ux": 1.1855599430665844,
      "mae_surf_Uy": 0.18235993773696443,
      "mae_vol_Uy": 0.48095869257178164,
      "mae_surf_p": 24.91199581794581,
      "mae_vol_p": 22.82911842057181
    }
  },
  "test_per_split": {
    "test_single_in_dist": {
      "mae_surf_Ux": 0.23317600074600506,
      "mae_vol_Ux": 1.052844490597729,
      "mae_surf_Uy": 0.1614453569162483,
      "mae_vol_Uy": 0.3479697837181386,
      "mae_surf_p": 22.35713879450261,
      "mae_vol_p": 21.33050500607892
    },
    "test_geom_camber_rc": {
      "mae_surf_Ux": 0.4849157384584741,
      "mae_vol_Ux": 1.789355689102569,
      "mae_surf_Uy": 0.2682550081058495,
      "mae_vol_Uy": 0.7546572601581096,
      "mae_surf_p": 34.49969803913751,
      "mae_vol_p": 34.13141261603035
    },
    "test_geom_camber_cruise": {
      "mae_surf_Ux": 0.10960923466268187,
      "mae_vol_Ux": 0.704440163936995,
      "mae_surf_Uy": 0.07301163502216891,
      "mae_vol_Uy": 0.1977498769304955,
      "mae_surf_p": 6.978718241420497,
      "mae_vol_p": 6.811452973925375
    },
    "test_re_rand": {
      "mae_surf_Ux": 0.22388878772040446,
      "mae_vol_Ux": 1.0053620214695362,
      "mae_surf_Uy": 0.14283938944248814,
      "mae_vol_Uy": 0.36995392688700424,
      "mae_surf_p": 16.46291533657158,
      "mae_vol_p": 15.33876765786563
    }
  }
}