{
  "ckpts": [
    "models/model-8ztzpoxh/checkpoint.pt",
    "models/model-2oy26ziy/checkpoint.pt",
    "models/model-pk32z2he/checkpoint.pt",
    "models/model-8xf75b10/checkpoint.pt",
    "models/model-trnvje2c/checkpoint.pt",
    "models/model-bg2kvsv1/checkpoint.pt",
    "models/model-949gswoe/checkpoint.pt",
    "models/model-kh3nefuh/checkpoint.pt"
  ],
  "model_config": {
    "dropout": 0.0,
    "fun_dim": 22,
    "mlp_ratio": 2,
    "n_head": 2,
    "n_hidden": 128,
    "n_layers": 3,
    "out_dim": 3,
    "output_dims": [
      1,
      1,
      1
    ],
    "output_fields": [
      "Ux",
      "Uy",
      "p"
    ],
    "rff_B_size": 16,
    "rff_coord_dims": 2,
    "rff_sigma": 0.0,
    "slice_num": 16,
    "slice_nums": null,
    "space_dim": 2
  },
  "val_avg": {
    "avg/mae_surf_Ux": 0.2768961992977967,
    "avg/mae_surf_Uy": 0.17632349101079628,
    "avg/mae_surf_p": 22.654814863543862,
    "avg/mae_vol_Ux": 1.2146655921484941,
    "avg/mae_vol_Uy": 0.46399818941247767,
    "avg/mae_vol_p": 21.935982582504245
  },
  "test_avg": {
    "avg/mae_surf_Ux": 0.2657034855050116,
    "avg/mae_surf_Uy": 0.1623794143095379,
    "avg/mae_surf_p": 20.12029996050633,
    "avg/mae_vol_Ux": 1.1412690162257442,
    "avg/mae_vol_Uy": 0.4217800614849101,
    "avg/mae_vol_p": 19.681255974491958
  },
  "val_per_split": {
    "val_single_in_dist": {
      "mae_surf_Ux": 0.1804875280394787,
      "mae_vol_Ux": 1.076669718530015,
      "mae_surf_Uy": 0.15615106515687388,
      "mae_vol_Uy": 0.34746777208747326,
      "mae_surf_p": 21.07659856510425,
      "mae_vol_p": 20.29545567989127
    },
    "val_geom_camber_rc": {
      "mae_surf_Ux": 0.48151575574132227,
      "mae_vol_Ux": 1.8378043300414333,
      "mae_surf_Uy": 0.27990326095346524,
      "mae_vol_Uy": 0.8029723508497746,
      "mae_surf_p": 35.53032010377149,
      "mae_vol_p": 35.85756568465916
    },
    "val_geom_camber_cruise": {
      "mae_surf_Ux": 0.13111876617876284,
      "mae_vol_Ux": 0.7624082643960959,
      "mae_surf_Uy": 0.08743162755656979,
      "mae_vol_Uy": 0.2271687205579436,
      "mae_surf_p": 9.56234169216035,
      "mae_vol_p": 9.104919937488184
    },
    "val_re_rand": {
      "mae_surf_Ux": 0.3144627472316229,
      "mae_vol_Ux": 1.1817800556264326,
      "mae_surf_Uy": 0.18180801037627625,
      "mae_vol_Uy": 0.47838391415471926,
      "mae_surf_p": 24.449999093139365,
      "mae_vol_p": 22.485989027978373
    }
  },
  "test_per_split": {
    "test_single_in_dist": {
      "mae_surf_Ux": 0.23258296395046246,
      "mae_vol_Ux": 1.052466179752845,
      "mae_surf_Uy": 0.16100263010497434,
      "mae_vol_Uy": 0.35373975433866633,
      "mae_surf_p": 22.33504599846401,
      "mae_vol_p": 21.714920377636272
    },
    "test_geom_camber_rc": {
      "mae_surf_Ux": 0.48789979038164877,
      "mae_vol_Ux": 1.7984420340831855,
      "mae_surf_Uy": 0.26953683204721396,
      "mae_vol_Uy": 0.7573852186532971,
      "mae_surf_p": 34.43901020906156,
      "mae_vol_p": 34.2361826228068
    },
    "test_geom_camber_cruise": {
      "mae_surf_Ux": 0.11243313347700008,
      "mae_vol_Ux": 0.7007276260828147,
      "mae_surf_Uy": 0.07407879994775823,
      "mae_vol_Uy": 0.20101685785940862,
      "mae_surf_p": 7.0984392677287484,
      "mae_vol_p": 7.0664173111362265
    },
    "test_re_rand": {
      "mae_surf_Ux": 0.229898054210935,
      "mae_vol_Ux": 1.0134402249841314,
      "mae_surf_Uy": 0.144899395138205,
      "mae_vol_Uy": 0.37497841508826835,
      "mae_surf_p": 16.608704366771004,
      "mae_vol_p": 15.707503586388533
    }
  }
}