{
  "thresholds": [
    0.05,
    0.1
  ],
  "per_split": {
    "val_single_in_dist": {
      "Ux": {
        "n_points": 8565300.0,
        "lin_frac_thr_0.05": 0.5079749687693368,
        "lin_frac_thr_0.1": 0.3188997466521897
      },
      "Uy": {
        "n_points": 8565300.0,
        "lin_frac_thr_0.05": 0.4996186940329002,
        "lin_frac_thr_0.1": 0.3103745344588047
      },
      "p": {
        "n_points": 8565300.0,
        "lin_frac_thr_0.05": 0.4185742472534529,
        "lin_frac_thr_0.1": 0.2655115407516374
      },
      "aggregate": {
        "n_points": 25695900.0,
        "lin_frac_thr_0.05": 0.4753893033518966,
        "lin_frac_thr_0.1": 0.29826194062087724
      }
    },
    "val_geom_camber_rc": {
      "Ux": {
        "n_points": 12731605.0,
        "lin_frac_thr_0.05": 0.6277323244005764,
        "lin_frac_thr_0.1": 0.4229742440171526
      },
      "Uy": {
        "n_points": 12731605.0,
        "lin_frac_thr_0.05": 0.6493048598350326,
        "lin_frac_thr_0.1": 0.45701190069908704
      },
      "p": {
        "n_points": 12731605.0,
        "lin_frac_thr_0.05": 0.47129446758676535,
        "lin_frac_thr_0.1": 0.29550579051109427
      },
      "aggregate": {
        "n_points": 38194815.0,
        "lin_frac_thr_0.05": 0.5827772172741248,
        "lin_frac_thr_0.1": 0.391830645075778
      }
    },
    "val_geom_camber_cruise": {
      "Ux": {
        "n_points": 20683056.0,
        "lin_frac_thr_0.05": 0.3930138273570405,
        "lin_frac_thr_0.1": 0.2160700043552558
      },
      "Uy": {
        "n_points": 20683056.0,
        "lin_frac_thr_0.05": 0.34475973956653216,
        "lin_frac_thr_0.1": 0.17056932979343092
      },
      "p": {
        "n_points": 20683056.0,
        "lin_frac_thr_0.05": 0.2723140139445544,
        "lin_frac_thr_0.1": 0.142688681982005
      },
      "aggregate": {
        "n_points": 62049168.0,
        "lin_frac_thr_0.05": 0.3366958602893757,
        "lin_frac_thr_0.1": 0.1764426720435639
      }
    },
    "val_re_rand": {
      "Ux": {
        "n_points": 16132263.0,
        "lin_frac_thr_0.05": 0.4976751866740581,
        "lin_frac_thr_0.1": 0.30709318339280733
      },
      "Uy": {
        "n_points": 16132263.0,
        "lin_frac_thr_0.05": 0.48356699862877267,
        "lin_frac_thr_0.1": 0.2966200092324307
      },
      "p": {
        "n_points": 16132263.0,
        "lin_frac_thr_0.05": 0.346594832975386,
        "lin_frac_thr_0.1": 0.19823870959703546
      },
      "aggregate": {
        "n_points": 48396789.0,
        "lin_frac_thr_0.05": 0.44261233942607225,
        "lin_frac_thr_0.1": 0.2673173007407578
      }
    }
  },
  "overall_per_channel": {
    "Ux": {
      "n_points": 58112224.0,
      "lin_frac_thr_0.05": 0.490436435542374,
      "lin_frac_thr_0.1": 0.301824776143484
    },
    "Uy": {
      "n_points": 58112224.0,
      "lin_frac_thr_0.05": 0.4728401377307466,
      "lin_frac_thr_0.1": 0.2889236006524204
    },
    "p": {
      "n_points": 58112224.0,
      "lin_frac_thr_0.05": 0.35808634685879515,
      "lin_frac_thr_0.1": 0.20969298989486274
    },
    "aggregate": {
      "n_points": 174336672.0,
      "lin_frac_thr_0.05": 0.4404543067106386,
      "lin_frac_thr_0.1": 0.26681378889692237
    }
  }
}