{
  "type": "ckpt_avg",
  "n_ckpts": 3,
  "avg_epochs": [
    14,
    15,
    16
  ],
  "best_single_epoch": 16,
  "best_single_val_avg/mae_surf_p": 97.15083422528338,
  "avg_val_avg/mae_surf_p": 97.38087196591096,
  "delta_vs_best_single": 0.23003774062757998,
  "per_split": {
    "val_single_in_dist": {
      "vol_loss": 0.44392512053251265,
      "surf_loss": 0.2640700414031744,
      "loss": 3.084625534564257,
      "mae_surf_Ux": 1.2084173974658958,
      "mae_vol_Ux": 4.492069065231548,
      "mae_surf_Uy": 0.6695114466397006,
      "mae_vol_Uy": 1.9158410734324445,
      "mae_surf_p": 109.78038005599718,
      "mae_vol_p": 123.30016817687688
    },
    "val_geom_camber_rc": {
      "vol_loss": 0.5061440885066986,
      "surf_loss": 0.24864854760468005,
      "loss": 2.992629564553499,
      "mae_surf_Ux": 2.0460658809752434,
      "mae_vol_Ux": 5.004189312310636,
      "mae_surf_Uy": 0.9377823870373619,
      "mae_vol_Uy": 2.6385337917057705,
      "mae_surf_p": 109.28452722496958,
      "mae_vol_p": 117.55484441651204
    },
    "val_geom_camber_cruise": {
      "vol_loss": 0.16722741775214672,
      "surf_loss": 0.07723190776072443,
      "loss": 0.939546495359391,
      "mae_surf_Ux": 0.9213442393042682,
      "mae_vol_Ux": 3.4332441360978527,
      "mae_surf_Uy": 0.5092470962189014,
      "mae_vol_Uy": 1.2166278576007832,
      "mae_surf_p": 76.98326901767038,
      "mae_vol_p": 76.73587724505944
    },
    "val_re_rand": {
      "vol_loss": 0.3308141028881073,
      "surf_loss": 0.16000005722045899,
      "loss": 1.930814675092697,
      "mae_surf_Ux": 1.4660945833170302,
      "mae_vol_Ux": 4.008140024201957,
      "mae_surf_Uy": 0.7209149653541135,
      "mae_vol_Uy": 1.8471381294893134,
      "mae_surf_p": 93.47531156500668,
      "mae_vol_p": 92.05904270161811
    }
  },
  "val_avg": {
    "avg/mae_surf_Ux": 1.4104805252656094,
    "avg/mae_surf_Uy": 0.7093639738125194,
    "avg/mae_surf_p": 97.38087196591096,
    "avg/mae_vol_Ux": 4.234410634460499,
    "avg/mae_vol_Uy": 1.9045352130570778,
    "avg/mae_vol_p": 102.41248313501661
  }
}