{
  "per_split": {
    "test_single_in_dist": {
      "mae_surf_Ux": 2.361468329486463,
      "mae_surf_Uy": 0.9909140573964162,
      "mae_surf_p": 173.0112320627662,
      "mae_vol_Ux": 5.788954423374607,
      "mae_vol_Uy": 2.4060462309358193,
      "mae_vol_p": 164.64768770456172
    },
    "test_geom_camber_rc": {
      "mae_surf_Ux": 2.729632488831442,
      "mae_surf_Uy": 1.1188698946781956,
      "mae_surf_p": 120.21862319688773,
      "mae_vol_Ux": 5.696400005245727,
      "mae_vol_Uy": 3.0190341494991935,
      "mae_vol_p": 119.3501104332634
    },
    "test_geom_camber_cruise": {
      "mae_surf_Ux": 1.3698535018008142,
      "mae_surf_Uy": 0.5939394995370472,
      "mae_surf_p": 82.82829851026655,
      "mae_vol_Ux": 3.9677729420289314,
      "mae_vol_Uy": 1.4352409783903108,
      "mae_vol_p": 81.0030008456855
    },
    "test_re_rand": {
      "mae_surf_Ux": 2.072794189261952,
      "mae_surf_Uy": 0.883033159565677,
      "mae_surf_p": 116.52842216946098,
      "mae_vol_Ux": 4.811357711078197,
      "mae_vol_Uy": 2.1351851929157646,
      "mae_vol_p": 114.96401741460467
    }
  },
  "avg": {
    "avg/mae_surf_Ux": 2.133437127345168,
    "avg/mae_surf_Uy": 0.8966891527943339,
    "avg/mae_surf_p": 123.14664398484538,
    "avg/mae_vol_Ux": 5.066121270431865,
    "avg/mae_vol_Uy": 2.2488766379352723,
    "avg/mae_vol_p": 119.99120409952882
  }
}