{
  "type": "ckpt_avg",
  "n_ckpts": 3,
  "avg_epochs": [
    14,
    15,
    16
  ],
  "best_single_epoch": 15,
  "best_single_val_avg/mae_surf_p": 102.45129799154314,
  "avg_val_avg/mae_surf_p": 103.65560621780635,
  "delta_vs_best_single": 1.2043082262632083,
  "per_split": {
    "val_single_in_dist": {
      "vol_loss": 0.5020201902091503,
      "surf_loss": 0.6617567491717636,
      "loss": 7.119587681926787,
      "mae_surf_Ux": 1.3550890767923098,
      "mae_vol_Ux": 4.636104484245348,
      "mae_surf_Uy": 0.6959788977264894,
      "mae_vol_Uy": 1.9328685866613147,
      "mae_surf_p": 130.3056998453433,
      "mae_vol_p": 130.520602066225
    },
    "val_geom_camber_rc": {
      "vol_loss": 0.48903131902217867,
      "surf_loss": 0.2767946219444275,
      "loss": 3.2569775384664537,
      "mae_surf_Ux": 2.1354842333486794,
      "mae_vol_Ux": 5.074914338116582,
      "mae_surf_Uy": 0.932840530966833,
      "mae_vol_Uy": 2.6546490340565385,
      "mae_surf_p": 115.04808749351032,
      "mae_vol_p": 115.62774710453134
    },
    "val_geom_camber_cruise": {
      "vol_loss": 0.18898540869355201,
      "surf_loss": 0.10017042219638825,
      "loss": 1.1906896306574346,
      "mae_surf_Ux": 0.9183624407359121,
      "mae_vol_Ux": 3.4371557155251122,
      "mae_surf_Uy": 0.5525869626912427,
      "mae_vol_Uy": 1.3039230590947846,
      "mae_surf_p": 77.1862390636861,
      "mae_vol_p": 85.35584626239549
    },
    "val_re_rand": {
      "vol_loss": 0.3386074286699295,
      "surf_loss": 0.17727841407060624,
      "loss": 2.111391569375992,
      "mae_surf_Ux": 1.5132436637308264,
      "mae_vol_Ux": 4.104120276666639,
      "mae_surf_Uy": 0.7311154110788738,
      "mae_vol_Uy": 1.8886037962282824,
      "mae_surf_p": 92.08239846868564,
      "mae_vol_p": 97.29200579461862
    }
  },
  "val_avg": {
    "avg/mae_surf_Ux": 1.480544853651932,
    "avg/mae_surf_Uy": 0.7281304506158597,
    "avg/mae_surf_p": 103.65560621780635,
    "avg/mae_vol_Ux": 4.313073703638421,
    "avg/mae_vol_Uy": 1.94501111901023,
    "avg/mae_vol_p": 107.19905030694261
  }
}