{
  "best_epoch": 14,
  "best_val_avg/mae_surf_p": 102.42778651527043,
  "out_channels": [
    "Ux",
    "Uy",
    "p"
  ],
  "out_scale": [
    1.015052080154419,
    1.073600172996521,
    1.073218822479248
  ],
  "out_bias": [
    -0.019353743642568588,
    -0.00772943627089262,
    -0.02293403260409832
  ]
}