{
  "type": "ckpt_avg",
  "n_ckpts": 3,
  "avg_epochs": [
    12,
    13,
    14
  ],
  "best_single_epoch": 14,
  "best_single_val_avg/mae_surf_p": 102.42778651527043,
  "avg_val_avg/mae_surf_p": 103.77597835408373,
  "delta_vs_best_single": 1.3481918388133067,
  "per_split": {
    "val_single_in_dist": {
      "vol_loss": 0.49317976236343386,
      "surf_loss": 0.32667558748275044,
      "loss": 3.7599356371909383,
      "mae_surf_Ux": 1.4998734686945818,
      "mae_vol_Ux": 4.997537134897443,
      "mae_surf_Uy": 0.7222579352783589,
      "mae_vol_Uy": 2.0109829703368307,
      "mae_surf_p": 125.69722931870561,
      "mae_vol_p": 132.4574989122893
    },
    "val_geom_camber_rc": {
      "vol_loss": 0.5316560879349709,
      "surf_loss": 0.2730691619217396,
      "loss": 3.2623477071523665,
      "mae_surf_Ux": 2.2518592846585794,
      "mae_vol_Ux": 5.227364230858264,
      "mae_surf_Uy": 0.9656869701571904,
      "mae_vol_Uy": 2.663065662509983,
      "mae_surf_p": 121.41692916993084,
      "mae_vol_p": 122.67097147163649
    },
    "val_geom_camber_cruise": {
      "vol_loss": 0.15243472553789617,
      "surf_loss": 0.07642026386223734,
      "loss": 0.9166373641602695,
      "mae_surf_Ux": 0.7652925606004465,
      "mae_vol_Ux": 3.132557538782165,
      "mae_surf_Uy": 0.48987298275976965,
      "mae_vol_Uy": 1.2509837590063742,
      "mae_surf_p": 74.30156461406459,
      "mae_vol_p": 73.83078650753308
    },
    "val_re_rand": {
      "vol_loss": 0.33130284160375595,
      "surf_loss": 0.16164670266211034,
      "loss": 1.9477698682248594,
      "mae_surf_Ux": 1.462249719773778,
      "mae_vol_Ux": 3.9680807488593732,
      "mae_surf_Uy": 0.7224298444637106,
      "mae_vol_Uy": 1.8688863142011958,
      "mae_surf_p": 93.68819031363388,
      "mae_vol_p": 93.01146790755809
    }
  },
  "val_avg": {
    "avg/mae_surf_Ux": 1.4948187584318464,
    "avg/mae_surf_Uy": 0.7250619331647574,
    "avg/mae_surf_p": 103.77597835408373,
    "avg/mae_vol_Ux": 4.331384913349311,
    "avg/mae_vol_Uy": 1.9484796765135959,
    "avg/mae_vol_p": 105.49268119975423
  }
}