{
  "type": "ckpt_avg",
  "n_ckpts": 3,
  "avg_epochs": [
    12,
    13,
    14
  ],
  "best_single_epoch": 14,
  "best_single_val_avg/mae_surf_p": 96.44404940859195,
  "avg_val_avg/mae_surf_p": 97.33539993050418,
  "delta_vs_best_single": 0.89135052191223,
  "per_split": {
    "val_single_in_dist": {
      "vol_loss": 0.5171136584877968,
      "surf_loss": 0.3041336574032903,
      "loss": 3.5584502325206997,
      "mae_surf_Ux": 1.2842471167524745,
      "mae_vol_Ux": 4.755897180989407,
      "mae_surf_Uy": 0.6899963616705908,
      "mae_vol_Uy": 2.0066792063591277,
      "mae_surf_p": 113.61387345388071,
      "mae_vol_p": 128.721343202016
    },
    "val_geom_camber_rc": {
      "vol_loss": 0.48758066713809967,
      "surf_loss": 0.2413316087424755,
      "loss": 2.900896754562855,
      "mae_surf_Ux": 2.2028055962827384,
      "mae_vol_Ux": 5.206986820259915,
      "mae_surf_Uy": 0.965213683153773,
      "mae_vol_Uy": 2.578642708439884,
      "mae_surf_p": 106.8858259179751,
      "mae_vol_p": 109.49634682261028
    },
    "val_geom_camber_cruise": {
      "vol_loss": 0.16674477256834508,
      "surf_loss": 0.08053393207490445,
      "loss": 0.9720840933173895,
      "mae_surf_Ux": 0.9220735860664664,
      "mae_vol_Ux": 3.4190879093038635,
      "mae_surf_Uy": 0.508282231442865,
      "mae_vol_Uy": 1.2813637222443681,
      "mae_surf_p": 77.41357917367124,
      "mae_vol_p": 75.70765977094443
    },
    "val_re_rand": {
      "vol_loss": 0.3099063745141029,
      "surf_loss": 0.14918236702680587,
      "loss": 1.8017300447821616,
      "mae_surf_Ux": 1.450173086148963,
      "mae_vol_Ux": 4.101049546528127,
      "mae_surf_Uy": 0.7226891248144441,
      "mae_vol_Uy": 1.8607432753569972,
      "mae_surf_p": 91.42832117648972,
      "mae_vol_p": 89.65376914210744
    }
  },
  "val_avg": {
    "avg/mae_surf_Ux": 1.4648248463126605,
    "avg/mae_surf_Uy": 0.7215453502704181,
    "avg/mae_surf_p": 97.33539993050418,
    "avg/mae_vol_Ux": 4.3707553642703285,
    "avg/mae_vol_Uy": 1.9318572281000943,
    "avg/mae_vol_p": 100.89477973441953
  }
}