{
  "type": "ckpt_avg",
  "n_ckpts": 3,
  "avg_epochs": [
    14,
    15,
    16
  ],
  "best_single_epoch": 16,
  "best_single_val_avg/mae_surf_p": 100.71996781352281,
  "avg_val_avg/mae_surf_p": 100.7075505796975,
  "delta_vs_best_single": -0.012417233825317453,
  "per_split": {
    "val_single_in_dist": {
      "vol_loss": 0.46428813904523847,
      "surf_loss": 0.3002361839264631,
      "loss": 3.46664997830987,
      "mae_surf_Ux": 1.3087024332441421,
      "mae_vol_Ux": 4.59001286474322,
      "mae_surf_Uy": 0.7042393958656148,
      "mae_vol_Uy": 1.9294215336076896,
      "mae_surf_p": 117.3118148658493,
      "mae_vol_p": 128.03169203203413
    },
    "val_geom_camber_rc": {
      "vol_loss": 0.5213988491892815,
      "surf_loss": 0.2662588818371296,
      "loss": 3.1839876675605776,
      "mae_surf_Ux": 2.2467305442185586,
      "mae_vol_Ux": 5.211203705631284,
      "mae_surf_Uy": 0.9599298417803339,
      "mae_vol_Uy": 2.600743215781974,
      "mae_surf_p": 113.77362753775648,
      "mae_vol_p": 116.6227086754019
    },
    "val_geom_camber_cruise": {
      "vol_loss": 0.1649938353151083,
      "surf_loss": 0.07805948067456484,
      "loss": 0.9455886420607567,
      "mae_surf_Ux": 0.9043251922102367,
      "mae_vol_Ux": 3.302652636888017,
      "mae_surf_Uy": 0.5182412125658286,
      "mae_vol_Uy": 1.283393067562623,
      "mae_surf_p": 78.127812687393,
      "mae_vol_p": 80.93387265285958
    },
    "val_re_rand": {
      "vol_loss": 0.31513340085744856,
      "surf_loss": 0.15191810242831708,
      "loss": 1.8343144251406192,
      "mae_surf_Ux": 1.5365956244792458,
      "mae_vol_Ux": 4.019825389489959,
      "mae_surf_Uy": 0.7273346740273751,
      "mae_vol_Uy": 1.8419535935102433,
      "mae_surf_p": 93.61694722779116,
      "mae_vol_p": 96.19890080324082
    }
  },
  "val_avg": {
    "avg/mae_surf_Ux": 1.4990884485380458,
    "avg/mae_surf_Uy": 0.7274362810597881,
    "avg/mae_surf_p": 100.7075505796975,
    "avg/mae_vol_Ux": 4.28092364918812,
    "avg/mae_vol_Uy": 1.9138778526156326,
    "avg/mae_vol_p": 105.4467935408841
  }
}