{
  "checkpoints": [
    "models/model-qrl0y44u/checkpoint.pt",
    "models/model-50ivpjjm/checkpoint.pt",
    "models/model-nwljur3i/checkpoint.pt",
    "models/model-yzw4u5dr/checkpoint.pt"
  ],
  "val_per_split": {
    "val_single_in_dist": {
      "vol_loss": 0.07606752938241698,
      "surf_loss": 0.07091686346844654,
      "loss": 0.7852361640668825,
      "mae_surf_Ux": 0.2071546303394243,
      "mae_vol_Ux": 1.2963400447503328,
      "mae_surf_Uy": 0.17188219918036218,
      "mae_vol_Uy": 0.4351568367329793,
      "mae_surf_p": 24.28674073296344,
      "mae_vol_p": 24.772227612417762
    },
    "val_geom_camber_rc": {
      "vol_loss": 0.10205851834267378,
      "surf_loss": 0.04006472712149844,
      "loss": 0.5027057895576582,
      "mae_surf_Ux": 0.5165441705082666,
      "mae_vol_Ux": 2.01736262439299,
      "mae_surf_Uy": 0.29902073140618035,
      "mae_vol_Uy": 0.9038834663824769,
      "mae_surf_p": 37.47939475685108,
      "mae_vol_p": 39.19151193917515
    },
    "val_geom_camber_cruise": {
      "vol_loss": 0.019014113644952885,
      "surf_loss": 0.007071836658324174,
      "loss": 0.08973248022819462,
      "mae_surf_Ux": 0.16369100463811712,
      "mae_vol_Ux": 0.9069078610998562,
      "mae_surf_Uy": 0.1033360227240415,
      "mae_vol_Uy": 0.29101955505973665,
      "mae_surf_p": 11.942989089039774,
      "mae_vol_p": 12.517122967192611
    },
    "val_re_rand": {
      "vol_loss": 0.09593057664576918,
      "surf_loss": 0.056027021336194596,
      "loss": 0.6562007900077151,
      "mae_surf_Ux": 0.364988254884787,
      "mae_vol_Ux": 1.3822177022855067,
      "mae_surf_Uy": 0.20612962124688533,
      "mae_vol_Uy": 0.5792565747017329,
      "mae_surf_p": 28.131944076885688,
      "mae_vol_p": 27.604872783186188
    }
  },
  "val_avg": {
    "avg/mae_surf_Ux": 0.31309451509264874,
    "avg/mae_surf_Uy": 0.19509214363936733,
    "avg/mae_surf_p": 25.460267163934994,
    "avg/mae_vol_Ux": 1.4007070581321714,
    "avg/mae_vol_Uy": 0.5523291082192314,
    "avg/mae_vol_p": 26.021433825492927
  },
  "test_per_split": {
    "test_single_in_dist": {
      "vol_loss": 0.08211297861416825,
      "surf_loss": 0.07976675971502117,
      "loss": 0.87978057576438,
      "mae_surf_Ux": 0.23293409802371604,
      "mae_vol_Ux": 1.2156513538560894,
      "mae_surf_Uy": 0.1667620671053675,
      "mae_vol_Uy": 0.42978621894729574,
      "mae_surf_p": 21.961914495989763,
      "mae_vol_p": 23.40319999801035
    },
    "test_geom_camber_rc": {
      "vol_loss": 0.09898559825494885,
      "surf_loss": 0.03914387416909449,
      "loss": 0.49042433994589374,
      "mae_surf_Ux": 0.503909064623322,
      "mae_vol_Ux": 1.973458256361124,
      "mae_surf_Uy": 0.2787645627954357,
      "mae_vol_Uy": 0.8442706516252159,
      "mae_surf_p": 34.638186818349425,
      "mae_vol_p": 36.43474095882813
    },
    "test_geom_camber_cruise": {
      "vol_loss": 0.015849369978823233,
      "surf_loss": 0.004445873836739338,
      "loss": 0.06030810834621661,
      "mae_surf_Ux": 0.14390959692849922,
      "mae_vol_Ux": 0.8470991602610349,
      "mae_surf_Uy": 0.08851134310902349,
      "mae_vol_Uy": 0.2620261226480396,
      "mae_surf_p": 9.210923586958407,
      "mae_vol_p": 10.195374408933455
    },
    "test_re_rand": {
      "vol_loss": 0.03928007204667665,
      "surf_loss": 0.016731737432419323,
      "loss": 0.20659744637086985,
      "mae_surf_Ux": 0.25965080126305135,
      "mae_vol_Ux": 1.1852593495258907,
      "mae_surf_Uy": 0.15908272504625573,
      "mae_vol_Uy": 0.4517447958594408,
      "mae_surf_p": 18.282072357350007,
      "mae_vol_p": 19.118782681496572
    }
  },
  "test_avg": {
    "avg/mae_surf_Ux": 0.28510089020964713,
    "avg/mae_surf_Uy": 0.1732801745140206,
    "avg/mae_surf_p": 21.0232743146619,
    "avg/mae_vol_Ux": 1.3053670300010347,
    "avg/mae_vol_Uy": 0.496956947269998,
    "avg/mae_vol_p": 22.288024511817127
  }
}