{
  "checkpoints": [
    "models/model-r5rd8ydh/checkpoint.pt",
    "models/model-wmxdyf0t/checkpoint.pt",
    "models/model-mu4fx1zl/checkpoint.pt",
    "models/model-m2nqtwmf/checkpoint.pt"
  ],
  "val_per_split": {
    "val_single_in_dist": {
      "vol_loss": 0.06764610567945056,
      "surf_loss": 0.05862120192949078,
      "loss": 0.6538581249743585,
      "mae_surf_Ux": 0.215800418993789,
      "mae_vol_Ux": 1.3420015156213876,
      "mae_surf_Uy": 0.17230995426161846,
      "mae_vol_Uy": 0.4470076941681631,
      "mae_surf_p": 23.83695387806405,
      "mae_vol_p": 25.225629965149235
    },
    "val_geom_camber_rc": {
      "vol_loss": 0.11567535949870944,
      "surf_loss": 0.045895023893099275,
      "loss": 0.5746255984297022,
      "mae_surf_Ux": 0.5383408600786773,
      "mae_vol_Ux": 2.077372783472873,
      "mae_surf_Uy": 0.30679768453622785,
      "mae_vol_Uy": 0.9328077858052096,
      "mae_surf_p": 39.010010294176396,
      "mae_vol_p": 40.855691118987444
    },
    "val_geom_camber_cruise": {
      "vol_loss": 0.020502327469876035,
      "surf_loss": 0.007146057567879325,
      "loss": 0.09196290314866928,
      "mae_surf_Ux": 0.17067377334032519,
      "mae_vol_Ux": 0.9418256584470903,
      "mae_surf_Uy": 0.10504996810447295,
      "mae_vol_Uy": 0.30094659035608146,
      "mae_surf_p": 12.356739815956727,
      "mae_vol_p": 13.134248400513677
    },
    "val_re_rand": {
      "vol_loss": 0.0912029360095039,
      "surf_loss": 0.053547309809364375,
      "loss": 0.6266760341031477,
      "mae_surf_Ux": 0.36115405106719495,
      "mae_vol_Ux": 1.3981023254007166,
      "mae_surf_Uy": 0.2050315380555987,
      "mae_vol_Uy": 0.5804607416945511,
      "mae_surf_p": 27.996468834242055,
      "mae_vol_p": 27.21247471022395
    }
  },
  "val_avg": {
    "avg/mae_surf_Ux": 0.3214922758699966,
    "avg/mae_surf_Uy": 0.1972972862394795,
    "avg/mae_surf_p": 25.800043205609807,
    "avg/mae_vol_Ux": 1.4398255707355168,
    "avg/mae_vol_Uy": 0.5653057030060014,
    "avg/mae_vol_p": 26.607011048718576
  },
  "test_per_split": {
    "test_single_in_dist": {
      "vol_loss": 0.08524052195542026,
      "surf_loss": 0.08490437254127756,
      "loss": 0.9342842473681958,
      "mae_surf_Ux": 0.2425246833972758,
      "mae_vol_Ux": 1.2450961840268322,
      "mae_surf_Uy": 0.17209937314001547,
      "mae_vol_Uy": 0.4436337663030211,
      "mae_surf_p": 22.625000024551618,
      "mae_vol_p": 24.059439703512048
    },
    "test_geom_camber_rc": {
      "vol_loss": 0.09791899946518243,
      "surf_loss": 0.03981346659595147,
      "loss": 0.4960536654246971,
      "mae_surf_Ux": 0.5088966651508666,
      "mae_vol_Ux": 1.9845040583130498,
      "mae_surf_Uy": 0.28290289996896284,
      "mae_vol_Uy": 0.8534165321565594,
      "mae_surf_p": 35.25515005737048,
      "mae_vol_p": 36.5820306688195
    },
    "test_geom_camber_cruise": {
      "vol_loss": 0.01702044068631949,
      "surf_loss": 0.004590647453151178,
      "loss": 0.06292691521783127,
      "mae_surf_Ux": 0.15220131510593482,
      "mae_vol_Ux": 0.8772748631115879,
      "mae_surf_Uy": 0.09044675134465008,
      "mae_vol_Uy": 0.26843145955188297,
      "mae_surf_p": 9.534159702994968,
      "mae_vol_p": 10.582180455016811
    },
    "test_re_rand": {
      "vol_loss": 0.04122866188758053,
      "surf_loss": 0.0177242978632421,
      "loss": 0.21847164052000154,
      "mae_surf_Ux": 0.26578805337853517,
      "mae_vol_Ux": 1.2137498753133584,
      "mae_surf_Uy": 0.16347811220758884,
      "mae_vol_Uy": 0.4644654709391178,
      "mae_surf_p": 18.925191731281046,
      "mae_vol_p": 19.853608470349613
    }
  },
  "test_avg": {
    "avg/mae_surf_Ux": 0.2923526792581531,
    "avg/mae_surf_Uy": 0.1772317841653043,
    "avg/mae_surf_p": 21.584875379049528,
    "avg/mae_vol_Ux": 1.330156245191207,
    "avg/mae_vol_Uy": 0.5074868072376453,
    "avg/mae_vol_p": 22.76931482442449
  }
}