{
  "checkpoints": [
    "models/model-wmxdyf0t/checkpoint.pt",
    "models/model-r5rd8ydh/checkpoint.pt",
    "models/model-4dee0r5y/checkpoint.pt",
    "models/model-t8vi03tk/checkpoint.pt"
  ],
  "val_per_split": {
    "val_single_in_dist": {
      "vol_loss": 0.07502273650141433,
      "surf_loss": 0.05948642550676595,
      "loss": 0.6698869915690738,
      "mae_surf_Ux": 0.22021002033659118,
      "mae_vol_Ux": 1.3615226240114586,
      "mae_surf_Uy": 0.17446907965670505,
      "mae_vol_Uy": 0.46131223789888987,
      "mae_surf_p": 23.726550419832023,
      "mae_vol_p": 26.09909198299986
    },
    "val_geom_camber_rc": {
      "vol_loss": 0.10583657495677472,
      "surf_loss": 0.03914014562731609,
      "loss": 0.49723803122993565,
      "mae_surf_Ux": 0.522237959216171,
      "mae_vol_Ux": 2.067067809048644,
      "mae_surf_Uy": 0.30173867299611246,
      "mae_vol_Uy": 0.9305910870735297,
      "mae_surf_p": 36.979758828090795,
      "mae_vol_p": 39.37045851096456
    },
    "val_geom_camber_cruise": {
      "vol_loss": 0.021085773770464583,
      "surf_loss": 0.007248366474632348,
      "loss": 0.09356943851678806,
      "mae_surf_Ux": 0.16943860804023184,
      "mae_vol_Ux": 0.9513395156780505,
      "mae_surf_Uy": 0.10704994185912471,
      "mae_vol_Uy": 0.30840569394603606,
      "mae_surf_p": 12.329998651247855,
      "mae_vol_p": 13.538572397367277
    },
    "val_re_rand": {
      "vol_loss": 0.09129352274816484,
      "surf_loss": 0.05138244480738649,
      "loss": 0.6051179708220298,
      "mae_surf_Ux": 0.3645508698110985,
      "mae_vol_Ux": 1.4192838628989835,
      "mae_surf_Uy": 0.20667401682384587,
      "mae_vol_Uy": 0.59021692364444,
      "mae_surf_p": 28.03469082974851,
      "mae_vol_p": 27.672850265426515
    }
  },
  "val_avg": {
    "avg/mae_surf_Ux": 0.3191093643510231,
    "avg/mae_surf_Uy": 0.19748292783394703,
    "avg/mae_surf_p": 25.267749682229795,
    "avg/mae_vol_Ux": 1.449803452909284,
    "avg/mae_vol_Uy": 0.5726314856407239,
    "avg/mae_vol_p": 26.670243289189553
  },
  "test_per_split": {
    "test_single_in_dist": {
      "vol_loss": 0.08680969271052164,
      "surf_loss": 0.08446708610521454,
      "loss": 0.931480553762667,
      "mae_surf_Ux": 0.24683525294233477,
      "mae_vol_Ux": 1.2758372494528933,
      "mae_surf_Uy": 0.17472282048613336,
      "mae_vol_Uy": 0.45599693774901456,
      "mae_surf_p": 22.67115674169867,
      "mae_vol_p": 24.36776645212808
    },
    "test_geom_camber_rc": {
      "vol_loss": 0.09784974020905793,
      "surf_loss": 0.03858957939897664,
      "loss": 0.4837455341988244,
      "mae_surf_Ux": 0.5107458498138232,
      "mae_vol_Ux": 2.0004357199739062,
      "mae_surf_Uy": 0.2848013908031376,
      "mae_vol_Uy": 0.8689487156643709,
      "mae_surf_p": 35.09581363531363,
      "mae_vol_p": 36.94362083813996
    },
    "test_geom_camber_cruise": {
      "vol_loss": 0.01734313331049634,
      "surf_loss": 0.0046100016716263785,
      "loss": 0.06344315002676013,
      "mae_surf_Ux": 0.15178759212479545,
      "mae_vol_Ux": 0.8882809046169973,
      "mae_surf_Uy": 0.09214640958110223,
      "mae_vol_Uy": 0.276017646734711,
      "mae_surf_p": 9.600952903134072,
      "mae_vol_p": 10.854371063293467
    },
    "test_re_rand": {
      "vol_loss": 0.0409361025551334,
      "surf_loss": 0.01704618771385867,
      "loss": 0.2113979796937201,
      "mae_surf_Ux": 0.26402321448727545,
      "mae_vol_Ux": 1.2287075081974599,
      "mae_surf_Uy": 0.16420352695051985,
      "mae_vol_Uy": 0.47224715213163987,
      "mae_surf_p": 18.573650807976023,
      "mae_vol_p": 19.918103594921543
    }
  },
  "test_avg": {
    "avg/mae_surf_Ux": 0.2933479773420572,
    "avg/mae_surf_Uy": 0.17896853695522325,
    "avg/mae_surf_p": 21.4853935220306,
    "avg/mae_vol_Ux": 1.348315345560314,
    "avg/mae_vol_Uy": 0.5183026130699341,
    "avg/mae_vol_p": 23.020965487120762
  }
}