{
  "checkpoints": [
    "models/model-ds51n23u/checkpoint.pt",
    "models/model-ns6s7av2/checkpoint.pt",
    "models/model-x13i7anx/checkpoint.pt"
  ],
  "val_per_split": {
    "val_single_in_dist": {
      "vol_loss": 0.08111598532646895,
      "surf_loss": 0.059642526909010486,
      "loss": 0.6775412544165738,
      "mae_surf_Ux": 0.2523131290430542,
      "mae_vol_Ux": 1.591349552548447,
      "mae_surf_Uy": 0.18785422026408413,
      "mae_vol_Uy": 0.5386251218610704,
      "mae_surf_p": 25.147641687487287,
      "mae_vol_p": 29.76033361594542
    },
    "val_geom_camber_rc": {
      "vol_loss": 0.12438602171838284,
      "surf_loss": 0.04620343397371471,
      "loss": 0.5864203614555299,
      "mae_surf_Ux": 0.5820384928926301,
      "mae_vol_Ux": 2.301050532749023,
      "mae_surf_Uy": 0.324255435967185,
      "mae_vol_Uy": 1.0319066411205775,
      "mae_surf_p": 40.79087679748099,
      "mae_vol_p": 44.08825819810174
    },
    "val_geom_camber_cruise": {
      "vol_loss": 0.02711686957627535,
      "surf_loss": 0.009540031590731815,
      "loss": 0.1225171854835935,
      "mae_surf_Ux": 0.20205842005825592,
      "mae_vol_Ux": 1.0941269401336506,
      "mae_surf_Uy": 0.12537004146888645,
      "mae_vol_Uy": 0.36936791057726354,
      "mae_surf_p": 15.291847037025699,
      "mae_vol_p": 16.611622248811553
    },
    "val_re_rand": {
      "vol_loss": 0.10040647774934769,
      "surf_loss": 0.053657138901762665,
      "loss": 0.6369778667669743,
      "mae_surf_Ux": 0.4007798517577269,
      "mae_vol_Ux": 1.5819705342805372,
      "mae_surf_Uy": 0.22722894453172032,
      "mae_vol_Uy": 0.6654432087737508,
      "mae_surf_p": 30.820673902169272,
      "mae_vol_p": 31.082016112709518
    }
  },
  "val_avg": {
    "avg/mae_surf_Ux": 0.3592974734379168,
    "avg/mae_surf_Uy": 0.21617716055796898,
    "avg/mae_surf_p": 28.012759856040812,
    "avg/mae_vol_Ux": 1.6421243899279145,
    "avg/mae_vol_Uy": 0.6513357205831656,
    "avg/mae_vol_p": 30.38555754389206
  },
  "test_per_split": {
    "test_single_in_dist": {
      "vol_loss": 0.09576785422861576,
      "surf_loss": 0.0763890880602412,
      "loss": 0.8596587348310277,
      "mae_surf_Ux": 0.27755105569440913,
      "mae_vol_Ux": 1.4906703609770053,
      "mae_surf_Uy": 0.1868406794458891,
      "mae_vol_Uy": 0.5300234117602654,
      "mae_surf_p": 24.09910378656912,
      "mae_vol_p": 28.4286257454406
    },
    "test_geom_camber_rc": {
      "vol_loss": 0.10838294100016356,
      "surf_loss": 0.04074794634245336,
      "loss": 0.5158624044246971,
      "mae_surf_Ux": 0.5461905760689987,
      "mae_vol_Ux": 2.2128999820842656,
      "mae_surf_Uy": 0.29905069134419854,
      "mae_vol_Uy": 0.9551593137431778,
      "mae_surf_p": 36.896746203011915,
      "mae_vol_p": 40.1174915614789
    },
    "test_geom_camber_cruise": {
      "vol_loss": 0.022085383175872265,
      "surf_loss": 0.0058975702209863815,
      "loss": 0.08106108538573607,
      "mae_surf_Ux": 0.18379472374230296,
      "mae_vol_Ux": 1.0143246360572127,
      "mae_surf_Uy": 0.10761696008535958,
      "mae_vol_Uy": 0.3315178663946283,
      "mae_surf_p": 12.08445469976202,
      "mae_vol_p": 13.703487368394068
    },
    "test_re_rand": {
      "vol_loss": 0.0491714614443481,
      "surf_loss": 0.020140285801608114,
      "loss": 0.25057431946042924,
      "mae_surf_Ux": 0.30372757466305206,
      "mae_vol_Ux": 1.3927846715974224,
      "mae_surf_Uy": 0.18647556925930522,
      "mae_vol_Uy": 0.5523687479569621,
      "mae_surf_p": 21.923985167149457,
      "mae_vol_p": 23.834280668887843
    }
  },
  "test_avg": {
    "avg/mae_surf_Ux": 0.3278159825421907,
    "avg/mae_surf_Uy": 0.19499597503368812,
    "avg/mae_surf_p": 23.751072464123126,
    "avg/mae_vol_Ux": 1.5276699126789766,
    "avg/mae_vol_Uy": 0.5922673349637584,
    "avg/mae_vol_p": 26.52097133605035
  }
}