{
  "checkpoints": [
    "models/model-t8vi03tk/checkpoint.pt",
    "models/model-1qvix7in/checkpoint.pt",
    "models/model-731bgfr8/checkpoint.pt",
    "models/model-ds51n23u/checkpoint.pt",
    "models/model-jdher269/checkpoint.pt"
  ],
  "val_per_split": {
    "val_single_in_dist": {
      "vol_loss": 0.07801513556740247,
      "surf_loss": 0.06373869892915536,
      "loss": 0.715402124858956,
      "mae_surf_Ux": 0.23095030682873327,
      "mae_vol_Ux": 1.4279859531363195,
      "mae_surf_Uy": 0.1772758278204242,
      "mae_vol_Uy": 0.4755821355034226,
      "mae_surf_p": 24.75323269674097,
      "mae_vol_p": 26.941751074457564
    },
    "val_geom_camber_rc": {
      "vol_loss": 0.11207784987986087,
      "surf_loss": 0.04479046357795596,
      "loss": 0.5599824856594205,
      "mae_surf_Ux": 0.5471369881994544,
      "mae_vol_Ux": 2.151850746701819,
      "mae_surf_Uy": 0.3084865706880667,
      "mae_vol_Uy": 0.955758650617535,
      "mae_surf_p": 39.087842040544515,
      "mae_vol_p": 40.88791601678312
    },
    "val_geom_camber_cruise": {
      "vol_loss": 0.023712926546577365,
      "surf_loss": 0.008561829562895583,
      "loss": 0.10933122217553319,
      "mae_surf_Ux": 0.1907157611018762,
      "mae_vol_Ux": 1.006214495890901,
      "mae_surf_Uy": 0.11571512009909043,
      "mae_vol_Uy": 0.3288789269050145,
      "mae_surf_p": 13.892651567051335,
      "mae_vol_p": 14.768217799705381
    },
    "val_re_rand": {
      "vol_loss": 0.0934652852267027,
      "surf_loss": 0.05024192337819841,
      "loss": 0.5958845190086869,
      "mae_surf_Ux": 0.38380414402778956,
      "mae_vol_Ux": 1.4768746944031697,
      "mae_surf_Uy": 0.21494365617313277,
      "mae_vol_Uy": 0.6148933321033638,
      "mae_surf_p": 29.258224507664806,
      "mae_vol_p": 29.029263622126116
    }
  },
  "val_avg": {
    "avg/mae_surf_Ux": 0.3381518000394634,
    "avg/mae_surf_Uy": 0.20410529369517852,
    "avg/mae_surf_p": 26.747987703000405,
    "avg/mae_vol_Ux": 1.5157314725330524,
    "avg/mae_vol_Uy": 0.593778261282334,
    "avg/mae_vol_p": 27.906787128268046
  },
  "test_per_split": {
    "test_single_in_dist": {
      "vol_loss": 0.08674140845425427,
      "surf_loss": 0.07313576753072994,
      "loss": 0.8180990837615536,
      "mae_surf_Ux": 0.25827279777697104,
      "mae_vol_Ux": 1.3441588071016703,
      "mae_surf_Uy": 0.17492613339389876,
      "mae_vol_Uy": 0.47242015677061144,
      "mae_surf_p": 22.68299559021191,
      "mae_vol_p": 25.359358926233742
    },
    "test_geom_camber_rc": {
      "vol_loss": 0.1007266668137163,
      "surf_loss": 0.038816325830994175,
      "loss": 0.48888992512365803,
      "mae_surf_Ux": 0.5289629593836763,
      "mae_vol_Ux": 2.0746889668884316,
      "mae_surf_Uy": 0.28904642754779025,
      "mae_vol_Uy": 0.896444819537047,
      "mae_surf_p": 35.71651982876616,
      "mae_vol_p": 37.71491216617864
    },
    "test_geom_camber_cruise": {
      "vol_loss": 0.019142761816619894,
      "surf_loss": 0.005167687816956459,
      "loss": 0.07081963998618448,
      "mae_surf_Ux": 0.17159540469621942,
      "mae_vol_Ux": 0.9331702655190621,
      "mae_surf_Uy": 0.09890928226123774,
      "mae_vol_Uy": 0.2940707628210973,
      "mae_surf_p": 10.644400870994852,
      "mae_vol_p": 11.939744686008524
    },
    "test_re_rand": {
      "vol_loss": 0.04449901296349708,
      "surf_loss": 0.018791308354047943,
      "loss": 0.23241209650397648,
      "mae_surf_Ux": 0.28292777769212907,
      "mae_vol_Ux": 1.2875865530610622,
      "mae_surf_Uy": 0.17203839896835563,
      "mae_vol_Uy": 0.49760049117364247,
      "mae_surf_p": 20.168134185794372,
      "mae_vol_p": 21.31821355113396
    }
  },
  "test_avg": {
    "avg/mae_surf_Ux": 0.31043973488724896,
    "avg/mae_surf_Uy": 0.1837300605428206,
    "avg/mae_surf_p": 22.303012618941825,
    "avg/mae_vol_Ux": 1.4099011481425565,
    "avg/mae_vol_Uy": 0.5401340575755995,
    "avg/mae_vol_p": 24.08305733238872
  }
}