{
  "checkpoint": "models/model-jy3qdhhm/checkpoint.pt",
  "config": "models/model-jy3qdhhm/config.yaml",
  "val_per_split": {
    "val_single_in_dist": {
      "vol_loss": 0.17937940508127212,
      "surf_loss": 0.16148692896589636,
      "loss": 1.7942486947402356,
      "mae_surf_Ux": 0.44308049063562877,
      "mae_vol_Ux": 2.364049183948126,
      "mae_surf_Uy": 0.2580063734142866,
      "mae_vol_Uy": 0.9051600957807101,
      "mae_surf_p": 39.95175088645252,
      "mae_vol_p": 51.146980282898646
    },
    "val_geom_camber_rc": {
      "vol_loss": 0.1911397957801819,
      "surf_loss": 0.07222677659243346,
      "loss": 0.9134075617045165,
      "mae_surf_Ux": 0.8766754172839689,
      "mae_vol_Ux": 3.104362598877527,
      "mae_surf_Uy": 0.43379130663234383,
      "mae_vol_Uy": 1.407910176369349,
      "mae_surf_p": 53.3865505207714,
      "mae_vol_p": 60.737978719724715
    },
    "val_geom_camber_cruise": {
      "vol_loss": 0.04956657938659191,
      "surf_loss": 0.01376306773396209,
      "loss": 0.1871972567262128,
      "mae_surf_Ux": 0.28314056189421843,
      "mae_vol_Ux": 1.5488550680503625,
      "mae_surf_Uy": 0.17469201710331253,
      "mae_vol_Uy": 0.5516962755476981,
      "mae_surf_p": 23.543360799830214,
      "mae_vol_p": 26.600802457793307
    },
    "val_re_rand": {
      "vol_loss": 0.14485154189169408,
      "surf_loss": 0.06771068745292723,
      "loss": 0.8219584164209663,
      "mae_surf_Ux": 0.5634117812327013,
      "mae_vol_Ux": 2.1821709495608235,
      "mae_surf_Uy": 0.2931721021154157,
      "mae_vol_Uy": 0.9313715547065735,
      "mae_surf_p": 40.45523583774466,
      "mae_vol_p": 43.64591263289583
    }
  },
  "val_avg": {
    "avg/mae_surf_Ux": 0.5415770627616293,
    "avg/mae_surf_Uy": 0.28991544981633965,
    "avg/mae_surf_p": 39.3342245111997,
    "avg/mae_vol_Ux": 2.29985945010921,
    "avg/mae_vol_Uy": 0.9490345256010826,
    "avg/mae_vol_p": 45.53291852332812
  },
  "test_per_split": {
    "test_single_in_dist": {
      "vol_loss": 0.16328594751656056,
      "surf_loss": 0.12086827212944627,
      "loss": 1.3719686688110233,
      "mae_surf_Ux": 0.44678182281597206,
      "mae_vol_Ux": 2.20498866627118,
      "mae_surf_Uy": 0.2502388185160432,
      "mae_vol_Uy": 0.8550395832237222,
      "mae_surf_p": 34.976535059025075,
      "mae_vol_p": 46.05980568714653
    },
    "test_geom_camber_rc": {
      "vol_loss": 0.1715705519914627,
      "surf_loss": 0.061689272951334716,
      "loss": 0.7884632815048098,
      "mae_surf_Ux": 0.828019352540564,
      "mae_vol_Ux": 3.0118530974397926,
      "mae_surf_Uy": 0.39801217254465776,
      "mae_vol_Uy": 1.3351875102763635,
      "mae_surf_p": 47.342063552125005,
      "mae_vol_p": 55.24931941326292
    },
    "test_geom_camber_cruise": {
      "vol_loss": 0.04024444808252156,
      "surf_loss": 0.00935860074358061,
      "loss": 0.13383045551832767,
      "mae_surf_Ux": 0.25444115211534607,
      "mae_vol_Ux": 1.429901784842897,
      "mae_surf_Uy": 0.15290771853588242,
      "mae_vol_Uy": 0.4975622183854927,
      "mae_surf_p": 19.278340861396426,
      "mae_vol_p": 22.869314413173807
    },
    "test_re_rand": {
      "vol_loss": 0.08678482465445995,
      "surf_loss": 0.030615368715953082,
      "loss": 0.3929385118139908,
      "mae_surf_Ux": 0.4451868224948386,
      "mae_vol_Ux": 1.969944613023432,
      "mae_surf_Uy": 0.2524031507329865,
      "mae_vol_Uy": 0.8075064792857103,
      "mae_surf_p": 31.800578011393345,
      "mae_vol_p": 36.13995821333154
    }
  },
  "test_avg": {
    "avg/mae_surf_Ux": 0.4936072874916802,
    "avg/mae_surf_Uy": 0.2633904650823925,
    "avg/mae_surf_p": 33.34937937098496,
    "avg/mae_vol_Ux": 2.154172040394325,
    "avg/mae_vol_Uy": 0.8738239477928221,
    "avg/mae_vol_p": 40.079599431728695
  }
}