{
  "checkpoint": "models/model-x13i7anx/checkpoint.pt",
  "config": "models/model-x13i7anx/config.yaml",
  "val_per_split": {
    "val_single_in_dist": {
      "vol_loss": 0.11369355652481318,
      "surf_loss": 0.0895825249585323,
      "loss": 1.0095188061101363,
      "mae_surf_Ux": 0.2967579147143195,
      "mae_vol_Ux": 1.7983384181643933,
      "mae_surf_Uy": 0.20941039714560417,
      "mae_vol_Uy": 0.6233737371844146,
      "mae_surf_p": 30.453660265735884,
      "mae_vol_p": 37.32572233222329
    },
    "val_geom_camber_rc": {
      "vol_loss": 0.13042632140219212,
      "surf_loss": 0.044182871440425514,
      "loss": 0.5722550358064473,
      "mae_surf_Ux": 0.633640613945293,
      "mae_vol_Ux": 2.464930352636453,
      "mae_surf_Uy": 0.348963490525893,
      "mae_vol_Uy": 1.10940301439294,
      "mae_surf_p": 42.26716534773035,
      "mae_vol_p": 46.79530296696522
    },
    "val_geom_camber_cruise": {
      "vol_loss": 0.03043402398005128,
      "surf_loss": 0.010460714409127832,
      "loss": 0.1350411680713296,
      "mae_surf_Ux": 0.22846240844430943,
      "mae_vol_Ux": 1.1957497045093324,
      "mae_surf_Uy": 0.1405193489389888,
      "mae_vol_Uy": 0.4190302958068741,
      "mae_surf_p": 17.64004186371303,
      "mae_vol_p": 19.58082844183095
    },
    "val_re_rand": {
      "vol_loss": 0.10807208776473999,
      "surf_loss": 0.056193318255245685,
      "loss": 0.6700052703171968,
      "mae_surf_Ux": 0.43911444581616815,
      "mae_vol_Ux": 1.7039642349635233,
      "mae_surf_Uy": 0.2418614757589251,
      "mae_vol_Uy": 0.7251869521448516,
      "mae_surf_p": 33.156244294341676,
      "mae_vol_p": 34.21439395757269
    }
  },
  "val_avg": {
    "avg/mae_surf_Ux": 0.39949384573002256,
    "avg/mae_surf_Uy": 0.23518867809235278,
    "avg/mae_surf_p": 30.879277942880236,
    "avg/mae_vol_Ux": 1.7907456775684256,
    "avg/mae_vol_Uy": 0.7192484998822701,
    "avg/mae_vol_p": 34.479061924648036
  },
  "test_per_split": {
    "test_single_in_dist": {
      "vol_loss": 0.11233876660466194,
      "surf_loss": 0.08313065974216442,
      "loss": 0.9436453640263062,
      "mae_surf_Ux": 0.31821132558463333,
      "mae_vol_Ux": 1.6498173397761542,
      "mae_surf_Uy": 0.20386253361967413,
      "mae_vol_Uy": 0.6003367797239082,
      "mae_surf_p": 27.093208187384246,
      "mae_vol_p": 33.978253530293046
    },
    "test_geom_camber_rc": {
      "vol_loss": 0.12515223436057568,
      "surf_loss": 0.046317173717543486,
      "loss": 0.5883239715360106,
      "mae_surf_Ux": 0.6064942352296318,
      "mae_vol_Ux": 2.388663119954773,
      "mae_surf_Uy": 0.32808413678525894,
      "mae_vol_Uy": 1.0516324473916394,
      "mae_surf_p": 40.225012187915404,
      "mae_vol_p": 44.64999248438752
    },
    "test_geom_camber_cruise": {
      "vol_loss": 0.024448122056201102,
      "surf_loss": 0.006552884567063302,
      "loss": 0.08997696772683413,
      "mae_surf_Ux": 0.2101251811331432,
      "mae_vol_Ux": 1.1002205514848455,
      "mae_surf_Uy": 0.12023308983899894,
      "mae_vol_Uy": 0.3732361916565398,
      "mae_surf_p": 14.076979161396071,
      "mae_vol_p": 16.084629287810913
    },
    "test_re_rand": {
      "vol_loss": 0.057254987880587575,
      "surf_loss": 0.02232221179176122,
      "loss": 0.2804771057981998,
      "mae_surf_Ux": 0.3490398125136044,
      "mae_vol_Ux": 1.5337632770944325,
      "mae_surf_Uy": 0.20438212879961382,
      "mae_vol_Uy": 0.6193363845326624,
      "mae_surf_p": 24.507621554317748,
      "mae_vol_p": 27.391054833091218
    }
  },
  "test_avg": {
    "avg/mae_surf_Ux": 0.37096763861525317,
    "avg/mae_surf_Uy": 0.21414047226088645,
    "avg/mae_surf_p": 26.475705272753366,
    "avg/mae_vol_Ux": 1.6681160720775514,
    "avg/mae_vol_Uy": 0.6611354508261874,
    "avg/mae_vol_p": 30.52598253389567
  }
}