{
  "checkpoint": "models/model-ns6s7av2/checkpoint.pt",
  "config": "models/model-ns6s7av2/config.yaml",
  "val_per_split": {
    "val_single_in_dist": {
      "vol_loss": 0.09579144421964884,
      "surf_loss": 0.06280552406213247,
      "loss": 0.7238466848409735,
      "mae_surf_Ux": 0.308921770753385,
      "mae_vol_Ux": 1.8036763817177652,
      "mae_surf_Uy": 0.2073604178873857,
      "mae_vol_Uy": 0.6238879343698627,
      "mae_surf_p": 28.015152268540415,
      "mae_vol_p": 36.04427347526754
    },
    "val_geom_camber_rc": {
      "vol_loss": 0.13775080882012844,
      "surf_loss": 0.049218114949762824,
      "loss": 0.6299319583177567,
      "mae_surf_Ux": 0.6476479630269847,
      "mae_vol_Ux": 2.512035899787331,
      "mae_surf_Uy": 0.3525198135898069,
      "mae_vol_Uy": 1.1394823578931852,
      "mae_surf_p": 43.876901908472554,
      "mae_vol_p": 48.537126433233325
    },
    "val_geom_camber_cruise": {
      "vol_loss": 0.031154241338372232,
      "surf_loss": 0.010398332473123446,
      "loss": 0.1351375660696067,
      "mae_surf_Ux": 0.23327081718517995,
      "mae_vol_Ux": 1.2094977009586552,
      "mae_surf_Uy": 0.13937110652378867,
      "mae_vol_Uy": 0.41969468882920763,
      "mae_surf_p": 16.94021334814934,
      "mae_vol_p": 19.68008548069761
    },
    "val_re_rand": {
      "vol_loss": 0.11908038679510355,
      "surf_loss": 0.06449936928693205,
      "loss": 0.7640740796644241,
      "mae_surf_Ux": 0.45330105150505,
      "mae_vol_Ux": 1.7413165998454154,
      "mae_surf_Uy": 0.2548441662123157,
      "mae_vol_Uy": 0.7487782225765695,
      "mae_surf_p": 34.714174900599055,
      "mae_vol_p": 35.711372692665
    }
  },
  "val_avg": {
    "avg/mae_surf_Ux": 0.4107854006176499,
    "avg/mae_surf_Uy": 0.23852387605332426,
    "avg/mae_surf_p": 30.886610606440343,
    "avg/mae_vol_Ux": 1.8166316455772917,
    "avg/mae_vol_Uy": 0.7329608009172063,
    "avg/mae_vol_p": 34.99321452046587
  },
  "test_per_split": {
    "test_single_in_dist": {
      "vol_loss": 0.10349595122039318,
      "surf_loss": 0.07851822026772425,
      "loss": 0.8886781538976356,
      "mae_surf_Ux": 0.3314819880160362,
      "mae_vol_Ux": 1.6704466790605237,
      "mae_surf_Uy": 0.20924367912264957,
      "mae_vol_Uy": 0.6162584618761016,
      "mae_surf_p": 27.665827525851732,
      "mae_vol_p": 33.69963708309516
    },
    "test_geom_camber_rc": {
      "vol_loss": 0.12413808785378933,
      "surf_loss": 0.04672686603851616,
      "loss": 0.5914067482389509,
      "mae_surf_Ux": 0.6042952893253579,
      "mae_vol_Ux": 2.4175387103093984,
      "mae_surf_Uy": 0.3254993652773368,
      "mae_vol_Uy": 1.061225482499975,
      "mae_surf_p": 40.94062137005072,
      "mae_vol_p": 45.74804647956561
    },
    "test_geom_camber_cruise": {
      "vol_loss": 0.02576692429371178,
      "surf_loss": 0.006901253043906763,
      "loss": 0.0947794547327794,
      "mae_surf_Ux": 0.21691368301145644,
      "mae_vol_Ux": 1.1198251349541202,
      "mae_surf_Uy": 0.121594079533265,
      "mae_vol_Uy": 0.38203813802571035,
      "mae_surf_p": 13.939660931978944,
      "mae_vol_p": 16.53273709050267
    },
    "test_re_rand": {
      "vol_loss": 0.0575679244287312,
      "surf_loss": 0.023087572359945626,
      "loss": 0.28844364802818745,
      "mae_surf_Ux": 0.35375936504999667,
      "mae_vol_Ux": 1.5380559236261993,
      "mae_surf_Uy": 0.20688700635900378,
      "mae_vol_Uy": 0.628184569383817,
      "mae_surf_p": 24.912607777351795,
      "mae_vol_p": 27.897535370348713
    }
  },
  "test_avg": {
    "avg/mae_surf_Ux": 0.3766125813507118,
    "avg/mae_surf_Uy": 0.2158060325730638,
    "avg/mae_surf_p": 26.864679401308297,
    "avg/mae_vol_Ux": 1.6864666119875604,
    "avg/mae_vol_Uy": 0.6719266629464009,
    "avg/mae_vol_p": 30.96948900587804
  }
}