{
  "checkpoint": "models/model-xkovi6vb/checkpoint.pt",
  "config": "models/model-xkovi6vb/config.yaml",
  "val_per_split": {
    "val_single_in_dist": {
      "vol_loss": 0.10579052280634642,
      "surf_loss": 0.05465182044310495,
      "loss": 0.6523087272373959,
      "mae_surf_Ux": 0.34348458592174375,
      "mae_vol_Ux": 1.9340703169753382,
      "mae_surf_Uy": 0.2161085061051165,
      "mae_vol_Uy": 0.6780988709125398,
      "mae_surf_p": 28.71230866204829,
      "mae_vol_p": 38.851923256696416
    },
    "val_geom_camber_rc": {
      "vol_loss": 0.15407902464270593,
      "surf_loss": 0.05890593303367495,
      "loss": 0.7431383549794555,
      "mae_surf_Ux": 0.6894780334886322,
      "mae_vol_Ux": 2.659558406597608,
      "mae_surf_Uy": 0.3653009450564751,
      "mae_vol_Uy": 1.1945481486294989,
      "mae_surf_p": 46.7062980954858,
      "mae_vol_p": 51.29780367413946
    },
    "val_geom_camber_cruise": {
      "vol_loss": 0.0326868861541152,
      "surf_loss": 0.010158540206030011,
      "loss": 0.1342722882144153,
      "mae_surf_Ux": 0.24012798645893407,
      "mae_vol_Ux": 1.2449876501441366,
      "mae_surf_Uy": 0.14266177616396183,
      "mae_vol_Uy": 0.4463736883098596,
      "mae_surf_p": 17.090994808549297,
      "mae_vol_p": 20.31602447034625
    },
    "val_re_rand": {
      "vol_loss": 0.12174155540764332,
      "surf_loss": 0.06219313230365515,
      "loss": 0.7436728784441948,
      "mae_surf_Ux": 0.46544151675613554,
      "mae_vol_Ux": 1.8392735842245116,
      "mae_surf_Uy": 0.25437200490238066,
      "mae_vol_Uy": 0.7830239578008537,
      "mae_surf_p": 35.0710618872555,
      "mae_vol_p": 37.60839951114717
    }
  },
  "val_avg": {
    "avg/mae_surf_Ux": 0.4346330306563614,
    "avg/mae_surf_Uy": 0.24461080805698351,
    "avg/mae_surf_p": 31.89516586333472,
    "avg/mae_vol_Ux": 1.9194724894853987,
    "avg/mae_vol_Uy": 0.775511166413188,
    "avg/mae_vol_p": 37.01853772808232
  },
  "test_per_split": {
    "test_single_in_dist": {
      "vol_loss": 0.12489789670333266,
      "surf_loss": 0.09487163120764308,
      "loss": 1.0736142087797635,
      "mae_surf_Ux": 0.36765265569193273,
      "mae_vol_Ux": 1.789612981193203,
      "mae_surf_Uy": 0.21303736129662035,
      "mae_vol_Uy": 0.6617965105525749,
      "mae_surf_p": 28.645054515500775,
      "mae_vol_p": 37.61184790762509
    },
    "test_geom_camber_rc": {
      "vol_loss": 0.13073820769786834,
      "surf_loss": 0.045262997932732106,
      "loss": 0.5833681870251894,
      "mae_surf_Ux": 0.6421830567526371,
      "mae_vol_Ux": 2.553011358397316,
      "mae_surf_Uy": 0.33730223354708205,
      "mae_vol_Uy": 1.1162087237263545,
      "mae_surf_p": 41.141461903355435,
      "mae_vol_p": 46.53063295304148
    },
    "test_geom_camber_cruise": {
      "vol_loss": 0.026985986297950147,
      "surf_loss": 0.006393505242303945,
      "loss": 0.09092103872098961,
      "mae_surf_Ux": 0.21889749870888334,
      "mae_vol_Ux": 1.1617332812060233,
      "mae_surf_Uy": 0.12350845088378938,
      "mae_vol_Uy": 0.40289649319275567,
      "mae_surf_p": 13.571991365293854,
      "mae_vol_p": 17.00388081643814
    },
    "test_re_rand": {
      "vol_loss": 0.06316776730120183,
      "surf_loss": 0.023537810121197253,
      "loss": 0.29854586851317433,
      "mae_surf_Ux": 0.36631380167462924,
      "mae_vol_Ux": 1.6367797455196866,
      "mae_surf_Uy": 0.21273890692875344,
      "mae_vol_Uy": 0.6651684263100255,
      "mae_surf_p": 25.045934692386925,
      "mae_vol_p": 29.007823532267334
    }
  },
  "test_avg": {
    "avg/mae_surf_Ux": 0.3987617532070206,
    "avg/mae_surf_Uy": 0.2216467381640613,
    "avg/mae_surf_p": 27.101110619134246,
    "avg/mae_vol_Ux": 1.7852843415790571,
    "avg/mae_vol_Uy": 0.7115175384454276,
    "avg/mae_vol_p": 32.538546302343015
  }
}