{
  "checkpoint": "models/model-6arz8e9y/checkpoint.pt",
  "config": "models/model-6arz8e9y/config.yaml",
  "val_per_split": {
    "val_single_in_dist": {
      "vol_loss": 0.11853144582360983,
      "surf_loss": 0.09485663239145652,
      "loss": 1.067097769738175,
      "mae_surf_Ux": 0.32017456069485667,
      "mae_vol_Ux": 1.968954515996581,
      "mae_surf_Uy": 0.21320211105336384,
      "mae_vol_Uy": 0.7022106552646338,
      "mae_surf_p": 31.457899403328067,
      "mae_vol_p": 39.59423093321805
    },
    "val_geom_camber_rc": {
      "vol_loss": 0.14947930708527565,
      "surf_loss": 0.04953689284622669,
      "loss": 0.6448482355475426,
      "mae_surf_Ux": 0.6654888241657951,
      "mae_vol_Ux": 2.7071534881939048,
      "mae_surf_Uy": 0.36291371729062866,
      "mae_vol_Uy": 1.2187055767710697,
      "mae_surf_p": 45.62965230518129,
      "mae_vol_p": 50.596819810096626
    },
    "val_geom_camber_cruise": {
      "vol_loss": 0.03396421808749437,
      "surf_loss": 0.010160963934613392,
      "loss": 0.1355738574336283,
      "mae_surf_Ux": 0.2344483760024071,
      "mae_vol_Ux": 1.2836669182614318,
      "mae_surf_Uy": 0.14175862945530637,
      "mae_vol_Uy": 0.4512517776941648,
      "mae_surf_p": 17.703551802844427,
      "mae_vol_p": 21.063254819794643
    },
    "val_re_rand": {
      "vol_loss": 0.1200180308893323,
      "surf_loss": 0.05968607731163502,
      "loss": 0.7168788040056825,
      "mae_surf_Ux": 0.4550854401047855,
      "mae_vol_Ux": 1.8632394669307266,
      "mae_surf_Uy": 0.24791344104590224,
      "mae_vol_Uy": 0.7891218985807573,
      "mae_surf_p": 33.43596756056164,
      "mae_vol_p": 36.17079615953978
    }
  },
  "val_avg": {
    "avg/mae_surf_Ux": 0.4187993002419611,
    "avg/mae_surf_Uy": 0.24144697471130028,
    "avg/mae_surf_p": 32.056767767978855,
    "avg/mae_vol_Ux": 1.955753597345661,
    "avg/mae_vol_Uy": 0.7903224770776565,
    "avg/mae_vol_p": 36.85627543066228
  },
  "test_per_split": {
    "test_single_in_dist": {
      "vol_loss": 0.1261699535511434,
      "surf_loss": 0.09832960276165977,
      "loss": 1.109465981167741,
      "mae_surf_Ux": 0.3436514306975004,
      "mae_vol_Ux": 1.8323088956007494,
      "mae_surf_Uy": 0.21467773631294865,
      "mae_vol_Uy": 0.6846221656585022,
      "mae_surf_p": 28.24292796720448,
      "mae_vol_p": 37.217479278005634
    },
    "test_geom_camber_rc": {
      "vol_loss": 0.14821795351803302,
      "surf_loss": 0.05252052634954452,
      "loss": 0.6734232170134783,
      "mae_surf_Ux": 0.6487913255931474,
      "mae_vol_Ux": 2.659707171160818,
      "mae_surf_Uy": 0.3452378304164834,
      "mae_vol_Uy": 1.1632494358651415,
      "mae_surf_p": 43.28311620549203,
      "mae_vol_p": 48.852495159069406
    },
    "test_geom_camber_cruise": {
      "vol_loss": 0.028277873722836376,
      "surf_loss": 0.006588276936090551,
      "loss": 0.09416064308374189,
      "mae_surf_Ux": 0.2086188009345518,
      "mae_vol_Ux": 1.20516482031862,
      "mae_surf_Uy": 0.12333991540007454,
      "mae_vol_Uy": 0.4053420758473611,
      "mae_surf_p": 14.00295860325842,
      "mae_vol_p": 17.66945978778923
    },
    "test_re_rand": {
      "vol_loss": 0.06652333848178386,
      "surf_loss": 0.024609636336099357,
      "loss": 0.31261970184277743,
      "mae_surf_Ux": 0.3562890076377962,
      "mae_vol_Ux": 1.6997818995478313,
      "mae_surf_Uy": 0.21000988693844239,
      "mae_vol_Uy": 0.6766725887531503,
      "mae_surf_p": 25.473051704988933,
      "mae_vol_p": 29.30187700867498
    }
  },
  "test_avg": {
    "avg/mae_surf_Ux": 0.389337641215749,
    "avg/mae_surf_Uy": 0.22331634226698724,
    "avg/mae_surf_p": 27.750513620235964,
    "avg/mae_vol_Ux": 1.8492406966570047,
    "avg/mae_vol_Uy": 0.7324715665310387,
    "avg/mae_vol_p": 33.260327808384815
  }
}