{
  "checkpoint": "models/model-v5866ues/checkpoint.pt",
  "config": "models/model-v5866ues/config.yaml",
  "val_per_split": {
    "val_single_in_dist": {
      "vol_loss": 0.11400441616773606,
      "surf_loss": 0.07937919621123,
      "loss": 0.9077963782800361,
      "mae_surf_Ux": 0.3371332587992485,
      "mae_vol_Ux": 1.815702242728771,
      "mae_surf_Uy": 0.21413117529245307,
      "mae_vol_Uy": 0.6339779652015626,
      "mae_surf_p": 31.205908612081092,
      "mae_vol_p": 37.24628598585934
    },
    "val_geom_camber_rc": {
      "vol_loss": 0.13691608592867852,
      "surf_loss": 0.05306404858827591,
      "loss": 0.6675565718114377,
      "mae_surf_Ux": 0.6566615406539503,
      "mae_vol_Ux": 2.5146158062712125,
      "mae_surf_Uy": 0.3579442411522566,
      "mae_vol_Uy": 1.1351989778747815,
      "mae_surf_p": 45.61859297348972,
      "mae_vol_p": 48.3915738615219
    },
    "val_geom_camber_cruise": {
      "vol_loss": 0.03204501708969474,
      "surf_loss": 0.01167374690528959,
      "loss": 0.14878248614259065,
      "mae_surf_Ux": 0.2404386487429839,
      "mae_vol_Ux": 1.2322214854880866,
      "mae_surf_Uy": 0.14219596730609094,
      "mae_vol_Uy": 0.4201738041478003,
      "mae_surf_p": 18.40802387368311,
      "mae_vol_p": 20.014404503831408
    },
    "val_re_rand": {
      "vol_loss": 0.1128624976426363,
      "surf_loss": 0.0551237160153687,
      "loss": 0.6640996577963234,
      "mae_surf_Ux": 0.4514269014605663,
      "mae_vol_Ux": 1.7388062368622457,
      "mae_surf_Uy": 0.24688846052598015,
      "mae_vol_Uy": 0.7414553068623774,
      "mae_surf_p": 33.68106511328704,
      "mae_vol_p": 35.212472646177524
    }
  },
  "val_avg": {
    "avg/mae_surf_Ux": 0.42141508741418726,
    "avg/mae_surf_Uy": 0.2402899610691952,
    "avg/mae_surf_p": 32.22839764313524,
    "avg/mae_vol_Ux": 1.825336442837579,
    "avg/mae_vol_Uy": 0.7327015135216305,
    "avg/mae_vol_p": 35.21618424934754
  },
  "test_per_split": {
    "test_single_in_dist": {
      "vol_loss": 0.1153634773939848,
      "surf_loss": 0.08926081468700431,
      "loss": 1.007971624264028,
      "mae_surf_Ux": 0.3515609493746452,
      "mae_vol_Ux": 1.68685829033854,
      "mae_surf_Uy": 0.21136713285821662,
      "mae_vol_Uy": 0.6174424032800582,
      "mae_surf_p": 29.51078674676239,
      "mae_vol_p": 35.55962712475151
    },
    "test_geom_camber_rc": {
      "vol_loss": 0.12494245916604996,
      "surf_loss": 0.04605727090500295,
      "loss": 0.5855151682160795,
      "mae_surf_Ux": 0.6185895077857197,
      "mae_vol_Ux": 2.453868595360001,
      "mae_surf_Uy": 0.33309036645250667,
      "mae_vol_Uy": 1.0725981243650011,
      "mae_surf_p": 41.53197642200774,
      "mae_vol_p": 45.51559994231861
    },
    "test_geom_camber_cruise": {
      "vol_loss": 0.026222830340266227,
      "surf_loss": 0.006916109918383881,
      "loss": 0.09538392952410504,
      "mae_surf_Ux": 0.2192194127357998,
      "mae_vol_Ux": 1.147159402673882,
      "mae_surf_Uy": 0.1231395675578782,
      "mae_vol_Uy": 0.379362608540482,
      "mae_surf_p": 14.555306205615821,
      "mae_vol_p": 16.462726258102602
    },
    "test_re_rand": {
      "vol_loss": 0.058426185846328735,
      "surf_loss": 0.022773740431293845,
      "loss": 0.2861635901592672,
      "mae_surf_Ux": 0.35801908215883904,
      "mae_vol_Ux": 1.5694667598158607,
      "mae_surf_Uy": 0.20888606368604518,
      "mae_vol_Uy": 0.6317734878824631,
      "mae_surf_p": 25.18762026379225,
      "mae_vol_p": 27.434790958697864
    }
  },
  "test_avg": {
    "avg/mae_surf_Ux": 0.386847238013751,
    "avg/mae_surf_Uy": 0.21912078263866167,
    "avg/mae_surf_p": 27.69642240954455,
    "avg/mae_vol_Ux": 1.7143382620470708,
    "avg/mae_vol_Uy": 0.6752941560170012,
    "avg/mae_vol_p": 31.243186070967646
  }
}