{
  "checkpoint": "models/model-upm9ec8x/checkpoint.pt",
  "config": "models/model-upm9ec8x/config.yaml",
  "val_per_split": {
    "val_single_in_dist": {
      "vol_loss": 0.11253897238522768,
      "surf_loss": 0.10797171721351333,
      "loss": 1.192256144520361,
      "mae_surf_Ux": 0.28151845628423716,
      "mae_vol_Ux": 1.751472648611458,
      "mae_surf_Uy": 0.20371374466833578,
      "mae_vol_Uy": 0.6110031456885954,
      "mae_surf_p": 30.738789219265364,
      "mae_vol_p": 36.12770133883932
    },
    "val_geom_camber_rc": {
      "vol_loss": 0.1419750739634037,
      "surf_loss": 0.050789321372285486,
      "loss": 0.6498682876862586,
      "mae_surf_Ux": 0.6186523844993196,
      "mae_vol_Ux": 2.4913058179392618,
      "mae_surf_Uy": 0.34855535511738145,
      "mae_vol_Uy": 1.140081406707916,
      "mae_surf_p": 44.29917377337374,
      "mae_vol_p": 49.094353612663056
    },
    "val_geom_camber_cruise": {
      "vol_loss": 0.029143415335565807,
      "surf_loss": 0.009706849651411175,
      "loss": 0.12621191184967756,
      "mae_surf_Ux": 0.22411256005765934,
      "mae_vol_Ux": 1.1815116155151615,
      "mae_surf_Uy": 0.1339723201073367,
      "mae_vol_Uy": 0.4084027763957676,
      "mae_surf_p": 16.384280855140688,
      "mae_vol_p": 18.822524549990924
    },
    "val_re_rand": {
      "vol_loss": 0.13956254098564386,
      "surf_loss": 0.07518613732885569,
      "loss": 0.8914239142742009,
      "mae_surf_Ux": 0.4495360052807466,
      "mae_vol_Ux": 1.7572659586388513,
      "mae_surf_Uy": 0.24621809329478334,
      "mae_vol_Uy": 0.7511259284121629,
      "mae_surf_p": 35.309866362331476,
      "mae_vol_p": 36.05552873734249
    }
  },
  "val_avg": {
    "avg/mae_surf_Ux": 0.39345485153049065,
    "avg/mae_surf_Uy": 0.23311487829695932,
    "avg/mae_surf_p": 31.683027552527818,
    "avg/mae_vol_Ux": 1.7953890101761831,
    "avg/mae_vol_Uy": 0.7276533143011105,
    "avg/mae_vol_p": 35.02502705970895
  },
  "test_per_split": {
    "test_single_in_dist": {
      "vol_loss": 0.10860580122098326,
      "surf_loss": 0.09201413769973442,
      "loss": 1.0287471782183275,
      "mae_surf_Ux": 0.3132745545967879,
      "mae_vol_Ux": 1.6260138883843847,
      "mae_surf_Uy": 0.2050255342908043,
      "mae_vol_Uy": 0.6033180492626218,
      "mae_surf_p": 27.148321918752554,
      "mae_vol_p": 33.762749464995956
    },
    "test_geom_camber_rc": {
      "vol_loss": 0.12600356943905353,
      "surf_loss": 0.04665388924069703,
      "loss": 0.5925424618460238,
      "mae_surf_Ux": 0.6018933173369851,
      "mae_vol_Ux": 2.3872470014718297,
      "mae_surf_Uy": 0.32620710544882686,
      "mae_vol_Uy": 1.0574187026018005,
      "mae_surf_p": 41.68002799010774,
      "mae_vol_p": 46.3431188614513
    },
    "test_geom_camber_cruise": {
      "vol_loss": 0.024330570939928294,
      "surf_loss": 0.005966354302945547,
      "loss": 0.08399411396938376,
      "mae_surf_Ux": 0.19895360766283,
      "mae_vol_Ux": 1.0942493897475112,
      "mae_surf_Uy": 0.11515948504845139,
      "mae_vol_Uy": 0.369612390566093,
      "mae_surf_p": 12.834561396694651,
      "mae_vol_p": 15.549767613376156
    },
    "test_re_rand": {
      "vol_loss": 0.05580505011603236,
      "surf_loss": 0.021951642835047094,
      "loss": 0.2753214784665033,
      "mae_surf_Ux": 0.3333785484835064,
      "mae_vol_Ux": 1.5271477980258954,
      "mae_surf_Uy": 0.19772058579936977,
      "mae_vol_Uy": 0.6088229397403463,
      "mae_surf_p": 23.424996068224385,
      "mae_vol_p": 26.5057409097002
    }
  },
  "test_avg": {
    "avg/mae_surf_Ux": 0.36187500702002734,
    "avg/mae_surf_Uy": 0.21102817764686307,
    "avg/mae_surf_p": 26.271976843444833,
    "avg/mae_vol_Ux": 1.6586645194074052,
    "avg/mae_vol_Uy": 0.6597930205427154,
    "avg/mae_vol_p": 30.540344212380905
  }
}