{
  "checkpoint": "models/model-ds51n23u/checkpoint.pt",
  "config": "models/model-ds51n23u/config.yaml",
  "val_per_split": {
    "val_single_in_dist": {
      "vol_loss": 0.08234833450987936,
      "surf_loss": 0.05474771699053235,
      "loss": 0.6298255044152029,
      "mae_surf_Ux": 0.2816356123298814,
      "mae_vol_Ux": 1.7398339579234272,
      "mae_surf_Uy": 0.20136235737856462,
      "mae_vol_Uy": 0.6149795086890582,
      "mae_surf_p": 27.587032735926037,
      "mae_vol_p": 34.720796777395236
    },
    "val_geom_camber_rc": {
      "vol_loss": 0.16190770208835603,
      "surf_loss": 0.0697258310765028,
      "loss": 0.8591660128533841,
      "mae_surf_Ux": 0.6389315629135682,
      "mae_vol_Ux": 2.508848133672889,
      "mae_surf_Uy": 0.352100077258073,
      "mae_vol_Uy": 1.1504791372972363,
      "mae_surf_p": 47.32688454216504,
      "mae_vol_p": 52.02749583471659
    },
    "val_geom_camber_cruise": {
      "vol_loss": 0.032241218853741885,
      "surf_loss": 0.010203799047740176,
      "loss": 0.13427920933114362,
      "mae_surf_Ux": 0.22632004007423143,
      "mae_vol_Ux": 1.2245882780980981,
      "mae_surf_Uy": 0.13449315867250117,
      "mae_vol_Uy": 0.42257975288601746,
      "mae_surf_p": 16.795018348634354,
      "mae_vol_p": 19.191908579182957
    },
    "val_re_rand": {
      "vol_loss": 0.10679794147610665,
      "surf_loss": 0.05057694172021002,
      "loss": 0.6125673586782068,
      "mae_surf_Ux": 0.43189487194241627,
      "mae_vol_Ux": 1.7470900667110996,
      "mae_surf_Uy": 0.23944011273522686,
      "mae_vol_Uy": 0.7396703116156619,
      "mae_surf_p": 32.063502917424536,
      "mae_vol_p": 34.49900170516986
    }
  },
  "val_avg": {
    "avg/mae_surf_Ux": 0.3946955218150243,
    "avg/mae_surf_Uy": 0.2318489265110914,
    "avg/mae_surf_p": 30.94310963603749,
    "avg/mae_vol_Ux": 1.8050901091013785,
    "avg/mae_vol_Uy": 0.7319271776219934,
    "avg/mae_vol_p": 35.10980072411616
  },
  "test_per_split": {
    "test_single_in_dist": {
      "vol_loss": 0.10555626576766372,
      "surf_loss": 0.08006238371017389,
      "loss": 0.9061801028694026,
      "mae_surf_Ux": 0.3088002580624478,
      "mae_vol_Ux": 1.6336568750190033,
      "mae_surf_Uy": 0.19900126434329773,
      "mae_vol_Uy": 0.6071925747392454,
      "mae_surf_p": 25.86816358175191,
      "mae_vol_p": 33.25383103019131
    },
    "test_geom_camber_rc": {
      "vol_loss": 0.116202557310462,
      "surf_loss": 0.04131495468318462,
      "loss": 0.5293521041423083,
      "mae_surf_Ux": 0.5922597666687567,
      "mae_vol_Ux": 2.3707985502753735,
      "mae_surf_Uy": 0.32138390834343666,
      "mae_vol_Uy": 1.0433474925844508,
      "mae_surf_p": 39.49232871531117,
      "mae_vol_p": 44.3073370831222
    },
    "test_geom_camber_cruise": {
      "vol_loss": 0.02560534910298884,
      "surf_loss": 0.006022954247309826,
      "loss": 0.08583489157608709,
      "mae_surf_Ux": 0.2029613428216251,
      "mae_vol_Ux": 1.1267970036642478,
      "mae_surf_Uy": 0.11416070456389876,
      "mae_vol_Uy": 0.3770052037255774,
      "mae_surf_p": 12.880690407444686,
      "mae_vol_p": 15.854774553389323
    },
    "test_re_rand": {
      "vol_loss": 0.05908322278410196,
      "surf_loss": 0.024372204800602048,
      "loss": 0.3028052707901224,
      "mae_surf_Ux": 0.33493282305407324,
      "mae_vol_Ux": 1.5459481998345823,
      "mae_surf_Uy": 0.20381299971668032,
      "mae_vol_Uy": 0.6237764754718933,
      "mae_surf_p": 24.774715896144,
      "mae_vol_p": 27.894517360485708
    }
  },
  "test_avg": {
    "avg/mae_surf_Ux": 0.3597385476517257,
    "avg/mae_surf_Uy": 0.20958971924182837,
    "avg/mae_surf_p": 25.75397465016294,
    "avg/mae_vol_Ux": 1.6693001571983017,
    "avg/mae_vol_Uy": 0.6628304366302917,
    "avg/mae_vol_p": 30.327615006797135
  }
}