{
  "checkpoint": "models/model-5yzc8yii/checkpoint.pt",
  "config": "models/model-5yzc8yii/config.yaml",
  "val_per_split": {
    "val_single_in_dist": {
      "vol_loss": 0.09238795790821314,
      "surf_loss": 0.07670919925090856,
      "loss": 0.8594799504172987,
      "mae_surf_Ux": 0.3047247054998715,
      "mae_vol_Ux": 1.6713316556311786,
      "mae_surf_Uy": 0.20704539118241316,
      "mae_vol_Uy": 0.5706157990430255,
      "mae_surf_p": 30.64557290508394,
      "mae_vol_p": 35.18696950061698
    },
    "val_geom_camber_rc": {
      "vol_loss": 0.13152580611407758,
      "surf_loss": 0.049405038161203264,
      "loss": 0.6255761877261102,
      "mae_surf_Ux": 0.6501916033670396,
      "mae_vol_Ux": 2.4202750663302686,
      "mae_surf_Uy": 0.3512647098579313,
      "mae_vol_Uy": 1.0826458798316423,
      "mae_surf_p": 44.665212518951584,
      "mae_vol_p": 47.884906537115114
    },
    "val_geom_camber_cruise": {
      "vol_loss": 0.028162901513278483,
      "surf_loss": 0.010066688250517472,
      "loss": 0.12882978401845321,
      "mae_surf_Ux": 0.23730458995607007,
      "mae_vol_Ux": 1.1435176804414908,
      "mae_surf_Uy": 0.13452733197760347,
      "mae_vol_Uy": 0.38497638460612504,
      "mae_surf_p": 16.482347388830895,
      "mae_vol_p": 18.15886259924369
    },
    "val_re_rand": {
      "vol_loss": 0.10716853346675634,
      "surf_loss": 0.05886286885011941,
      "loss": 0.6957972219679505,
      "mae_surf_Ux": 0.44435223709550153,
      "mae_vol_Ux": 1.6617130392198698,
      "mae_surf_Uy": 0.23700595587982884,
      "mae_vol_Uy": 0.6925194332260616,
      "mae_surf_p": 33.05043211299182,
      "mae_vol_p": 33.81070774834943
    }
  },
  "val_avg": {
    "avg/mae_surf_Ux": 0.4091432839796207,
    "avg/mae_surf_Uy": 0.23246084722444418,
    "avg/mae_surf_p": 31.21089123146456,
    "avg/mae_vol_Ux": 1.7242093604057018,
    "avg/mae_vol_Uy": 0.6826893741767136,
    "avg/mae_vol_p": 33.76036159633131
  },
  "test_per_split": {
    "test_single_in_dist": {
      "vol_loss": 0.1056048233807087,
      "surf_loss": 0.08610304609173909,
      "loss": 0.9666352842980996,
      "mae_surf_Ux": 0.32029675652503126,
      "mae_vol_Ux": 1.5644900037451943,
      "mae_surf_Uy": 0.19738227814020518,
      "mae_vol_Uy": 0.5583694479758866,
      "mae_surf_p": 26.632069089985244,
      "mae_vol_p": 32.30748456779723
    },
    "test_geom_camber_rc": {
      "vol_loss": 0.11666292861104012,
      "surf_loss": 0.044665308026596906,
      "loss": 0.5633160088770092,
      "mae_surf_Ux": 0.6151300826882784,
      "mae_vol_Ux": 2.3390471268769026,
      "mae_surf_Uy": 0.3265240710132903,
      "mae_vol_Uy": 1.0153049273240033,
      "mae_surf_p": 41.188524335246925,
      "mae_vol_p": 44.07763437820141
    },
    "test_geom_camber_cruise": {
      "vol_loss": 0.022931385948322714,
      "surf_loss": 0.00612134811701253,
      "loss": 0.08414486711844801,
      "mae_surf_Ux": 0.21522471322416395,
      "mae_vol_Ux": 1.0563270416537471,
      "mae_surf_Uy": 0.11613960763750701,
      "mae_vol_Uy": 0.3443925402156714,
      "mae_surf_p": 13.083828685712302,
      "mae_vol_p": 14.973297061886818
    },
    "test_re_rand": {
      "vol_loss": 0.05143631236627698,
      "surf_loss": 0.021178714404813944,
      "loss": 0.2632234564144164,
      "mae_surf_Ux": 0.34504472903249905,
      "mae_vol_Ux": 1.455991996781417,
      "mae_surf_Uy": 0.1938620441926341,
      "mae_vol_Uy": 0.5693243937701603,
      "mae_surf_p": 23.559496348210846,
      "mae_vol_p": 25.52216590079439
    }
  },
  "test_avg": {
    "avg/mae_surf_Ux": 0.37392407036749314,
    "avg/mae_surf_Uy": 0.20847700024590915,
    "avg/mae_surf_p": 26.115979614788827,
    "avg/mae_vol_Ux": 1.6039640422643153,
    "avg/mae_vol_Uy": 0.6218478273214304,
    "avg/mae_vol_p": 29.220145477169964
  }
}