{
  "checkpoint": "models/model-4e3fmkxf/checkpoint.pt",
  "config": "models/model-4e3fmkxf/config.yaml",
  "val_per_split": {
    "val_single_in_dist": {
      "vol_loss": 0.09918958632275462,
      "surf_loss": 0.06617060757474974,
      "loss": 0.760895662070252,
      "mae_surf_Ux": 0.28418235599183544,
      "mae_vol_Ux": 1.8377553779563982,
      "mae_surf_Uy": 0.2064803948551014,
      "mae_vol_Uy": 0.6477668967226011,
      "mae_surf_p": 29.177544715537586,
      "mae_vol_p": 37.19567269507436
    },
    "val_geom_camber_rc": {
      "vol_loss": 0.1415174377709627,
      "surf_loss": 0.052441867589950564,
      "loss": 0.6659361136704683,
      "mae_surf_Ux": 0.6492455095806947,
      "mae_vol_Ux": 2.515195788217515,
      "mae_surf_Uy": 0.362562054355943,
      "mae_vol_Uy": 1.159612788802187,
      "mae_surf_p": 44.71523792718474,
      "mae_vol_p": 50.58459752423417
    },
    "val_geom_camber_cruise": {
      "vol_loss": 0.031772893574088815,
      "surf_loss": 0.009331017336808144,
      "loss": 0.12508306694217025,
      "mae_surf_Ux": 0.2154676130791862,
      "mae_vol_Ux": 1.238564800483004,
      "mae_surf_Uy": 0.13229829798457834,
      "mae_vol_Uy": 0.40959151515167647,
      "mae_surf_p": 16.76354121279811,
      "mae_vol_p": 19.150406929207147
    },
    "val_re_rand": {
      "vol_loss": 0.1190709850937128,
      "surf_loss": 0.0658597609307617,
      "loss": 0.7776685944013297,
      "mae_surf_Ux": 0.4412094647810806,
      "mae_vol_Ux": 1.780603181868985,
      "mae_surf_Uy": 0.2439434462074151,
      "mae_vol_Uy": 0.7417321982231463,
      "mae_surf_p": 34.159508023908174,
      "mae_vol_p": 35.61218867776818
    }
  },
  "val_avg": {
    "avg/mae_surf_Ux": 0.39752623585819924,
    "avg/mae_surf_Uy": 0.23632104835075946,
    "avg/mae_surf_p": 31.20395796985715,
    "avg/mae_vol_Ux": 1.8430297871314756,
    "avg/mae_vol_Uy": 0.7396758497249027,
    "avg/mae_vol_p": 35.63571645657096
  },
  "test_per_split": {
    "test_single_in_dist": {
      "vol_loss": 0.11244417266920209,
      "surf_loss": 0.09039819684170652,
      "loss": 1.0164261410862674,
      "mae_surf_Ux": 0.29951531921113383,
      "mae_vol_Ux": 1.7059409177065732,
      "mae_surf_Uy": 0.19878698227478525,
      "mae_vol_Uy": 0.6305019865593384,
      "mae_surf_p": 27.209033723698845,
      "mae_vol_p": 34.26756239470587
    },
    "test_geom_camber_rc": {
      "vol_loss": 0.13472291082143784,
      "surf_loss": 0.050110466144979,
      "loss": 0.6358275722712279,
      "mae_surf_Ux": 0.6160523244137659,
      "mae_vol_Ux": 2.4533927421931514,
      "mae_surf_Uy": 0.33644266688829116,
      "mae_vol_Uy": 1.0865625782602544,
      "mae_surf_p": 42.577401400981834,
      "mae_vol_p": 47.47428752890668
    },
    "test_geom_camber_cruise": {
      "vol_loss": 0.02662013445980847,
      "surf_loss": 0.006075169285177253,
      "loss": 0.08737182731158101,
      "mae_surf_Ux": 0.19640886362552876,
      "mae_vol_Ux": 1.1565696258891316,
      "mae_surf_Uy": 0.11512529549698025,
      "mae_vol_Uy": 0.374981577595766,
      "mae_surf_p": 13.377970965942797,
      "mae_vol_p": 16.0047008656729
    },
    "test_re_rand": {
      "vol_loss": 0.058265855740755795,
      "surf_loss": 0.022124081584624946,
      "loss": 0.27950667158700526,
      "mae_surf_Ux": 0.3312356643755088,
      "mae_vol_Ux": 1.5711844037639882,
      "mae_surf_Uy": 0.20040252241170592,
      "mae_vol_Uy": 0.6212667212532124,
      "mae_surf_p": 24.43987714657047,
      "mae_vol_p": 27.11445376407296
    }
  },
  "test_avg": {
    "avg/mae_surf_Ux": 0.3608030429064843,
    "avg/mae_surf_Uy": 0.21268936676794065,
    "avg/mae_surf_p": 26.90107080929849,
    "avg/mae_vol_Ux": 1.721771922388211,
    "avg/mae_vol_Uy": 0.6783282159171428,
    "avg/mae_vol_p": 31.215251138339603
  }
}