{
  "checkpoint": "models/model-731bgfr8/checkpoint.pt",
  "config": "models/model-731bgfr8/config.yaml",
  "val_per_split": {
    "val_single_in_dist": {
      "vol_loss": 0.10562368923798203,
      "surf_loss": 0.08435115603846498,
      "loss": 0.9491352496226318,
      "mae_surf_Ux": 0.28365607709790547,
      "mae_vol_Ux": 1.6466058581144574,
      "mae_surf_Uy": 0.19964257576567762,
      "mae_vol_Uy": 0.5719765246910541,
      "mae_surf_p": 29.005187822015063,
      "mae_vol_p": 33.80595546827427
    },
    "val_geom_camber_rc": {
      "vol_loss": 0.11622942127287388,
      "surf_loss": 0.04088918399065733,
      "loss": 0.5251212611794471,
      "mae_surf_Ux": 0.602350855199727,
      "mae_vol_Ux": 2.3396360721144394,
      "mae_surf_Uy": 0.3369317242017338,
      "mae_vol_Uy": 1.0475330560180613,
      "mae_surf_p": 41.12642270883292,
      "mae_vol_p": 44.07705845985624
    },
    "val_geom_camber_cruise": {
      "vol_loss": 0.028077566903084515,
      "surf_loss": 0.009049755745800213,
      "loss": 0.11857512436108664,
      "mae_surf_Ux": 0.2212991556653289,
      "mae_vol_Ux": 1.1653403991921183,
      "mae_surf_Uy": 0.1299207382295313,
      "mae_vol_Uy": 0.3877420479883121,
      "mae_surf_p": 15.974680489088502,
      "mae_vol_p": 17.884409594874757
    },
    "val_re_rand": {
      "vol_loss": 0.1078138992935419,
      "surf_loss": 0.05700880602467805,
      "loss": 0.6779019595403224,
      "mae_surf_Ux": 0.4250390479529355,
      "mae_vol_Ux": 1.6382076012080051,
      "mae_surf_Uy": 0.23715816974415305,
      "mae_vol_Uy": 0.697354925319544,
      "mae_surf_p": 31.96282442553617,
      "mae_vol_p": 32.72007536993703
    }
  },
  "val_avg": {
    "avg/mae_surf_Ux": 0.3830862839789742,
    "avg/mae_surf_Uy": 0.22591330198527393,
    "avg/mae_surf_p": 29.517278861368162,
    "avg/mae_vol_Ux": 1.697447482657255,
    "avg/mae_vol_Uy": 0.6761516385042429,
    "avg/mae_vol_p": 32.12187472323557
  },
  "test_per_split": {
    "test_single_in_dist": {
      "vol_loss": 0.09696318732574583,
      "surf_loss": 0.0709150638798019,
      "loss": 0.8061138261237648,
      "mae_surf_Ux": 0.3028299315839686,
      "mae_vol_Ux": 1.5190752333947446,
      "mae_surf_Uy": 0.19150799063623256,
      "mae_vol_Uy": 0.5553211608388549,
      "mae_surf_p": 26.006865644450595,
      "mae_vol_p": 31.596558002457524
    },
    "test_geom_camber_rc": {
      "vol_loss": 0.12173625037074089,
      "surf_loss": 0.04653579864650965,
      "loss": 0.5870942368358374,
      "mae_surf_Ux": 0.6149920038421722,
      "mae_vol_Ux": 2.302031854902432,
      "mae_surf_Uy": 0.32116129726395615,
      "mae_vol_Uy": 1.0121910765965374,
      "mae_surf_p": 39.888014307465404,
      "mae_vol_p": 43.420837657338915
    },
    "test_geom_camber_cruise": {
      "vol_loss": 0.023135089077986778,
      "surf_loss": 0.005645574105437845,
      "loss": 0.07959083013236523,
      "mae_surf_Ux": 0.20342377678638174,
      "mae_vol_Ux": 1.0767548034221928,
      "mae_surf_Uy": 0.11135962773644377,
      "mae_vol_Uy": 0.3484500557856037,
      "mae_surf_p": 12.47020306677106,
      "mae_vol_p": 14.551199129103548
    },
    "test_re_rand": {
      "vol_loss": 0.0539189493842423,
      "surf_loss": 0.021857834679540247,
      "loss": 0.2724972961796448,
      "mae_surf_Ux": 0.3309605865551714,
      "mae_vol_Ux": 1.4799631236413262,
      "mae_surf_Uy": 0.19200773212289,
      "mae_vol_Uy": 0.5806005769832605,
      "mae_surf_p": 23.390186216932655,
      "mae_vol_p": 25.496714007175203
    }
  },
  "test_avg": {
    "avg/mae_surf_Ux": 0.3630515746919235,
    "avg/mae_surf_Uy": 0.2040091619398806,
    "avg/mae_surf_p": 25.43881730890493,
    "avg/mae_vol_Ux": 1.5944562538401739,
    "avg/mae_vol_Uy": 0.6241407175510642,
    "avg/mae_vol_p": 28.766327199018797
  }
}