{
  "checkpoint": "models/model-b6g36vlk/checkpoint.pt",
  "config": "models/model-b6g36vlk/config.yaml",
  "val_per_split": {
    "val_single_in_dist": {
      "vol_loss": 0.10495348073542118,
      "surf_loss": 0.07594907670631074,
      "loss": 0.8644442477985286,
      "mae_surf_Ux": 0.29970172588674854,
      "mae_vol_Ux": 1.7396838445637897,
      "mae_surf_Uy": 0.2049645627218603,
      "mae_vol_Uy": 0.6030413167438324,
      "mae_surf_p": 30.02909091776856,
      "mae_vol_p": 35.14235499590803
    },
    "val_geom_camber_rc": {
      "vol_loss": 0.13301079638302327,
      "surf_loss": 0.050787690691649914,
      "loss": 0.6408877032995224,
      "mae_surf_Ux": 0.6375833613340066,
      "mae_vol_Ux": 2.4489584641827715,
      "mae_surf_Uy": 0.35505238864099464,
      "mae_vol_Uy": 1.1164009366246048,
      "mae_surf_p": 43.820900924237236,
      "mae_vol_p": 47.27565396904459
    },
    "val_geom_camber_cruise": {
      "vol_loss": 0.027871226891875267,
      "surf_loss": 0.008908078767126426,
      "loss": 0.11695201456313953,
      "mae_surf_Ux": 0.2135312391091798,
      "mae_vol_Ux": 1.14382504159283,
      "mae_surf_Uy": 0.13136712017925772,
      "mae_vol_Uy": 0.3811888076988258,
      "mae_surf_p": 15.60083997766065,
      "mae_vol_p": 17.82962773309218
    },
    "val_re_rand": {
      "vol_loss": 0.1116164267808199,
      "surf_loss": 0.06075172271113843,
      "loss": 0.7191336538922042,
      "mae_surf_Ux": 0.45653065704991913,
      "mae_vol_Ux": 1.6957591746563414,
      "mae_surf_Uy": 0.24226073781883226,
      "mae_vol_Uy": 0.7100720565144801,
      "mae_surf_p": 33.786502091553224,
      "mae_vol_p": 34.199604105487836
    }
  },
  "val_avg": {
    "avg/mae_surf_Ux": 0.40183674584496354,
    "avg/mae_surf_Uy": 0.23341120234023624,
    "avg/mae_surf_p": 30.809333477804916,
    "avg/mae_vol_Ux": 1.757056631248933,
    "avg/mae_vol_Uy": 0.7026757793954358,
    "avg/mae_vol_p": 33.611810200883156
  },
  "test_per_split": {
    "test_single_in_dist": {
      "vol_loss": 0.1079876078478992,
      "surf_loss": 0.09093422398669646,
      "loss": 1.0173298477148638,
      "mae_surf_Ux": 0.31192966291223895,
      "mae_vol_Ux": 1.5931135053256344,
      "mae_surf_Uy": 0.19739428604702608,
      "mae_vol_Uy": 0.5711818768881085,
      "mae_surf_p": 27.153660899502565,
      "mae_vol_p": 32.42601410405657
    },
    "test_geom_camber_rc": {
      "vol_loss": 0.12110010147094727,
      "surf_loss": 0.0474397486820817,
      "loss": 0.5954975882917642,
      "mae_surf_Ux": 0.6160674786461794,
      "mae_vol_Ux": 2.37488998605492,
      "mae_surf_Uy": 0.32689346656556,
      "mae_vol_Uy": 1.0422710329494134,
      "mae_surf_p": 41.45578748152737,
      "mae_vol_p": 44.60907290549035
    },
    "test_geom_camber_cruise": {
      "vol_loss": 0.022763980370946228,
      "surf_loss": 0.005747160911560059,
      "loss": 0.08023558948654681,
      "mae_surf_Ux": 0.1956708296852677,
      "mae_vol_Ux": 1.0563999748516297,
      "mae_surf_Uy": 0.11387023896904878,
      "mae_vol_Uy": 0.3450722431506418,
      "mae_surf_p": 12.753926927256588,
      "mae_vol_p": 14.648309210660491
    },
    "test_re_rand": {
      "vol_loss": 0.05213205117732286,
      "surf_loss": 0.020747811563778668,
      "loss": 0.2596101668151095,
      "mae_surf_Ux": 0.34192248337765335,
      "mae_vol_Ux": 1.4731333891184208,
      "mae_surf_Uy": 0.1979154211050447,
      "mae_vol_Uy": 0.5830980409753131,
      "mae_surf_p": 23.121071051859634,
      "mae_vol_p": 25.54107914466017
    }
  },
  "test_avg": {
    "avg/mae_surf_Ux": 0.36639761365533485,
    "avg/mae_surf_Uy": 0.2090183531716699,
    "avg/mae_surf_p": 26.12111159003654,
    "avg/mae_vol_Ux": 1.6243842138376512,
    "avg/mae_vol_Uy": 0.6354057984908692,
    "avg/mae_vol_p": 29.306118841216897
  }
}