{
  "checkpoint": "models/model-whereomp/checkpoint.pt",
  "config": "models/model-whereomp/config.yaml",
  "val_per_split": {
    "val_single_in_dist": {
      "vol_loss": 0.09473182581365108,
      "surf_loss": 0.07744517307262867,
      "loss": 0.8691835565399377,
      "mae_surf_Ux": 0.27636627132152486,
      "mae_vol_Ux": 1.6579779653024602,
      "mae_surf_Uy": 0.20186261462750502,
      "mae_vol_Uy": 0.5820242229415516,
      "mae_surf_p": 29.46914641541681,
      "mae_vol_p": 33.958388693282224
    },
    "val_geom_camber_rc": {
      "vol_loss": 0.14896438956260682,
      "surf_loss": 0.062239704886451364,
      "loss": 0.7713614384271205,
      "mae_surf_Ux": 0.6327659823340241,
      "mae_vol_Ux": 2.4674614710637472,
      "mae_surf_Uy": 0.34939138582536966,
      "mae_vol_Uy": 1.1081086226179855,
      "mae_surf_p": 46.917328561070285,
      "mae_vol_p": 50.1356746039556
    },
    "val_geom_camber_cruise": {
      "vol_loss": 0.02934549344703555,
      "surf_loss": 0.00986412282451056,
      "loss": 0.12798672169214115,
      "mae_surf_Ux": 0.2161161985114217,
      "mae_vol_Ux": 1.1571075899935086,
      "mae_surf_Uy": 0.13104536385106902,
      "mae_vol_Uy": 0.3922075553605686,
      "mae_surf_p": 16.270386405755907,
      "mae_vol_p": 18.16988305421545
    },
    "val_re_rand": {
      "vol_loss": 0.1218183134123683,
      "surf_loss": 0.06366638081148267,
      "loss": 0.758482121527195,
      "mae_surf_Ux": 0.4385910738666012,
      "mae_vol_Ux": 1.6780211022695535,
      "mae_surf_Uy": 0.24116160556652713,
      "mae_vol_Uy": 0.70799826029338,
      "mae_surf_p": 34.091197985723944,
      "mae_vol_p": 34.598907114384865
    }
  },
  "val_avg": {
    "avg/mae_surf_Ux": 0.39095988150839295,
    "avg/mae_surf_Uy": 0.2308652424676177,
    "avg/mae_surf_p": 31.687014841991736,
    "avg/mae_vol_Ux": 1.7401420321573173,
    "avg/mae_vol_Uy": 0.6975846653033715,
    "avg/mae_vol_p": 34.21571336645953
  },
  "test_per_split": {
    "test_single_in_dist": {
      "vol_loss": 0.10815222043544054,
      "surf_loss": 0.0830474831169704,
      "loss": 0.9386270516051445,
      "mae_surf_Ux": 0.31532070434249576,
      "mae_vol_Ux": 1.572965827306442,
      "mae_surf_Uy": 0.2023104739652518,
      "mae_vol_Uy": 0.5737243606146605,
      "mae_surf_p": 27.233442273641923,
      "mae_vol_p": 33.300074466800766
    },
    "test_geom_camber_rc": {
      "vol_loss": 0.12214145526289939,
      "surf_loss": 0.048103595534339544,
      "loss": 0.6031774106062948,
      "mae_surf_Ux": 0.6018755854061176,
      "mae_vol_Ux": 2.3449029485626216,
      "mae_surf_Uy": 0.32163899557257636,
      "mae_vol_Uy": 1.0159002878200625,
      "mae_surf_p": 40.499487077778184,
      "mae_vol_p": 43.73850981223947
    },
    "test_geom_camber_cruise": {
      "vol_loss": 0.023258662335574627,
      "surf_loss": 0.005910276714712381,
      "loss": 0.08236142948269844,
      "mae_surf_Ux": 0.19852920140527705,
      "mae_vol_Ux": 1.0635169544649148,
      "mae_surf_Uy": 0.1125728565419575,
      "mae_vol_Uy": 0.3505755507660416,
      "mae_surf_p": 12.952466197296614,
      "mae_vol_p": 14.689234045767108
    },
    "test_re_rand": {
      "vol_loss": 0.056153068747371436,
      "surf_loss": 0.022489301562309265,
      "loss": 0.2810460843704641,
      "mae_surf_Ux": 0.3330151864044046,
      "mae_vol_Ux": 1.4866126803638855,
      "mae_surf_Uy": 0.19435161477328425,
      "mae_vol_Uy": 0.5900578971238459,
      "mae_surf_p": 23.908334521016325,
      "mae_vol_p": 26.101697948045246
    }
  },
  "test_avg": {
    "avg/mae_surf_Ux": 0.36218516938957374,
    "avg/mae_surf_Uy": 0.20771848521326747,
    "avg/mae_surf_p": 26.14843251743326,
    "avg/mae_vol_Ux": 1.616999602674466,
    "avg/mae_vol_Uy": 0.6325645240811526,
    "avg/mae_vol_p": 29.457379068213147
  }
}