{
  "checkpoint": "models/model-hr2knot8/checkpoint.pt",
  "config": "models/model-hr2knot8/config.yaml",
  "val_per_split": {
    "val_single_in_dist": {
      "vol_loss": 0.08089722109958529,
      "surf_loss": 0.04763829873641953,
      "loss": 0.5572802084637806,
      "mae_surf_Ux": 0.2817631559096244,
      "mae_vol_Ux": 1.7519464788936647,
      "mae_surf_Uy": 0.19958614135716723,
      "mae_vol_Uy": 0.6125952399425344,
      "mae_surf_p": 26.361963593055258,
      "mae_vol_p": 34.7069714401887
    },
    "val_geom_camber_rc": {
      "vol_loss": 0.1582405224442482,
      "surf_loss": 0.06497838346287609,
      "loss": 0.808024357073009,
      "mae_surf_Ux": 0.6510225761501104,
      "mae_vol_Ux": 2.5067120459072334,
      "mae_surf_Uy": 0.3538358508385295,
      "mae_vol_Uy": 1.141638630132472,
      "mae_surf_p": 45.745980209339066,
      "mae_vol_p": 51.12258850981184
    },
    "val_geom_camber_cruise": {
      "vol_loss": 0.03065650526434183,
      "surf_loss": 0.009731572120217606,
      "loss": 0.1279722264665179,
      "mae_surf_Ux": 0.22423700015318251,
      "mae_vol_Ux": 1.2049138987278678,
      "mae_surf_Uy": 0.13152610114473898,
      "mae_vol_Uy": 0.4121666868130961,
      "mae_surf_p": 16.11301339305229,
      "mae_vol_p": 19.417080357898673
    },
    "val_re_rand": {
      "vol_loss": 0.12106908850371838,
      "surf_loss": 0.06495520713273435,
      "loss": 0.7706211598310618,
      "mae_surf_Ux": 0.43906633598374945,
      "mae_vol_Ux": 1.7461574578279455,
      "mae_surf_Uy": 0.24705718352532655,
      "mae_vol_Uy": 0.7379860901076638,
      "mae_surf_p": 33.49515287448227,
      "mae_vol_p": 34.99781413413832
    }
  },
  "val_avg": {
    "avg/mae_surf_Ux": 0.3990222670491667,
    "avg/mae_surf_Uy": 0.23300131921644057,
    "avg/mae_surf_p": 30.429027517482222,
    "avg/mae_vol_Ux": 1.8024324703391779,
    "avg/mae_vol_Uy": 0.7260966617489415,
    "avg/mae_vol_p": 35.06111361050939
  },
  "test_per_split": {
    "test_single_in_dist": {
      "vol_loss": 0.11109259845688939,
      "surf_loss": 0.09226204000005964,
      "loss": 1.0337129984574858,
      "mae_surf_Ux": 0.32123742082070306,
      "mae_vol_Ux": 1.6649096820347362,
      "mae_surf_Uy": 0.2052184915496292,
      "mae_vol_Uy": 0.6140626004473567,
      "mae_surf_p": 27.005399033455774,
      "mae_vol_p": 33.63302808644379
    },
    "test_geom_camber_rc": {
      "vol_loss": 0.12657662577927112,
      "surf_loss": 0.048511404795572165,
      "loss": 0.6116906737349928,
      "mae_surf_Ux": 0.6100140827765753,
      "mae_vol_Ux": 2.423382759412828,
      "mae_surf_Uy": 0.331425985410544,
      "mae_vol_Uy": 1.0792213114035492,
      "mae_surf_p": 42.81220755464984,
      "mae_vol_p": 47.81676354821168
    },
    "test_geom_camber_cruise": {
      "vol_loss": 0.025208362219855188,
      "surf_loss": 0.006355558681534603,
      "loss": 0.08876394903520121,
      "mae_surf_Ux": 0.20238599912236419,
      "mae_vol_Ux": 1.1158413761125088,
      "mae_surf_Uy": 0.11281803556281061,
      "mae_vol_Uy": 0.3736949766313646,
      "mae_surf_p": 12.926141436827782,
      "mae_vol_p": 15.968407036779842
    },
    "test_re_rand": {
      "vol_loss": 0.05861342251300812,
      "surf_loss": 0.022096014125272633,
      "loss": 0.27957356376573445,
      "mae_surf_Ux": 0.3442291589352331,
      "mae_vol_Ux": 1.557081931186947,
      "mae_surf_Uy": 0.2006615557679373,
      "mae_vol_Uy": 0.6239068120554906,
      "mae_surf_p": 23.75739841217986,
      "mae_vol_p": 27.61786347460073
    }
  },
  "test_avg": {
    "avg/mae_surf_Ux": 0.3694666654137189,
    "avg/mae_surf_Uy": 0.21253101707273028,
    "avg/mae_surf_p": 26.625286609278312,
    "avg/mae_vol_Ux": 1.690303937186755,
    "avg/mae_vol_Uy": 0.6727214251344402,
    "avg/mae_vol_p": 31.25901553650901
  }
}