{
  "checkpoint": "models/model-nfughzq3/checkpoint.pt",
  "config": "models/model-nfughzq3/config.yaml",
  "val_per_split": {
    "val_single_in_dist": {
      "vol_loss": 0.09406536864116788,
      "surf_loss": 0.06551418991177343,
      "loss": 0.7492072677589022,
      "mae_surf_Ux": 0.29235446590145325,
      "mae_vol_Ux": 1.707070586003608,
      "mae_surf_Uy": 0.20453105213574116,
      "mae_vol_Uy": 0.6145633322852271,
      "mae_surf_p": 30.028705553270147,
      "mae_vol_p": 35.98311935443675
    },
    "val_geom_camber_rc": {
      "vol_loss": 0.13226670101284982,
      "surf_loss": 0.04572427057661116,
      "loss": 0.5895094067789615,
      "mae_surf_Ux": 0.6257338718750001,
      "mae_vol_Ux": 2.451949231455106,
      "mae_surf_Uy": 0.35014527158556585,
      "mae_vol_Uy": 1.1207938237926252,
      "mae_surf_p": 44.353320052800946,
      "mae_vol_p": 48.782694902449904
    },
    "val_geom_camber_cruise": {
      "vol_loss": 0.03149452365934849,
      "surf_loss": 0.01075450036325492,
      "loss": 0.13903952729189767,
      "mae_surf_Ux": 0.2357986672145498,
      "mae_vol_Ux": 1.2203742354479543,
      "mae_surf_Uy": 0.1372727290589831,
      "mae_vol_Uy": 0.4110468261328248,
      "mae_surf_p": 17.024613433094743,
      "mae_vol_p": 19.34717625061538
    },
    "val_re_rand": {
      "vol_loss": 0.11571921788156032,
      "surf_loss": 0.0626849410450086,
      "loss": 0.7425686283316464,
      "mae_surf_Ux": 0.4550872535717689,
      "mae_vol_Ux": 1.7229538399181883,
      "mae_surf_Uy": 0.25004885915170494,
      "mae_vol_Uy": 0.724303979946145,
      "mae_surf_p": 33.9719964982916,
      "mae_vol_p": 34.63654326058136
    }
  },
  "val_avg": {
    "avg/mae_surf_Ux": 0.402243564640693,
    "avg/mae_surf_Uy": 0.23549947798299875,
    "avg/mae_surf_p": 31.34465888436436,
    "avg/mae_vol_Ux": 1.7755869732062142,
    "avg/mae_vol_Uy": 0.7176769905392055,
    "avg/mae_vol_p": 34.68738344202085
  },
  "test_per_split": {
    "test_single_in_dist": {
      "vol_loss": 0.10530688434839248,
      "surf_loss": 0.0802781711454736,
      "loss": 0.9080885958031285,
      "mae_surf_Ux": 0.3193526626101799,
      "mae_vol_Ux": 1.6100724034365286,
      "mae_surf_Uy": 0.20360148236317355,
      "mae_vol_Uy": 0.5990301964759375,
      "mae_surf_p": 27.902352653457516,
      "mae_vol_p": 34.283581053246
    },
    "test_geom_camber_rc": {
      "vol_loss": 0.12291191898286342,
      "surf_loss": 0.04462803442031145,
      "loss": 0.5691922631859779,
      "mae_surf_Ux": 0.6003927574778399,
      "mae_vol_Ux": 2.3526963989133756,
      "mae_surf_Uy": 0.32144781666073835,
      "mae_vol_Uy": 1.0462278619148,
      "mae_surf_p": 40.235348350723406,
      "mae_vol_p": 44.92753676746003
    },
    "test_geom_camber_cruise": {
      "vol_loss": 0.025831878865137697,
      "surf_loss": 0.006474759386619553,
      "loss": 0.09057947273133324,
      "mae_surf_Ux": 0.21510193542341713,
      "mae_vol_Ux": 1.1416785736115422,
      "mae_surf_Uy": 0.11963885036789351,
      "mae_vol_Uy": 0.371879841347206,
      "mae_surf_p": 13.42048943478942,
      "mae_vol_p": 15.830650868891615
    },
    "test_re_rand": {
      "vol_loss": 0.057176517136394975,
      "surf_loss": 0.022508067081216724,
      "loss": 0.2822571879485622,
      "mae_surf_Ux": 0.3467976635850663,
      "mae_vol_Ux": 1.54131905789461,
      "mae_surf_Uy": 0.20297727148600872,
      "mae_vol_Uy": 0.6121464033594259,
      "mae_surf_p": 24.30604880148121,
      "mae_vol_p": 27.139195424531877
    }
  },
  "test_avg": {
    "avg/mae_surf_Ux": 0.37041125477412584,
    "avg/mae_surf_Uy": 0.21191635521945354,
    "avg/mae_surf_p": 26.46605981011289,
    "avg/mae_vol_Ux": 1.6614416084640142,
    "avg/mae_vol_Uy": 0.6573210757743424,
    "avg/mae_vol_p": 30.54524102853238
  }
}