{
  "checkpoint": "models/model-pwb431tu/checkpoint.pt",
  "config": "models/model-pwb431tu/config.yaml",
  "val_per_split": {
    "val_single_in_dist": {
      "vol_loss": 0.09787619015201926,
      "surf_loss": 0.062254566800547764,
      "loss": 0.7204218581574968,
      "mae_surf_Ux": 0.284601771336678,
      "mae_vol_Ux": 1.6601454519271883,
      "mae_surf_Uy": 0.1990007161407161,
      "mae_vol_Uy": 0.5826507652859041,
      "mae_surf_p": 29.822516470110017,
      "mae_vol_p": 34.89804733192359
    },
    "val_geom_camber_rc": {
      "vol_loss": 0.1569024372845888,
      "surf_loss": 0.06341433890163899,
      "loss": 0.7910458263009787,
      "mae_surf_Ux": 0.6410574994878588,
      "mae_vol_Ux": 2.4575516682573313,
      "mae_surf_Uy": 0.3481099502084841,
      "mae_vol_Uy": 1.1089208623841678,
      "mae_surf_p": 46.10896825415578,
      "mae_vol_p": 49.17481880976527
    },
    "val_geom_camber_cruise": {
      "vol_loss": 0.026761263739317656,
      "surf_loss": 0.00881368392612785,
      "loss": 0.11489810300059616,
      "mae_surf_Ux": 0.21454216658645203,
      "mae_vol_Ux": 1.118743797448001,
      "mae_surf_Uy": 0.12871493410396817,
      "mae_vol_Uy": 0.37903059151534524,
      "mae_surf_p": 15.749667913038335,
      "mae_vol_p": 17.404199515609978
    },
    "val_re_rand": {
      "vol_loss": 0.11981302198022604,
      "surf_loss": 0.06502146063838155,
      "loss": 0.7700276283640415,
      "mae_surf_Ux": 0.4284016063207158,
      "mae_vol_Ux": 1.644305592972449,
      "mae_surf_Uy": 0.23317193595215036,
      "mae_vol_Uy": 0.6905634294796086,
      "mae_surf_p": 31.96477546477479,
      "mae_vol_p": 32.881267573806944
    }
  },
  "val_avg": {
    "avg/mae_surf_Ux": 0.39215076093292617,
    "avg/mae_surf_Uy": 0.2272493841013297,
    "avg/mae_surf_p": 30.91148202551973,
    "avg/mae_vol_Ux": 1.7201866276512425,
    "avg/mae_vol_Uy": 0.6902914121662564,
    "avg/mae_vol_p": 33.589583307776444
  },
  "test_per_split": {
    "test_single_in_dist": {
      "vol_loss": 0.1050407983828336,
      "surf_loss": 0.08668341277050785,
      "loss": 0.9718749260879121,
      "mae_surf_Ux": 0.3147045102567638,
      "mae_vol_Ux": 1.567499232806412,
      "mae_surf_Uy": 0.19571192431004572,
      "mae_vol_Uy": 0.5589198816714579,
      "mae_surf_p": 26.88112433196699,
      "mae_vol_p": 32.357301464654654
    },
    "test_geom_camber_rc": {
      "vol_loss": 0.12206721141934394,
      "surf_loss": 0.04663212852552533,
      "loss": 0.5883884966745973,
      "mae_surf_Ux": 0.5998425027825101,
      "mae_vol_Ux": 2.3482086625804395,
      "mae_surf_Uy": 0.31968708304585014,
      "mae_vol_Uy": 1.0234451292410724,
      "mae_surf_p": 42.09784700761226,
      "mae_vol_p": 44.6805078145207
    },
    "test_geom_camber_cruise": {
      "vol_loss": 0.02224297502078116,
      "surf_loss": 0.005752706857747398,
      "loss": 0.07977004359825514,
      "mae_surf_Ux": 0.1928328266588233,
      "mae_vol_Ux": 1.0458498760010304,
      "mae_surf_Uy": 0.11138042173163473,
      "mae_vol_Uy": 0.34277144220603056,
      "mae_surf_p": 12.372584467724307,
      "mae_vol_p": 14.334534877757985
    },
    "test_re_rand": {
      "vol_loss": 0.051605417896062135,
      "surf_loss": 0.020193142131902278,
      "loss": 0.2535368392150849,
      "mae_surf_Ux": 0.3267253834818644,
      "mae_vol_Ux": 1.4604005253284613,
      "mae_surf_Uy": 0.19231130007516845,
      "mae_vol_Uy": 0.5690363270356998,
      "mae_surf_p": 23.061137392077047,
      "mae_vol_p": 25.154743369280585
    }
  },
  "test_avg": {
    "avg/mae_surf_Ux": 0.3585263057949904,
    "avg/mae_surf_Uy": 0.20477268229067475,
    "avg/mae_surf_p": 26.10317329984515,
    "avg/mae_vol_Ux": 1.6054895741790858,
    "avg/mae_vol_Uy": 0.6235431950385651,
    "avg/mae_vol_p": 29.131771881553483
  }
}