{
  "checkpoint": "models/model-o9t0614w/checkpoint.pt",
  "config": "models/model-o9t0614w/config.yaml",
  "val_per_split": {
    "val_single_in_dist": {
      "vol_loss": 0.10832726750522852,
      "surf_loss": 0.08328127410612068,
      "loss": 0.9411400085664353,
      "mae_surf_Ux": 0.2991994779952579,
      "mae_vol_Ux": 1.817144157028137,
      "mae_surf_Uy": 0.20453859283889134,
      "mae_vol_Uy": 0.6420069525922716,
      "mae_surf_p": 30.40672226121417,
      "mae_vol_p": 38.288110191985005
    },
    "val_geom_camber_rc": {
      "vol_loss": 0.14451711371541023,
      "surf_loss": 0.05374846434220672,
      "loss": 0.6820017571374773,
      "mae_surf_Ux": 0.6425130858974784,
      "mae_vol_Ux": 2.5708157708478203,
      "mae_surf_Uy": 0.3533012165932015,
      "mae_vol_Uy": 1.1624918136444933,
      "mae_surf_p": 45.552208072109956,
      "mae_vol_p": 50.391122924123486
    },
    "val_geom_camber_cruise": {
      "vol_loss": 0.03155239833518863,
      "surf_loss": 0.009805677925469354,
      "loss": 0.12960917758988216,
      "mae_surf_Ux": 0.22296821643870648,
      "mae_vol_Ux": 1.220136854027067,
      "mae_surf_Uy": 0.13369598407145422,
      "mae_vol_Uy": 0.4195693311120994,
      "mae_surf_p": 16.47639372245721,
      "mae_vol_p": 19.312070653187426
    },
    "val_re_rand": {
      "vol_loss": 0.1195445865392685,
      "surf_loss": 0.06058990806806833,
      "loss": 0.7254436672199517,
      "mae_surf_Ux": 0.4403868745641874,
      "mae_vol_Ux": 1.7839901380053085,
      "mae_surf_Uy": 0.242444689259985,
      "mae_vol_Uy": 0.7616708525273225,
      "mae_surf_p": 32.95385531652,
      "mae_vol_p": 34.98797547409075
    }
  },
  "val_avg": {
    "avg/mae_surf_Ux": 0.40126691372390755,
    "avg/mae_surf_Uy": 0.23349512069088302,
    "avg/mae_surf_p": 31.347294843075332,
    "avg/mae_vol_Ux": 1.8480217299770831,
    "avg/mae_vol_Uy": 0.7464347374690466,
    "avg/mae_vol_p": 35.744819810846664
  },
  "test_per_split": {
    "test_single_in_dist": {
      "vol_loss": 0.11171491703018546,
      "surf_loss": 0.08508815050066915,
      "loss": 0.9625964220368769,
      "mae_surf_Ux": 0.3092828511776988,
      "mae_vol_Ux": 1.678466779055158,
      "mae_surf_Uy": 0.20173143004415398,
      "mae_vol_Uy": 0.6146931879199276,
      "mae_surf_p": 27.129839967225344,
      "mae_vol_p": 35.43471124444269
    },
    "test_geom_camber_rc": {
      "vol_loss": 0.13029527716338635,
      "surf_loss": 0.049060637457296254,
      "loss": 0.6209016517363488,
      "mae_surf_Ux": 0.6241982513774152,
      "mae_vol_Ux": 2.4671361236810707,
      "mae_surf_Uy": 0.33138189643081445,
      "mae_vol_Uy": 1.0890267989650262,
      "mae_surf_p": 42.0878438047125,
      "mae_vol_p": 46.401550457934796
    },
    "test_geom_camber_cruise": {
      "vol_loss": 0.026155439508147537,
      "surf_loss": 0.006103800589917227,
      "loss": 0.08719344540731981,
      "mae_surf_Ux": 0.20680028728719096,
      "mae_vol_Ux": 1.1412512111529196,
      "mae_surf_Uy": 0.11766277602785194,
      "mae_vol_Uy": 0.37943201191952347,
      "mae_surf_p": 13.223605633767606,
      "mae_vol_p": 16.055384647539746
    },
    "test_re_rand": {
      "vol_loss": 0.05957608664408326,
      "surf_loss": 0.024709103626664727,
      "loss": 0.3066671229107305,
      "mae_surf_Ux": 0.3514200968156933,
      "mae_vol_Ux": 1.5816122386126368,
      "mae_surf_Uy": 0.2021876996028593,
      "mae_vol_Uy": 0.6331363064731083,
      "mae_surf_p": 24.713445897423497,
      "mae_vol_p": 27.36053295233948
    }
  },
  "test_avg": {
    "avg/mae_surf_Ux": 0.37292537166449957,
    "avg/mae_surf_Uy": 0.21324095052641992,
    "avg/mae_surf_p": 26.788683825782236,
    "avg/mae_vol_Ux": 1.7171165881254462,
    "avg/mae_vol_Uy": 0.6790720763193964,
    "avg/mae_vol_p": 31.313044825564177
  }
}