{
  "checkpoint": "models/model-x368cfo1/checkpoint.pt",
  "config": "models/model-x368cfo1/config.yaml",
  "val_per_split": {
    "val_single_in_dist": {
      "vol_loss": 0.09396866077557206,
      "surf_loss": 0.06999461399856954,
      "loss": 0.7939148007612675,
      "mae_surf_Ux": 0.26975485941054733,
      "mae_vol_Ux": 1.5758458896171252,
      "mae_surf_Uy": 0.19630981846007445,
      "mae_vol_Uy": 0.5619712726460087,
      "mae_surf_p": 28.602384900606495,
      "mae_vol_p": 33.7143230299404
    },
    "val_geom_camber_rc": {
      "vol_loss": 0.14215064972639083,
      "surf_loss": 0.05384496495127678,
      "loss": 0.6806002992391587,
      "mae_surf_Ux": 0.6290862911328747,
      "mae_vol_Ux": 2.4010595452663286,
      "mae_surf_Uy": 0.34367727789380176,
      "mae_vol_Uy": 1.0703669081882625,
      "mae_surf_p": 44.39798826759372,
      "mae_vol_p": 48.412369343742654
    },
    "val_geom_camber_cruise": {
      "vol_loss": 0.0267798344604671,
      "surf_loss": 0.009912760783918203,
      "loss": 0.12590744229964912,
      "mae_surf_Ux": 0.22691841768968027,
      "mae_vol_Ux": 1.0812275635565225,
      "mae_surf_Uy": 0.13355184702242323,
      "mae_vol_Uy": 0.3794811214552279,
      "mae_surf_p": 16.140628579074395,
      "mae_vol_p": 17.925809663595587
    },
    "val_re_rand": {
      "vol_loss": 0.11139083128422499,
      "surf_loss": 0.05961752405390144,
      "loss": 0.7075660718232394,
      "mae_surf_Ux": 0.4414241083590105,
      "mae_vol_Ux": 1.6303382707974585,
      "mae_surf_Uy": 0.23689281136353244,
      "mae_vol_Uy": 0.69516891863941,
      "mae_surf_p": 32.30489826331417,
      "mae_vol_p": 33.471850116391195
    }
  },
  "val_avg": {
    "avg/mae_surf_Ux": 0.3917959191480282,
    "avg/mae_surf_Uy": 0.22760793868495796,
    "avg/mae_surf_p": 30.361475002647197,
    "avg/mae_vol_Ux": 1.6721178173093587,
    "avg/mae_vol_Uy": 0.6767470552322272,
    "avg/mae_vol_p": 33.38108803841746
  },
  "test_per_split": {
    "test_single_in_dist": {
      "vol_loss": 0.0982122072391212,
      "surf_loss": 0.08690309747355059,
      "loss": 0.967243181974627,
      "mae_surf_Ux": 0.3026936066111067,
      "mae_vol_Ux": 1.497040951343263,
      "mae_surf_Uy": 0.19450130681880448,
      "mae_vol_Uy": 0.5561928715528529,
      "mae_surf_p": 27.454839156110147,
      "mae_vol_p": 31.701587798344647
    },
    "test_geom_camber_rc": {
      "vol_loss": 0.11309633247554302,
      "surf_loss": 0.043173716459423306,
      "loss": 0.5448334970697761,
      "mae_surf_Ux": 0.6023537835812259,
      "mae_vol_Ux": 2.302592211917124,
      "mae_surf_Uy": 0.3201723467243233,
      "mae_vol_Uy": 1.0014738074460212,
      "mae_surf_p": 40.571352859097175,
      "mae_vol_p": 43.75901850320972
    },
    "test_geom_camber_cruise": {
      "vol_loss": 0.021605938887223602,
      "surf_loss": 0.006029574074200354,
      "loss": 0.08190167962922715,
      "mae_surf_Ux": 0.2041906774324113,
      "mae_vol_Ux": 1.0001889502343333,
      "mae_surf_Uy": 0.11131771844773215,
      "mae_vol_Uy": 0.3389146000533178,
      "mae_surf_p": 12.475984530716405,
      "mae_vol_p": 14.628821707360865
    },
    "test_re_rand": {
      "vol_loss": 0.052871344722807405,
      "surf_loss": 0.021670155606698244,
      "loss": 0.26957290078978985,
      "mae_surf_Ux": 0.34280625705315293,
      "mae_vol_Ux": 1.4188180616483466,
      "mae_surf_Uy": 0.1953634827662457,
      "mae_vol_Uy": 0.5709126187915081,
      "mae_surf_p": 23.576710256672285,
      "mae_vol_p": 25.741791301241484
    }
  },
  "test_avg": {
    "avg/mae_surf_Ux": 0.3630110811694742,
    "avg/mae_surf_Uy": 0.20533871368927642,
    "avg/mae_surf_p": 26.019721700649004,
    "avg/mae_vol_Ux": 1.5546600437857667,
    "avg/mae_vol_Uy": 0.616873474460925,
    "avg/mae_vol_p": 28.957804827539178
  }
}