{
  "checkpoint": "models/model-t8vi03tk/checkpoint.pt",
  "config": "models/model-t8vi03tk/config.yaml",
  "val_per_split": {
    "val_single_in_dist": {
      "vol_loss": 0.0974037965014577,
      "surf_loss": 0.07115311374189331,
      "loss": 0.8089349339203908,
      "mae_surf_Ux": 0.2674704767006452,
      "mae_vol_Ux": 1.550515595621074,
      "mae_surf_Uy": 0.19704863418647078,
      "mae_vol_Uy": 0.5508723407567953,
      "mae_surf_p": 27.265515416112585,
      "mae_vol_p": 32.94381200188055
    },
    "val_geom_camber_rc": {
      "vol_loss": 0.12950271978974343,
      "surf_loss": 0.0462284023500979,
      "loss": 0.5917867432907225,
      "mae_surf_Ux": 0.591199133702765,
      "mae_vol_Ux": 2.3463205636322235,
      "mae_surf_Uy": 0.33678120140740364,
      "mae_vol_Uy": 1.06243645119085,
      "mae_surf_p": 41.876334181265996,
      "mae_vol_p": 46.41415733615818
    },
    "val_geom_camber_cruise": {
      "vol_loss": 0.025326843950897456,
      "surf_loss": 0.007952437433414162,
      "loss": 0.10485121828503907,
      "mae_surf_Ux": 0.2104340795977627,
      "mae_vol_Ux": 1.085816482698802,
      "mae_surf_Uy": 0.12068034421163239,
      "mae_vol_Uy": 0.3671217190851539,
      "mae_surf_p": 14.115846094713692,
      "mae_vol_p": 17.065969515500267
    },
    "val_re_rand": {
      "vol_loss": 0.10063627138733863,
      "surf_loss": 0.05086917971959338,
      "loss": 0.6093280685832725,
      "mae_surf_Ux": 0.4261862351086156,
      "mae_vol_Ux": 1.6196332768697093,
      "mae_surf_Uy": 0.23067518486464536,
      "mae_vol_Uy": 0.6811430209526167,
      "mae_surf_p": 30.95832563724281,
      "mae_vol_p": 32.45384702199553
    }
  },
  "val_avg": {
    "avg/mae_surf_Ux": 0.3738224812774471,
    "avg/mae_surf_Uy": 0.22129634116753805,
    "avg/mae_surf_p": 28.554005332333773,
    "avg/mae_vol_Ux": 1.6505714797054523,
    "avg/mae_vol_Uy": 0.665393382996354,
    "avg/mae_vol_p": 32.21944646888363
  },
  "test_per_split": {
    "test_single_in_dist": {
      "vol_loss": 0.09697063701227307,
      "surf_loss": 0.08125725510297344,
      "loss": 0.9095431880420074,
      "mae_surf_Ux": 0.3019811594714838,
      "mae_vol_Ux": 1.482567748428901,
      "mae_surf_Uy": 0.1948355462012646,
      "mae_vol_Uy": 0.5440455531279488,
      "mae_surf_p": 25.81698289954254,
      "mae_vol_p": 30.49947691008906
    },
    "test_geom_camber_rc": {
      "vol_loss": 0.1144164302945137,
      "surf_loss": 0.04134285750798881,
      "loss": 0.5278450053744017,
      "mae_surf_Ux": 0.5838969667361096,
      "mae_vol_Ux": 2.271385048342674,
      "mae_surf_Uy": 0.32082001050727466,
      "mae_vol_Uy": 1.009431096752006,
      "mae_surf_p": 39.80212741366907,
      "mae_vol_p": 43.957054553915555
    },
    "test_geom_camber_cruise": {
      "vol_loss": 0.020706664342433213,
      "surf_loss": 0.005337111313419882,
      "loss": 0.07407777747663204,
      "mae_surf_Ux": 0.1872232170570712,
      "mae_vol_Ux": 1.0103436168122668,
      "mae_surf_Uy": 0.10468625614916958,
      "mae_vol_Uy": 0.3285852586889526,
      "mae_surf_p": 11.240005853907315,
      "mae_vol_p": 13.792526137936543
    },
    "test_re_rand": {
      "vol_loss": 0.04947390856221318,
      "surf_loss": 0.019744505936978386,
      "loss": 0.24691896793199702,
      "mae_surf_Ux": 0.31904481246567806,
      "mae_vol_Ux": 1.4148722184647382,
      "mae_surf_Uy": 0.1859953734124082,
      "mae_vol_Uy": 0.5562608895135085,
      "mae_surf_p": 21.754019543988893,
      "mae_vol_p": 24.739817453779352
    }
  },
  "test_avg": {
    "avg/mae_surf_Ux": 0.3480365389325857,
    "avg/mae_surf_Uy": 0.20158429656752927,
    "avg/mae_surf_p": 24.653283927776954,
    "avg/mae_vol_Ux": 1.5447921580121449,
    "avg/mae_vol_Uy": 0.6095806995206039,
    "avg/mae_vol_p": 28.247218763930128
  }
}