{
  "checkpoint": "models/model-jdher269/checkpoint.pt",
  "config": "models/model-jdher269/config.yaml",
  "val_per_split": {
    "val_single_in_dist": {
      "vol_loss": 0.08463051147758961,
      "surf_loss": 0.06808545854291878,
      "loss": 0.7654850969067775,
      "mae_surf_Ux": 0.28891942606415083,
      "mae_vol_Ux": 1.6778718932160044,
      "mae_surf_Uy": 0.20048286763508227,
      "mae_vol_Uy": 0.5762625178677074,
      "mae_surf_p": 29.604726967015555,
      "mae_vol_p": 33.22163480701713
    },
    "val_geom_camber_rc": {
      "vol_loss": 0.12763152189552784,
      "surf_loss": 0.05050996947102249,
      "loss": 0.6327312166057527,
      "mae_surf_Ux": 0.6297748774937997,
      "mae_vol_Ux": 2.404437584113897,
      "mae_surf_Uy": 0.3419048792962012,
      "mae_vol_Uy": 1.0832792740176063,
      "mae_surf_p": 43.18885751915877,
      "mae_vol_p": 45.90721104778723
    },
    "val_geom_camber_cruise": {
      "vol_loss": 0.02932887736707926,
      "surf_loss": 0.010783939985558391,
      "loss": 0.13716827722266317,
      "mae_surf_Ux": 0.2397087741863782,
      "mae_vol_Ux": 1.1619911968309946,
      "mae_surf_Uy": 0.1383016876782291,
      "mae_vol_Uy": 0.3981974454047829,
      "mae_surf_p": 17.062432191647616,
      "mae_vol_p": 18.383674050919343
    },
    "val_re_rand": {
      "vol_loss": 0.11401686917990446,
      "surf_loss": 0.05726110827177763,
      "loss": 0.6866279518976809,
      "mae_surf_Ux": 0.4438540743038657,
      "mae_vol_Ux": 1.6676134074228486,
      "mae_surf_Uy": 0.24146661668682787,
      "mae_vol_Uy": 0.7093355698808598,
      "mae_surf_p": 33.48134349309804,
      "mae_vol_p": 33.817593728338416
    }
  },
  "val_avg": {
    "avg/mae_surf_Ux": 0.4005642880120486,
    "avg/mae_surf_Uy": 0.23053901282408512,
    "avg/mae_surf_p": 30.834340042729995,
    "avg/mae_vol_Ux": 1.7279785203959361,
    "avg/mae_vol_Uy": 0.6917687017927391,
    "avg/mae_vol_p": 32.83252840851553
  },
  "test_per_split": {
    "test_single_in_dist": {
      "vol_loss": 0.1090529264882207,
      "surf_loss": 0.08329762816953007,
      "loss": 0.9420292081835214,
      "mae_surf_Ux": 0.31674051514312757,
      "mae_vol_Ux": 1.5812755532777825,
      "mae_surf_Uy": 0.19926935625535153,
      "mae_vol_Uy": 0.5693220013812518,
      "mae_surf_p": 27.867276453048056,
      "mae_vol_p": 33.26419630623849
    },
    "test_geom_camber_rc": {
      "vol_loss": 0.11286930978298187,
      "surf_loss": 0.040793829737231134,
      "loss": 0.5208076071552932,
      "mae_surf_Ux": 0.5948370115231006,
      "mae_vol_Ux": 2.3034844447073426,
      "mae_surf_Uy": 0.3158020459790957,
      "mae_vol_Uy": 1.0117306184144712,
      "mae_surf_p": 39.00705706200859,
      "mae_vol_p": 42.52758745599402
    },
    "test_geom_camber_cruise": {
      "vol_loss": 0.02328857080079615,
      "surf_loss": 0.006278506243834272,
      "loss": 0.08607363323913887,
      "mae_surf_Ux": 0.21524977722161953,
      "mae_vol_Ux": 1.0723716232991687,
      "mae_surf_Uy": 0.11842776191328015,
      "mae_vol_Uy": 0.3546995710143199,
      "mae_surf_p": 13.295798956294075,
      "mae_vol_p": 15.087013814694426
    },
    "test_re_rand": {
      "vol_loss": 0.05257710030302405,
      "surf_loss": 0.02127234812360257,
      "loss": 0.26530058153904973,
      "mae_surf_Ux": 0.34351853948057054,
      "mae_vol_Ux": 1.4730431191980473,
      "mae_surf_Uy": 0.19447966554759186,
      "mae_vol_Uy": 0.5794513027980405,
      "mae_surf_p": 23.6830856541489,
      "mae_vol_p": 25.848134670692506
    }
  },
  "test_avg": {
    "avg/mae_surf_Ux": 0.36758646084210456,
    "avg/mae_surf_Uy": 0.2069947074238298,
    "avg/mae_surf_p": 25.963304531374906,
    "avg/mae_vol_Ux": 1.6075436851205853,
    "avg/mae_vol_Uy": 0.6288008734020208,
    "avg/mae_vol_p": 29.18173306190486
  }
}