{
  "checkpoint": "models/model-in4nbvyt/checkpoint.pt",
  "config": "models/model-in4nbvyt/config.yaml",
  "val_per_split": {
    "val_single_in_dist": {
      "vol_loss": 0.1082806715928018,
      "surf_loss": 0.0938307512155734,
      "loss": 1.0465881837485358,
      "mae_surf_Ux": 0.31872886961905733,
      "mae_vol_Ux": 1.7764152092773962,
      "mae_surf_Uy": 0.2101502030085129,
      "mae_vol_Uy": 0.6256788036022228,
      "mae_surf_p": 33.50140012535342,
      "mae_vol_p": 38.046852861529324
    },
    "val_geom_camber_rc": {
      "vol_loss": 0.135328731238842,
      "surf_loss": 0.04821436358615756,
      "loss": 0.6174723671004176,
      "mae_surf_Ux": 0.6522740642244715,
      "mae_vol_Ux": 2.5008987694532285,
      "mae_surf_Uy": 0.3491729006987699,
      "mae_vol_Uy": 1.124305164195774,
      "mae_surf_p": 44.01882381053662,
      "mae_vol_p": 48.06346824995014
    },
    "val_geom_camber_cruise": {
      "vol_loss": 0.031152563728392126,
      "surf_loss": 0.01094749835669063,
      "loss": 0.14062754729529842,
      "mae_surf_Ux": 0.24210011733617967,
      "mae_vol_Ux": 1.2052279112947841,
      "mae_surf_Uy": 0.13974681065537053,
      "mae_vol_Uy": 0.41527852643298885,
      "mae_surf_p": 17.98722276388075,
      "mae_vol_p": 19.902336672138798
    },
    "val_re_rand": {
      "vol_loss": 0.1197895834594965,
      "surf_loss": 0.06454409616533667,
      "loss": 0.7652305451128633,
      "mae_surf_Ux": 0.4778429486305095,
      "mae_vol_Ux": 1.7520695688551742,
      "mae_surf_Uy": 0.24788200744987637,
      "mae_vol_Uy": 0.7446251472973646,
      "mae_surf_p": 35.21016216550759,
      "mae_vol_p": 35.68087756426719
    }
  },
  "val_avg": {
    "avg/mae_surf_Ux": 0.4227364999525545,
    "avg/mae_surf_Uy": 0.23673798045313243,
    "avg/mae_surf_p": 32.679402216319595,
    "avg/mae_vol_Ux": 1.8086528647201456,
    "avg/mae_vol_Uy": 0.7274719103820876,
    "avg/mae_vol_p": 35.42338383697136
  },
  "test_per_split": {
    "test_single_in_dist": {
      "vol_loss": 0.10782528303563595,
      "surf_loss": 0.0890873193112202,
      "loss": 0.998698476147838,
      "mae_surf_Ux": 0.33759745424680665,
      "mae_vol_Ux": 1.6675656496784295,
      "mae_surf_Uy": 0.20776253028720862,
      "mae_vol_Uy": 0.6095580722617652,
      "mae_surf_p": 29.269741023690496,
      "mae_vol_p": 34.2143051924
    },
    "test_geom_camber_rc": {
      "vol_loss": 0.12474882423877716,
      "surf_loss": 0.045900754826143385,
      "loss": 0.5837563725002111,
      "mae_surf_Ux": 0.6299254008502629,
      "mae_vol_Ux": 2.4248672004491034,
      "mae_surf_Uy": 0.3280284005851764,
      "mae_vol_Uy": 1.05467265496966,
      "mae_surf_p": 41.42858494918266,
      "mae_vol_p": 45.35131165576116
    },
    "test_geom_camber_cruise": {
      "vol_loss": 0.02517497836612165,
      "surf_loss": 0.0069949958298821,
      "loss": 0.09512493666494265,
      "mae_surf_Ux": 0.21734689441337313,
      "mae_vol_Ux": 1.1163973617257041,
      "mae_surf_Uy": 0.12270473818182034,
      "mae_vol_Uy": 0.3748450248182737,
      "mae_surf_p": 14.479924182924966,
      "mae_vol_p": 16.288403438982467
    },
    "test_re_rand": {
      "vol_loss": 0.060444133784621955,
      "surf_loss": 0.024657060138415544,
      "loss": 0.30701473516877736,
      "mae_surf_Ux": 0.36016916229277096,
      "mae_vol_Ux": 1.548490048432224,
      "mae_surf_Uy": 0.20530422472769394,
      "mae_vol_Uy": 0.6207986844123837,
      "mae_surf_p": 25.386239108838293,
      "mae_vol_p": 27.953524823183706
    }
  },
  "test_avg": {
    "avg/mae_surf_Ux": 0.38625972795080343,
    "avg/mae_surf_Uy": 0.21594997344547484,
    "avg/mae_surf_p": 27.6411223161591,
    "avg/mae_vol_Ux": 1.6893300650713652,
    "avg/mae_vol_Uy": 0.6649686091155206,
    "avg/mae_vol_p": 30.95188627758183
  }
}