{
  "checkpoint": "models/model-9fw82ibb/checkpoint.pt",
  "config": "models/model-9fw82ibb/config.yaml",
  "val_per_split": {
    "val_single_in_dist": {
      "vol_loss": 0.08902456898242235,
      "surf_loss": 0.06775863671675325,
      "loss": 0.7666109361499549,
      "mae_surf_Ux": 0.2809278685897923,
      "mae_vol_Ux": 1.7286075604420141,
      "mae_surf_Uy": 0.2024340006097397,
      "mae_vol_Uy": 0.6089705671510826,
      "mae_surf_p": 27.583543949192872,
      "mae_vol_p": 34.403978289700625
    },
    "val_geom_camber_rc": {
      "vol_loss": 0.137927520647645,
      "surf_loss": 0.05046152288094163,
      "loss": 0.6425427494570612,
      "mae_surf_Ux": 0.6345899680540078,
      "mae_vol_Ux": 2.4465725417428965,
      "mae_surf_Uy": 0.3494612825281752,
      "mae_vol_Uy": 1.1099806223635384,
      "mae_surf_p": 44.36701551026678,
      "mae_vol_p": 49.57679326859374
    },
    "val_geom_camber_cruise": {
      "vol_loss": 0.030347131248563527,
      "surf_loss": 0.009710860542254523,
      "loss": 0.12745573667110874,
      "mae_surf_Ux": 0.2313052455936138,
      "mae_vol_Ux": 1.2067466414672943,
      "mae_surf_Uy": 0.1303631737124273,
      "mae_vol_Uy": 0.41313683517113364,
      "mae_surf_p": 16.191751038645336,
      "mae_vol_p": 18.89086704653108
    },
    "val_re_rand": {
      "vol_loss": 0.11936738803982734,
      "surf_loss": 0.06435544695705175,
      "loss": 0.7629218576103449,
      "mae_surf_Ux": 0.4467999211469011,
      "mae_vol_Ux": 1.7368462704754803,
      "mae_surf_Uy": 0.2437575960991747,
      "mae_vol_Uy": 0.735182173191018,
      "mae_surf_p": 33.246294767009495,
      "mae_vol_p": 34.86543281200211
    }
  },
  "val_avg": {
    "avg/mae_surf_Ux": 0.39840575084607877,
    "avg/mae_surf_Uy": 0.23150401323737924,
    "avg/mae_surf_p": 30.34715131627862,
    "avg/mae_vol_Ux": 1.7796932535319212,
    "avg/mae_vol_Uy": 0.7168175494691932,
    "avg/mae_vol_p": 34.43426785420689
  },
  "test_per_split": {
    "test_single_in_dist": {
      "vol_loss": 0.10286742871627212,
      "surf_loss": 0.08525933922443073,
      "loss": 0.9554608209605794,
      "mae_surf_Ux": 0.31759087648015616,
      "mae_vol_Ux": 1.6161116122321528,
      "mae_surf_Uy": 0.20155756512793463,
      "mae_vol_Uy": 0.6076447526465046,
      "mae_surf_p": 26.73505893328598,
      "mae_vol_p": 33.23062169400383
    },
    "test_geom_camber_rc": {
      "vol_loss": 0.12936315394937992,
      "surf_loss": 0.05331815526820719,
      "loss": 0.6625447066314518,
      "mae_surf_Ux": 0.6227573381337647,
      "mae_vol_Ux": 2.3778485283268354,
      "mae_surf_Uy": 0.32992585464644897,
      "mae_vol_Uy": 1.0590843484287822,
      "mae_surf_p": 42.726709096079034,
      "mae_vol_p": 46.58217694902729
    },
    "test_geom_camber_cruise": {
      "vol_loss": 0.025571086462587118,
      "surf_loss": 0.006360604575602338,
      "loss": 0.0891771322186105,
      "mae_surf_Ux": 0.20612656516741917,
      "mae_vol_Ux": 1.1290034901764399,
      "mae_surf_Uy": 0.11355768396681762,
      "mae_vol_Uy": 0.37267029866016926,
      "mae_surf_p": 13.116197491984884,
      "mae_vol_p": 15.955770326844325
    },
    "test_re_rand": {
      "vol_loss": 0.058769821934401986,
      "surf_loss": 0.022659278551582247,
      "loss": 0.28536260745022446,
      "mae_surf_Ux": 0.3447721278417124,
      "mae_vol_Ux": 1.541530585031662,
      "mae_surf_Uy": 0.19849530613907343,
      "mae_vol_Uy": 0.6176783202940458,
      "mae_surf_p": 24.08006625374955,
      "mae_vol_p": 27.387250173013836
    }
  },
  "test_avg": {
    "avg/mae_surf_Ux": 0.3728117269057631,
    "avg/mae_surf_Uy": 0.21088410247006867,
    "avg/mae_surf_p": 26.66450794377486,
    "avg/mae_vol_Ux": 1.6661235539417725,
    "avg/mae_vol_Uy": 0.6642694300073755,
    "avg/mae_vol_p": 30.78895478572232
  }
}