{
  "checkpoint": "models/model-tuxmt4b4/checkpoint.pt",
  "config": "models/model-tuxmt4b4/config.yaml",
  "val_per_split": {
    "val_single_in_dist": {
      "vol_loss": 0.0750950208492577,
      "surf_loss": 0.05092032535816543,
      "loss": 0.584298274430912,
      "mae_surf_Ux": 0.24923342811287083,
      "mae_vol_Ux": 1.5329744587042353,
      "mae_surf_Uy": 0.18864672698993235,
      "mae_vol_Uy": 0.5403242659205095,
      "mae_surf_p": 24.600373736470925,
      "mae_vol_p": 29.984238143529893
    },
    "val_geom_camber_rc": {
      "vol_loss": 0.11964509770274162,
      "surf_loss": 0.04266927077434957,
      "loss": 0.5463378054462373,
      "mae_surf_Ux": 0.5695670519556812,
      "mae_vol_Ux": 2.280477440936469,
      "mae_surf_Uy": 0.32990115850041735,
      "mae_vol_Uy": 1.0341961866520455,
      "mae_surf_p": 40.64166623138433,
      "mae_vol_p": 44.45386028216616
    },
    "val_geom_camber_cruise": {
      "vol_loss": 0.02417358972132206,
      "surf_loss": 0.008087032954208553,
      "loss": 0.10504391926340759,
      "mae_surf_Ux": 0.19590319407718598,
      "mae_vol_Ux": 1.0781016730691657,
      "mae_surf_Uy": 0.12131440641761275,
      "mae_vol_Uy": 0.36093488872094415,
      "mae_surf_p": 14.246058248406534,
      "mae_vol_p": 16.289391758974066
    },
    "val_re_rand": {
      "vol_loss": 0.10471930872648955,
      "surf_loss": 0.05781086836010218,
      "loss": 0.6828279923275113,
      "mae_surf_Ux": 0.3967439298550716,
      "mae_vol_Ux": 1.5899818243802848,
      "mae_surf_Uy": 0.228488287804821,
      "mae_vol_Uy": 0.6727090030651337,
      "mae_surf_p": 30.984590180222707,
      "mae_vol_p": 31.20770500278232
    }
  },
  "val_avg": {
    "avg/mae_surf_Ux": 0.3528619010002024,
    "avg/mae_surf_Uy": 0.21708764492819585,
    "avg/mae_surf_p": 27.618172099121125,
    "avg/mae_vol_Ux": 1.6203838492725386,
    "avg/mae_vol_Uy": 0.6520410860896582,
    "avg/mae_vol_p": 30.48379879686311
  },
  "test_per_split": {
    "test_single_in_dist": {
      "vol_loss": 0.09580461810342968,
      "surf_loss": 0.07706025003513788,
      "loss": 0.8664071184548084,
      "mae_surf_Ux": 0.2862928158563333,
      "mae_vol_Ux": 1.4673377468572322,
      "mae_surf_Uy": 0.18742878800409019,
      "mae_vol_Uy": 0.5475557020543359,
      "mae_surf_p": 25.28835228859478,
      "mae_vol_p": 29.995888337458
    },
    "test_geom_camber_rc": {
      "vol_loss": 0.11102833174169063,
      "surf_loss": 0.042188020632602276,
      "loss": 0.5329085380677134,
      "mae_surf_Ux": 0.5780674571231175,
      "mae_vol_Ux": 2.2486198873392413,
      "mae_surf_Uy": 0.31529674510616346,
      "mae_vol_Uy": 0.997517211912008,
      "mae_surf_p": 39.50573503664656,
      "mae_vol_p": 42.81706896196566
    },
    "test_geom_camber_cruise": {
      "vol_loss": 0.02031887964345515,
      "surf_loss": 0.005155144464224577,
      "loss": 0.07187032428570092,
      "mae_surf_Ux": 0.17528078514346832,
      "mae_vol_Ux": 0.9992176727559969,
      "mae_surf_Uy": 0.1045443687889841,
      "mae_vol_Uy": 0.3269101946463637,
      "mae_surf_p": 11.416726699979407,
      "mae_vol_p": 13.684056166585158
    },
    "test_re_rand": {
      "vol_loss": 0.0498327505402267,
      "surf_loss": 0.019411326043773443,
      "loss": 0.24394601097796112,
      "mae_surf_Ux": 0.3131556018282702,
      "mae_vol_Ux": 1.4104007886669505,
      "mae_surf_Uy": 0.18746447208477163,
      "mae_vol_Uy": 0.5615027661226776,
      "mae_surf_p": 21.97376336837106,
      "mae_vol_p": 24.3204968107008
    }
  },
  "test_avg": {
    "avg/mae_surf_Ux": 0.33819916498779734,
    "avg/mae_surf_Uy": 0.19868359349600234,
    "avg/mae_surf_p": 24.546144348397952,
    "avg/mae_vol_Ux": 1.5313940239048551,
    "avg/mae_vol_Uy": 0.6083714686838463,
    "avg/mae_vol_p": 27.704377569177403
  }
}