{
  "checkpoint": "models/model-wmxdyf0t/checkpoint.pt",
  "config": "models/model-wmxdyf0t/config.yaml",
  "val_per_split": {
    "val_single_in_dist": {
      "vol_loss": 0.0653990518115461,
      "surf_loss": 0.04314836789853871,
      "loss": 0.4968827307969332,
      "mae_surf_Ux": 0.2518800869964885,
      "mae_vol_Ux": 1.52971337351636,
      "mae_surf_Uy": 0.1908274640088736,
      "mae_vol_Uy": 0.54387669102719,
      "mae_surf_p": 23.790396092010557,
      "mae_vol_p": 29.27103510268415
    },
    "val_geom_camber_rc": {
      "vol_loss": 0.11998417235910892,
      "surf_loss": 0.04541371842846274,
      "loss": 0.5741213566437364,
      "mae_surf_Ux": 0.5974838939338333,
      "mae_vol_Ux": 2.281916444706472,
      "mae_surf_Uy": 0.3377921931314218,
      "mae_vol_Uy": 1.036607087800179,
      "mae_surf_p": 41.645288314766645,
      "mae_vol_p": 44.66351849414332
    },
    "val_geom_camber_cruise": {
      "vol_loss": 0.024648800287395717,
      "surf_loss": 0.008363668636884541,
      "loss": 0.10828548665624113,
      "mae_surf_Ux": 0.1976150827271849,
      "mae_vol_Ux": 1.0692898875364525,
      "mae_surf_Uy": 0.12066136093619835,
      "mae_vol_Uy": 0.36025494874058084,
      "mae_surf_p": 14.388025148717729,
      "mae_vol_p": 16.1158960579098
    },
    "val_re_rand": {
      "vol_loss": 0.10873933650553226,
      "surf_loss": 0.060383119792677464,
      "loss": 0.7125705344323069,
      "mae_surf_Ux": 0.41845334965081016,
      "mae_vol_Ux": 1.5963257247188674,
      "mae_surf_Uy": 0.22884274791641168,
      "mae_vol_Uy": 0.6709534380940172,
      "mae_surf_p": 31.12431307576126,
      "mae_vol_p": 31.947418050461923
    }
  },
  "val_avg": {
    "avg/mae_surf_Ux": 0.3663581033270792,
    "avg/mae_surf_Uy": 0.21953094149822636,
    "avg/mae_surf_p": 27.73700565781405,
    "avg/mae_vol_Ux": 1.619311357619538,
    "avg/mae_vol_Uy": 0.6529230414154917,
    "avg/mae_vol_p": 30.499466926299796
  },
  "test_per_split": {
    "test_single_in_dist": {
      "vol_loss": 0.09809121342375875,
      "surf_loss": 0.09011411621846492,
      "loss": 0.9992323756084079,
      "mae_surf_Ux": 0.2880512540258964,
      "mae_vol_Ux": 1.4507711973877344,
      "mae_surf_Uy": 0.19279134577359444,
      "mae_vol_Uy": 0.5468788616765928,
      "mae_surf_p": 26.244013432599356,
      "mae_vol_p": 29.83537009964913
    },
    "test_geom_camber_rc": {
      "vol_loss": 0.10847790762782097,
      "surf_loss": 0.041456812238320706,
      "loss": 0.523046030011028,
      "mae_surf_Ux": 0.5702961978385048,
      "mae_vol_Ux": 2.1946617690644112,
      "mae_surf_Uy": 0.3102163577121288,
      "mae_vol_Uy": 0.967589299217894,
      "mae_surf_p": 37.88955763934039,
      "mae_vol_p": 40.66094866799011
    },
    "test_geom_camber_cruise": {
      "vol_loss": 0.020013815085403622,
      "surf_loss": 0.005037612387095578,
      "loss": 0.07038993895635941,
      "mae_surf_Ux": 0.17744728862210063,
      "mae_vol_Ux": 0.9953912889087332,
      "mae_surf_Uy": 0.1028964474468723,
      "mae_vol_Uy": 0.31850298914007763,
      "mae_surf_p": 11.087393858713297,
      "mae_vol_p": 13.13165873877076
    },
    "test_re_rand": {
      "vol_loss": 0.05025258041918278,
      "surf_loss": 0.02069546752376482,
      "loss": 0.25720725565683095,
      "mae_surf_Ux": 0.3105240034586046,
      "mae_vol_Ux": 1.387396538459055,
      "mae_surf_Uy": 0.18479855274192103,
      "mae_vol_Uy": 0.5493121958389711,
      "mae_surf_p": 21.634131137446374,
      "mae_vol_p": 23.956802585970397
    }
  },
  "test_avg": {
    "avg/mae_surf_Ux": 0.33657968598627663,
    "avg/mae_surf_Uy": 0.19767567591862914,
    "avg/mae_surf_p": 24.213774017024853,
    "avg/mae_vol_Ux": 1.5070551984549834,
    "avg/mae_vol_Uy": 0.5955708364683839,
    "avg/mae_vol_p": 26.8961950230951
  }
}