{
  "checkpoint": "models/model-m2nqtwmf/checkpoint.pt",
  "config": "models/model-m2nqtwmf/config.yaml",
  "val_per_split": {
    "val_single_in_dist": {
      "vol_loss": 0.07716288117691875,
      "surf_loss": 0.05408468354376964,
      "loss": 0.6180097166146151,
      "mae_surf_Ux": 0.2520811197211906,
      "mae_vol_Ux": 1.5272365552319456,
      "mae_surf_Uy": 0.18654734942827303,
      "mae_vol_Uy": 0.5327603970628866,
      "mae_surf_p": 26.477141077256093,
      "mae_vol_p": 31.672595038780546
    },
    "val_geom_camber_rc": {
      "vol_loss": 0.1664524880796671,
      "surf_loss": 0.07178988851606846,
      "loss": 0.8843513732403517,
      "mae_surf_Ux": 0.6292896219428361,
      "mae_vol_Ux": 2.367487185072566,
      "mae_surf_Uy": 0.3495653043404672,
      "mae_vol_Uy": 1.0895376789307831,
      "mae_surf_p": 46.663989332023874,
      "mae_vol_p": 50.310671646360355
    },
    "val_geom_camber_cruise": {
      "vol_loss": 0.025807595755904914,
      "surf_loss": 0.0077595320681575685,
      "loss": 0.10340291643748059,
      "mae_surf_Ux": 0.20590687981557013,
      "mae_vol_Ux": 1.1118738877995917,
      "mae_surf_Uy": 0.11545514799749375,
      "mae_vol_Uy": 0.3608667509812277,
      "mae_surf_p": 13.709621384574541,
      "mae_vol_p": 16.292572370093644
    },
    "val_re_rand": {
      "vol_loss": 0.11082411020994186,
      "surf_loss": 0.06039319905918092,
      "loss": 0.7147561008017511,
      "mae_surf_Ux": 0.41249505463829333,
      "mae_vol_Ux": 1.607214822455788,
      "mae_surf_Uy": 0.22782699563099387,
      "mae_vol_Uy": 0.6746987813101514,
      "mae_surf_p": 30.805731850168463,
      "mae_vol_p": 31.32112011586798
    }
  },
  "val_avg": {
    "avg/mae_surf_Ux": 0.37494316902947256,
    "avg/mae_surf_Uy": 0.21984869934930695,
    "avg/mae_surf_p": 29.414120911005742,
    "avg/mae_vol_Ux": 1.6534531126399727,
    "avg/mae_vol_Uy": 0.6644659020712622,
    "avg/mae_vol_p": 32.39923979277563
  },
  "test_per_split": {
    "test_single_in_dist": {
      "vol_loss": 0.09635549302212894,
      "surf_loss": 0.08333359001378994,
      "loss": 0.9296913931600284,
      "mae_surf_Ux": 0.282161422128486,
      "mae_vol_Ux": 1.4242626194683468,
      "mae_surf_Uy": 0.18503732472183487,
      "mae_vol_Uy": 0.5235996945665865,
      "mae_surf_p": 24.8025816818324,
      "mae_vol_p": 29.652505788556603
    },
    "test_geom_camber_rc": {
      "vol_loss": 0.12063686408102513,
      "surf_loss": 0.04891264953650534,
      "loss": 0.6097633594460785,
      "mae_surf_Ux": 0.5839392757712998,
      "mae_vol_Ux": 2.2475523797735093,
      "mae_surf_Uy": 0.3180373251151444,
      "mae_vol_Uy": 0.9851907811111867,
      "mae_surf_p": 41.26264848324999,
      "mae_vol_p": 43.64803290640634
    },
    "test_geom_camber_cruise": {
      "vol_loss": 0.02130082652904093,
      "surf_loss": 0.005022319092531689,
      "loss": 0.07152401745435782,
      "mae_surf_Ux": 0.1832090385031398,
      "mae_vol_Ux": 1.0278340449783172,
      "mae_surf_Uy": 0.09965190493496835,
      "mae_vol_Uy": 0.32146236942579703,
      "mae_surf_p": 10.70696738859124,
      "mae_vol_p": 13.275264912665271
    },
    "test_re_rand": {
      "vol_loss": 0.050567028280347585,
      "surf_loss": 0.020423449644586072,
      "loss": 0.2548015247262083,
      "mae_surf_Ux": 0.31839281240992273,
      "mae_vol_Ux": 1.4145969613279525,
      "mae_surf_Uy": 0.18314200211702308,
      "mae_vol_Uy": 0.5499511427140947,
      "mae_surf_p": 21.78281347648131,
      "mae_vol_p": 24.21077289193885
    }
  },
  "test_avg": {
    "avg/mae_surf_Ux": 0.34192563720321206,
    "avg/mae_surf_Uy": 0.19646713922224268,
    "avg/mae_surf_p": 24.638752757538736,
    "avg/mae_vol_Ux": 1.5285615013870315,
    "avg/mae_vol_Uy": 0.5950509969544162,
    "avg/mae_vol_p": 27.696644124891765
  }
}