{
  "checkpoint": "models/model-1qvix7in/checkpoint.pt",
  "config": "models/model-1qvix7in/config.yaml",
  "val_per_split": {
    "val_single_in_dist": {
      "vol_loss": 0.1042570237070322,
      "surf_loss": 0.08968898558057845,
      "loss": 1.0011468795128167,
      "mae_surf_Ux": 0.28899687881858216,
      "mae_vol_Ux": 1.5998905764122555,
      "mae_surf_Uy": 0.19281484703292456,
      "mae_vol_Uy": 0.555217325200613,
      "mae_surf_p": 29.380605903557345,
      "mae_vol_p": 33.957185221870844
    },
    "val_geom_camber_rc": {
      "vol_loss": 0.13322298645973205,
      "surf_loss": 0.05196397303603589,
      "loss": 0.652862716820091,
      "mae_surf_Ux": 0.6139488789506663,
      "mae_vol_Ux": 2.39240542881915,
      "mae_surf_Uy": 0.3346485099834443,
      "mae_vol_Uy": 1.05816588367272,
      "mae_surf_p": 43.65572951559417,
      "mae_vol_p": 46.398455599238154
    },
    "val_geom_camber_cruise": {
      "vol_loss": 0.027270296514034273,
      "surf_loss": 0.009863396035507321,
      "loss": 0.1259042568691075,
      "mae_surf_Ux": 0.22598593836021438,
      "mae_vol_Ux": 1.1117760473659204,
      "mae_surf_Uy": 0.12975561452804016,
      "mae_vol_Uy": 0.37529633630046133,
      "mae_surf_p": 16.19257301519904,
      "mae_vol_p": 17.864635684179376
    },
    "val_re_rand": {
      "vol_loss": 0.10096027076244354,
      "surf_loss": 0.05249576151371002,
      "loss": 0.6259178858995438,
      "mae_surf_Ux": 0.4377962305186328,
      "mae_vol_Ux": 1.6348966293658793,
      "mae_surf_Uy": 0.23530693777610157,
      "mae_vol_Uy": 0.6747995034205999,
      "mae_surf_p": 32.907750331023664,
      "mae_vol_p": 32.696237154744615
    }
  },
  "val_avg": {
    "avg/mae_surf_Ux": 0.3916819816620239,
    "avg/mae_surf_Uy": 0.22313147733012764,
    "avg/mae_surf_p": 30.534164691343555,
    "avg/mae_vol_Ux": 1.6847421704908014,
    "avg/mae_vol_Uy": 0.6658697621485985,
    "avg/mae_vol_p": 32.72912841500825
  },
  "test_per_split": {
    "test_single_in_dist": {
      "vol_loss": 0.09563400708138943,
      "surf_loss": 0.07342154342273716,
      "loss": 0.829849441308761,
      "mae_surf_Ux": 0.3109138547457176,
      "mae_vol_Ux": 1.4875670044941713,
      "mae_surf_Uy": 0.1918930307349898,
      "mae_vol_Uy": 0.5443345333497884,
      "mae_surf_p": 25.673388639705795,
      "mae_vol_p": 29.772658085166043
    },
    "test_geom_camber_rc": {
      "vol_loss": 0.11369300171732903,
      "surf_loss": 0.04386425239033997,
      "loss": 0.5523355256207287,
      "mae_surf_Ux": 0.590342906352663,
      "mae_vol_Ux": 2.289293149006604,
      "mae_surf_Uy": 0.3177668265997536,
      "mae_vol_Uy": 0.9940072215171191,
      "mae_surf_p": 40.20276698226613,
      "mae_vol_p": 42.96301710566991
    },
    "test_geom_camber_cruise": {
      "vol_loss": 0.021764940163120628,
      "surf_loss": 0.005923053169972263,
      "loss": 0.08099547186284325,
      "mae_surf_Ux": 0.20376821046397953,
      "mae_vol_Ux": 1.0166848659642567,
      "mae_surf_Uy": 0.1104076528592776,
      "mae_vol_Uy": 0.33575350624326805,
      "mae_surf_p": 12.476167362718277,
      "mae_vol_p": 14.649783414554408
    },
    "test_re_rand": {
      "vol_loss": 0.05040916046127677,
      "surf_loss": 0.020162737737409772,
      "loss": 0.2520365378353745,
      "mae_surf_Ux": 0.33102405596181994,
      "mae_vol_Ux": 1.4311428825282206,
      "mae_surf_Uy": 0.19233796977534745,
      "mae_vol_Uy": 0.5636513059830414,
      "mae_surf_p": 22.917651902913665,
      "mae_vol_p": 24.71706241573322
    }
  },
  "test_avg": {
    "avg/mae_surf_Ux": 0.359012256881045,
    "avg/mae_surf_Uy": 0.2031013699923421,
    "avg/mae_surf_p": 25.317493721900966,
    "avg/mae_vol_Ux": 1.5561719754983132,
    "avg/mae_vol_Uy": 0.6094366417733043,
    "avg/mae_vol_p": 28.025630255280895
  }
}