{
  "checkpoint": "models/model-50ivpjjm/checkpoint.pt",
  "config": "models/model-50ivpjjm/config.yaml",
  "val_per_split": {
    "val_single_in_dist": {
      "vol_loss": 0.08535215675830841,
      "surf_loss": 0.0711728664697148,
      "loss": 0.7970808214554563,
      "mae_surf_Ux": 0.24265189099870313,
      "mae_vol_Ux": 1.5072861114809213,
      "mae_surf_Uy": 0.1880821433517813,
      "mae_vol_Uy": 0.5219220103499517,
      "mae_surf_p": 26.278875334433476,
      "mae_vol_p": 29.73250987922579
    },
    "val_geom_camber_rc": {
      "vol_loss": 0.11450952790677547,
      "surf_loss": 0.04415850903838873,
      "loss": 0.5560946182906628,
      "mae_surf_Ux": 0.592534134923834,
      "mae_vol_Ux": 2.26438653796746,
      "mae_surf_Uy": 0.3255394811502877,
      "mae_vol_Uy": 1.0170564451878357,
      "mae_surf_p": 40.86339747844859,
      "mae_vol_p": 43.607118053387474
    },
    "val_geom_camber_cruise": {
      "vol_loss": 0.022610696125775577,
      "surf_loss": 0.008345323597313836,
      "loss": 0.10606393209891393,
      "mae_surf_Ux": 0.1987890548206952,
      "mae_vol_Ux": 1.0169545386752237,
      "mae_surf_Uy": 0.11657039559939449,
      "mae_vol_Uy": 0.33947054165517226,
      "mae_surf_p": 14.541255674942999,
      "mae_vol_p": 15.834508797999607
    },
    "val_re_rand": {
      "vol_loss": 0.10693816404789686,
      "surf_loss": 0.05756418984383345,
      "loss": 0.6825800624862313,
      "mae_surf_Ux": 0.4200569043874241,
      "mae_vol_Ux": 1.5585488894401185,
      "mae_surf_Uy": 0.22824636858091232,
      "mae_vol_Uy": 0.6622707906839506,
      "mae_surf_p": 31.583057108977922,
      "mae_vol_p": 31.834839809349592
    }
  },
  "val_avg": {
    "avg/mae_surf_Ux": 0.3635079962826641,
    "avg/mae_surf_Uy": 0.21460959717059394,
    "avg/mae_surf_p": 28.316646399200746,
    "avg/mae_vol_Ux": 1.586794019390931,
    "avg/mae_vol_Uy": 0.6351799469692275,
    "avg/mae_vol_p": 30.252244134990615
  },
  "test_per_split": {
    "test_single_in_dist": {
      "vol_loss": 0.09400174902752041,
      "surf_loss": 0.08541717416374013,
      "loss": 0.9481734906649217,
      "mae_surf_Ux": 0.27926837929927883,
      "mae_vol_Ux": 1.403558985027587,
      "mae_surf_Uy": 0.1810673614180146,
      "mae_vol_Uy": 0.5094301743356765,
      "mae_surf_p": 24.822720149867358,
      "mae_vol_p": 28.374709704695878
    },
    "test_geom_camber_rc": {
      "vol_loss": 0.11743682205677032,
      "surf_loss": 0.044178656907752155,
      "loss": 0.5592233911342919,
      "mae_surf_Ux": 0.5772000156915549,
      "mae_vol_Ux": 2.2143899572486196,
      "mae_surf_Uy": 0.30867991330853706,
      "mae_vol_Uy": 0.9675620551888126,
      "mae_surf_p": 38.472634303067395,
      "mae_vol_p": 42.23901971582274
    },
    "test_geom_camber_cruise": {
      "vol_loss": 0.01877013273537159,
      "surf_loss": 0.005187678766378667,
      "loss": 0.07064692039915826,
      "mae_surf_Ux": 0.1787336940998775,
      "mae_vol_Ux": 0.9519476086665309,
      "mae_surf_Uy": 0.10032621390024772,
      "mae_vol_Uy": 0.3072511406712296,
      "mae_surf_p": 11.227706035905104,
      "mae_vol_p": 13.001669816383043
    },
    "test_re_rand": {
      "vol_loss": 0.04659209189005196,
      "surf_loss": 0.017946785035310314,
      "loss": 0.2260599422431551,
      "mae_surf_Ux": 0.3024918532147887,
      "mae_vol_Ux": 1.3448149133063596,
      "mae_surf_Uy": 0.17806838276588827,
      "mae_vol_Uy": 0.5297113429157205,
      "mae_surf_p": 21.180409205719332,
      "mae_vol_p": 23.317078482739163
    }
  },
  "test_avg": {
    "avg/mae_surf_Ux": 0.33442348557637497,
    "avg/mae_surf_Uy": 0.1920354678481719,
    "avg/mae_surf_p": 23.925867423639797,
    "avg/mae_vol_Ux": 1.4786778660622744,
    "avg/mae_vol_Uy": 0.5784886782778598,
    "avg/mae_vol_p": 26.733119429910207
  }
}