{
  "checkpoint": "models/model-crcnmckw/checkpoint.pt",
  "config": "models/model-crcnmckw/config.yaml",
  "val_per_split": {
    "val_single_in_dist": {
      "vol_loss": 0.09160172458738089,
      "surf_loss": 0.07145664386916906,
      "loss": 0.8061681632790715,
      "mae_surf_Ux": 0.3145933776909061,
      "mae_vol_Ux": 1.6745367406553078,
      "mae_surf_Uy": 0.20233141666672014,
      "mae_vol_Uy": 0.5781239718991368,
      "mae_surf_p": 30.141959118303948,
      "mae_vol_p": 35.197066413039494
    },
    "val_geom_camber_rc": {
      "vol_loss": 0.12364128939807414,
      "surf_loss": 0.04499359074048698,
      "loss": 0.573577196802944,
      "mae_surf_Ux": 0.6234434705232883,
      "mae_vol_Ux": 2.371007121869268,
      "mae_surf_Uy": 0.3435049471780846,
      "mae_vol_Uy": 1.0653383732052735,
      "mae_surf_p": 42.622306676003184,
      "mae_vol_p": 45.89323980446886
    },
    "val_geom_camber_cruise": {
      "vol_loss": 0.02765943180769682,
      "surf_loss": 0.010329882397782058,
      "loss": 0.1309582557855174,
      "mae_surf_Ux": 0.24937677946975856,
      "mae_vol_Ux": 1.1211471818768188,
      "mae_surf_Uy": 0.1351048379837068,
      "mae_vol_Uy": 0.3865928758728652,
      "mae_surf_p": 17.20065135938099,
      "mae_vol_p": 18.671357999675298
    },
    "val_re_rand": {
      "vol_loss": 0.09802352007478475,
      "surf_loss": 0.05024275442119688,
      "loss": 0.6004510642867535,
      "mae_surf_Ux": 0.44098079184391803,
      "mae_vol_Ux": 1.6326863355590084,
      "mae_surf_Uy": 0.23225030842660932,
      "mae_vol_Uy": 0.6877757054060475,
      "mae_surf_p": 32.20648173553378,
      "mae_vol_p": 32.2503148051477
    }
  },
  "val_avg": {
    "avg/mae_surf_Ux": 0.40709860488196775,
    "avg/mae_surf_Uy": 0.22829787756378023,
    "avg/mae_surf_p": 30.542849722305476,
    "avg/mae_vol_Ux": 1.6998443449901008,
    "avg/mae_vol_Uy": 0.6794577315958308,
    "avg/mae_vol_p": 33.00299475558284
  },
  "test_per_split": {
    "test_single_in_dist": {
      "vol_loss": 0.10148159874603152,
      "surf_loss": 0.08428143811412156,
      "loss": 0.9442959798872472,
      "mae_surf_Ux": 0.34448296685278423,
      "mae_vol_Ux": 1.5649173555803828,
      "mae_surf_Uy": 0.20047138312226978,
      "mae_vol_Uy": 0.5657831503439228,
      "mae_surf_p": 28.071840561779165,
      "mae_vol_p": 32.850478722718975
    },
    "test_geom_camber_rc": {
      "vol_loss": 0.11189451165497304,
      "surf_loss": 0.04247002059593797,
      "loss": 0.5365947176143527,
      "mae_surf_Ux": 0.6070692154524009,
      "mae_vol_Ux": 2.3178847459013845,
      "mae_surf_Uy": 0.3224288973888973,
      "mae_vol_Uy": 1.0109358311522991,
      "mae_surf_p": 40.78239641537486,
      "mae_vol_p": 44.31249192002632
    },
    "test_geom_camber_cruise": {
      "vol_loss": 0.022247500666417182,
      "surf_loss": 0.006335787763819098,
      "loss": 0.08560537830460815,
      "mae_surf_Ux": 0.23022299318652809,
      "mae_vol_Ux": 1.0431283851583149,
      "mae_surf_Uy": 0.11604516730148258,
      "mae_vol_Uy": 0.34778190855184876,
      "mae_surf_p": 13.143073737212278,
      "mae_vol_p": 15.07896682965506
    },
    "test_re_rand": {
      "vol_loss": 0.05232142050750554,
      "surf_loss": 0.022211692411219702,
      "loss": 0.27443834461970257,
      "mae_surf_Ux": 0.363828178741385,
      "mae_vol_Ux": 1.4649932437326738,
      "mae_surf_Uy": 0.19980585965532258,
      "mae_vol_Uy": 0.5797407147663719,
      "mae_surf_p": 24.624536754844865,
      "mae_vol_p": 26.356652193033636
    }
  },
  "test_avg": {
    "avg/mae_surf_Ux": 0.38640083855827456,
    "avg/mae_surf_Uy": 0.20968782686699305,
    "avg/mae_surf_p": 26.655461867302794,
    "avg/mae_vol_Ux": 1.597730932593189,
    "avg/mae_vol_Uy": 0.6260604012036106,
    "avg/mae_vol_p": 29.649647416358498
  }
}