{
  "checkpoint": "models/model-1wm5cb0z/checkpoint.pt",
  "config": "models/model-1wm5cb0z/config.yaml",
  "val_per_split": {
    "val_single_in_dist": {
      "vol_loss": 0.07335480442270637,
      "surf_loss": 0.061147497072815894,
      "loss": 0.6848297751508653,
      "mae_surf_Ux": 0.26370959292262564,
      "mae_vol_Ux": 1.4739991224599638,
      "mae_surf_Uy": 0.19748436294137084,
      "mae_vol_Uy": 0.5020643391321655,
      "mae_surf_p": 27.789694846694665,
      "mae_vol_p": 30.31258917925762
    },
    "val_geom_camber_rc": {
      "vol_loss": 0.11264046989381313,
      "surf_loss": 0.04136571905575693,
      "loss": 0.5262976604513824,
      "mae_surf_Ux": 0.5882915429606558,
      "mae_vol_Ux": 2.217090056097628,
      "mae_surf_Uy": 0.32824270008229406,
      "mae_vol_Uy": 1.0019555489307277,
      "mae_surf_p": 40.16066052670543,
      "mae_vol_p": 41.93958099224346
    },
    "val_geom_camber_cruise": {
      "vol_loss": 0.023546471931040286,
      "surf_loss": 0.008799552927957848,
      "loss": 0.11154200121061877,
      "mae_surf_Ux": 0.21073634164933688,
      "mae_vol_Ux": 1.0472271416461911,
      "mae_surf_Uy": 0.1199274348798731,
      "mae_vol_Uy": 0.34195511394121064,
      "mae_surf_p": 15.314379568434182,
      "mae_vol_p": 16.54927787055336
    },
    "val_re_rand": {
      "vol_loss": 0.11925048522651195,
      "surf_loss": 0.06683631337247789,
      "loss": 0.7876136189512908,
      "mae_surf_Ux": 0.41048733105047186,
      "mae_vol_Ux": 1.5103974668759355,
      "mae_surf_Uy": 0.22917121463341283,
      "mae_vol_Uy": 0.6520924267639326,
      "mae_surf_p": 32.487507661875306,
      "mae_vol_p": 32.01318698115737
    }
  },
  "val_avg": {
    "avg/mae_surf_Ux": 0.36830620214577253,
    "avg/mae_surf_Uy": 0.2187064281342377,
    "avg/mae_surf_p": 28.938060650927394,
    "avg/mae_vol_Ux": 1.5621784467699296,
    "avg/mae_vol_Uy": 0.6245168571920091,
    "avg/mae_vol_p": 30.20365875580295
  },
  "test_per_split": {
    "test_single_in_dist": {
      "vol_loss": 0.08820254890248179,
      "surf_loss": 0.07819721716223285,
      "loss": 0.8701747205248103,
      "mae_surf_Ux": 0.2926432950699147,
      "mae_vol_Ux": 1.3664499589870516,
      "mae_surf_Uy": 0.18538243291738865,
      "mae_vol_Uy": 0.48953283142518483,
      "mae_surf_p": 26.057532016855458,
      "mae_vol_p": 28.57221974709847
    },
    "test_geom_camber_rc": {
      "vol_loss": 0.10939114309847355,
      "surf_loss": 0.04392537876497954,
      "loss": 0.5486449307482689,
      "mae_surf_Ux": 0.5662011773551496,
      "mae_vol_Ux": 2.145730300226887,
      "mae_surf_Uy": 0.3032497811038268,
      "mae_vol_Uy": 0.9352974543972234,
      "mae_surf_p": 38.665678977160546,
      "mae_vol_p": 40.77665976535628
    },
    "test_geom_camber_cruise": {
      "vol_loss": 0.01887485587503761,
      "surf_loss": 0.005410744912805967,
      "loss": 0.07298230500309728,
      "mae_surf_Ux": 0.18848853399754611,
      "mae_vol_Ux": 0.9637985274233742,
      "mae_surf_Uy": 0.10193345110754365,
      "mae_vol_Uy": 0.3038487356589114,
      "mae_surf_p": 11.924300982325649,
      "mae_vol_p": 13.329795978670408
    },
    "test_re_rand": {
      "vol_loss": 0.04536109447479248,
      "surf_loss": 0.019630509773269297,
      "loss": 0.24166619220748545,
      "mae_surf_Ux": 0.3059375206673715,
      "mae_vol_Ux": 1.3303769028884402,
      "mae_surf_Uy": 0.18134470640743341,
      "mae_vol_Uy": 0.5189526123763507,
      "mae_surf_p": 22.40992119546469,
      "mae_vol_p": 23.279364181549013
    }
  },
  "test_avg": {
    "avg/mae_surf_Ux": 0.3383176317724955,
    "avg/mae_surf_Uy": 0.19297759288404812,
    "avg/mae_surf_p": 24.764358292951584,
    "avg/mae_vol_Ux": 1.4515889223814382,
    "avg/mae_vol_Uy": 0.5619079084644176,
    "avg/mae_vol_p": 26.489509918168544
  }
}