{
  "checkpoint": "models/model-cybgc9mq/checkpoint.pt",
  "config": "models/model-cybgc9mq/config.yaml",
  "val_per_split": {
    "val_single_in_dist": {
      "vol_loss": 0.087827929854393,
      "surf_loss": 0.06782081234268844,
      "loss": 0.7660360532812774,
      "mae_surf_Ux": 0.30733814179737806,
      "mae_vol_Ux": 1.6632996806477385,
      "mae_surf_Uy": 0.20463529198331462,
      "mae_vol_Uy": 0.5797150661640488,
      "mae_surf_p": 29.63036600234965,
      "mae_vol_p": 34.473620254742976
    },
    "val_geom_camber_rc": {
      "vol_loss": 0.13745569720864295,
      "surf_loss": 0.0522831366956234,
      "loss": 0.6602870641648769,
      "mae_surf_Ux": 0.6265581219564214,
      "mae_vol_Ux": 2.4628150950806997,
      "mae_surf_Uy": 0.345543870344395,
      "mae_vol_Uy": 1.111566054789569,
      "mae_surf_p": 43.51890383790802,
      "mae_vol_p": 47.96066031167162
    },
    "val_geom_camber_cruise": {
      "vol_loss": 0.028383894264698027,
      "surf_loss": 0.009186257147230209,
      "loss": 0.12024646573700012,
      "mae_surf_Ux": 0.2282659218631267,
      "mae_vol_Ux": 1.1398262087299884,
      "mae_surf_Uy": 0.13186092095054716,
      "mae_vol_Uy": 0.3951935160743215,
      "mae_surf_p": 15.96600202376619,
      "mae_vol_p": 18.129598306845264
    },
    "val_re_rand": {
      "vol_loss": 0.10497400522232056,
      "surf_loss": 0.05321476422250271,
      "loss": 0.6371216474473477,
      "mae_surf_Ux": 0.4246692848815737,
      "mae_vol_Ux": 1.6555817440236578,
      "mae_surf_Uy": 0.2321857919239572,
      "mae_vol_Uy": 0.7084345719818878,
      "mae_surf_p": 31.962253448955998,
      "mae_vol_p": 33.0616336785957
    }
  },
  "val_avg": {
    "avg/mae_surf_Ux": 0.39670786762462495,
    "avg/mae_surf_Uy": 0.2285564688005535,
    "avg/mae_surf_p": 30.269381328244965,
    "avg/mae_vol_Ux": 1.7303806821205212,
    "avg/mae_vol_Uy": 0.6987273022524567,
    "avg/mae_vol_p": 33.40637813796389
  },
  "test_per_split": {
    "test_single_in_dist": {
      "vol_loss": 0.10062446681782604,
      "surf_loss": 0.07889604163938202,
      "loss": 0.8895848832116462,
      "mae_surf_Ux": 0.3265799936424137,
      "mae_vol_Ux": 1.554499345008769,
      "mae_surf_Uy": 0.19466070780111516,
      "mae_vol_Uy": 0.572459037191286,
      "mae_surf_p": 26.354453673512868,
      "mae_vol_p": 31.20434109036449
    },
    "test_geom_camber_rc": {
      "vol_loss": 0.12248552426695823,
      "surf_loss": 0.046084609450772404,
      "loss": 0.5833316187746823,
      "mae_surf_Ux": 0.592649872294345,
      "mae_vol_Ux": 2.381263597220596,
      "mae_surf_Uy": 0.32111675716566185,
      "mae_vol_Uy": 1.0378073860185666,
      "mae_surf_p": 40.42061660157902,
      "mae_vol_p": 44.83163221773346
    },
    "test_geom_camber_cruise": {
      "vol_loss": 0.02355668735690415,
      "surf_loss": 0.006146909301751293,
      "loss": 0.08502578037441708,
      "mae_surf_Ux": 0.20752482293389854,
      "mae_vol_Ux": 1.0652921576915486,
      "mae_surf_Uy": 0.11311631394745186,
      "mae_vol_Uy": 0.3567516233404347,
      "mae_surf_p": 12.700964812987943,
      "mae_vol_p": 15.161938695241812
    },
    "test_re_rand": {
      "vol_loss": 0.054558543618768454,
      "surf_loss": 0.02151038361946121,
      "loss": 0.26966237981338054,
      "mae_surf_Ux": 0.33659001305446756,
      "mae_vol_Ux": 1.4905207542202483,
      "mae_surf_Uy": 0.19576203524215954,
      "mae_vol_Uy": 0.5957371638089669,
      "mae_surf_p": 23.409989740598025,
      "mae_vol_p": 26.50148948833666
    }
  },
  "test_avg": {
    "avg/mae_surf_Ux": 0.36583617548128117,
    "avg/mae_surf_Uy": 0.2061639535390971,
    "avg/mae_surf_p": 25.721506207169465,
    "avg/mae_vol_Ux": 1.6228939635352906,
    "avg/mae_vol_Uy": 0.6406888025898135,
    "avg/mae_vol_p": 29.424850372919103
  }
}