{
  "checkpoint": "models/model-pu9vc422/checkpoint.pt",
  "config": "models/model-pu9vc422/config.yaml",
  "val_per_split": {
    "val_single_in_dist": {
      "vol_loss": 0.08883053273893893,
      "surf_loss": 0.09268407373223454,
      "loss": 1.0156712700612842,
      "mae_surf_Ux": 0.2537089837674044,
      "mae_vol_Ux": 1.4223348161627032,
      "mae_surf_Uy": 0.1863435092548025,
      "mae_vol_Uy": 0.5038480261188327,
      "mae_surf_p": 28.30657172983188,
      "mae_vol_p": 31.37412987035189
    },
    "val_geom_camber_rc": {
      "vol_loss": 0.11516065672039985,
      "surf_loss": 0.04459430711343884,
      "loss": 0.5611037278547882,
      "mae_surf_Ux": 0.5977514868761732,
      "mae_vol_Ux": 2.2192417966394755,
      "mae_surf_Uy": 0.32216220215408437,
      "mae_vol_Uy": 0.9801732187822575,
      "mae_surf_p": 41.664246247386,
      "mae_vol_p": 43.68175932601892
    },
    "val_geom_camber_cruise": {
      "vol_loss": 0.02295363708399236,
      "surf_loss": 0.008828024057438598,
      "loss": 0.11123387765837833,
      "mae_surf_Ux": 0.20474397782420262,
      "mae_vol_Ux": 1.0314218333643173,
      "mae_surf_Uy": 0.12143117326132366,
      "mae_vol_Uy": 0.3385173569198423,
      "mae_surf_p": 14.934271660606464,
      "mae_vol_p": 15.753550280358144
    },
    "val_re_rand": {
      "vol_loss": 0.11308092270046473,
      "surf_loss": 0.06503033226821571,
      "loss": 0.7633842453826218,
      "mae_surf_Ux": 0.4153659014387965,
      "mae_vol_Ux": 1.4990185266862877,
      "mae_surf_Uy": 0.2237728483625893,
      "mae_vol_Uy": 0.6347983831389846,
      "mae_surf_p": 31.158414741571523,
      "mae_vol_p": 30.961079888073225
    }
  },
  "val_avg": {
    "avg/mae_surf_Ux": 0.36789258747664416,
    "avg/mae_surf_Uy": 0.21342743325819996,
    "avg/mae_surf_p": 29.015876094848966,
    "avg/mae_vol_Ux": 1.5430042432131958,
    "avg/mae_vol_Uy": 0.6143342462399792,
    "avg/mae_vol_p": 30.442629841200546
  },
  "test_per_split": {
    "test_single_in_dist": {
      "vol_loss": 0.09212320892140269,
      "surf_loss": 0.08400160359102302,
      "loss": 0.9321392448316329,
      "mae_surf_Ux": 0.28123106093930034,
      "mae_vol_Ux": 1.3542036341591275,
      "mae_surf_Uy": 0.18165813783963772,
      "mae_vol_Uy": 0.495066944665255,
      "mae_surf_p": 25.859657469234794,
      "mae_vol_p": 28.169622728829165
    },
    "test_geom_camber_rc": {
      "vol_loss": 0.10606760624796152,
      "surf_loss": 0.04480569397099316,
      "loss": 0.5541245459578932,
      "mae_surf_Ux": 0.5593424673841679,
      "mae_vol_Ux": 2.119305422306083,
      "mae_surf_Uy": 0.3053526515419008,
      "mae_vol_Uy": 0.9184758400658732,
      "mae_surf_p": 38.791837593358366,
      "mae_vol_p": 40.36117418043699
    },
    "test_geom_camber_cruise": {
      "vol_loss": 0.018725735191255807,
      "surf_loss": 0.005188165483414196,
      "loss": 0.07060739002539776,
      "mae_surf_Ux": 0.18355392883653524,
      "mae_vol_Ux": 0.9486621089232188,
      "mae_surf_Uy": 0.10210991366118177,
      "mae_vol_Uy": 0.30569345466182923,
      "mae_surf_p": 11.356259867826664,
      "mae_vol_p": 12.60093260499336
    },
    "test_re_rand": {
      "vol_loss": 0.04860817325301468,
      "surf_loss": 0.021649142246460543,
      "loss": 0.2650995957176201,
      "mae_surf_Ux": 0.3108722723756587,
      "mae_vol_Ux": 1.310552839430925,
      "mae_surf_Uy": 0.1827828814750191,
      "mae_vol_Uy": 0.5201207013010566,
      "mae_surf_p": 22.25785379636168,
      "mae_vol_p": 23.58562644725343
    }
  },
  "test_avg": {
    "avg/mae_surf_Ux": 0.33374993238391554,
    "avg/mae_surf_Uy": 0.19297589612943483,
    "avg/mae_surf_p": 24.566402181695377,
    "avg/mae_vol_Ux": 1.4331810012048387,
    "avg/mae_vol_Uy": 0.5598392351735035,
    "avg/mae_vol_p": 26.179338990378234
  }
}