{
  "checkpoint": "models/model-mu4fx1zl/checkpoint.pt",
  "config": "models/model-mu4fx1zl/config.yaml",
  "val_per_split": {
    "val_single_in_dist": {
      "vol_loss": 0.0828913440555334,
      "surf_loss": 0.07948888620128855,
      "loss": 0.877780206068419,
      "mae_surf_Ux": 0.2538586585633183,
      "mae_vol_Ux": 1.4943168658170698,
      "mae_surf_Uy": 0.187610859746877,
      "mae_vol_Uy": 0.5084039522852717,
      "mae_surf_p": 28.660365732333393,
      "mae_vol_p": 30.50398824958831
    },
    "val_geom_camber_rc": {
      "vol_loss": 0.12916395232081412,
      "surf_loss": 0.05054323018528521,
      "loss": 0.6345962541736663,
      "mae_surf_Ux": 0.5891027552466964,
      "mae_vol_Ux": 2.2780381959570524,
      "mae_surf_Uy": 0.3311489696915425,
      "mae_vol_Uy": 1.012845534640128,
      "mae_surf_p": 42.17233053941552,
      "mae_vol_p": 44.8956993215203
    },
    "val_geom_camber_cruise": {
      "vol_loss": 0.023600636515766382,
      "surf_loss": 0.008400181846227497,
      "loss": 0.10760245497804136,
      "mae_surf_Ux": 0.20053539742133225,
      "mae_vol_Ux": 1.0291325400752354,
      "mae_surf_Uy": 0.12024174396503678,
      "mae_vol_Uy": 0.3457033812323917,
      "mae_surf_p": 15.251321783164773,
      "mae_vol_p": 16.184073050563487
    },
    "val_re_rand": {
      "vol_loss": 0.09761425819247961,
      "surf_loss": 0.05797098605427891,
      "loss": 0.6773241187352687,
      "mae_surf_Ux": 0.40557562977962475,
      "mae_vol_Ux": 1.5192797437834797,
      "mae_surf_Uy": 0.2227821104469999,
      "mae_vol_Uy": 0.6336774354076138,
      "mae_surf_p": 30.648646515928785,
      "mae_vol_p": 30.36566467419062
    }
  },
  "val_avg": {
    "avg/mae_surf_Ux": 0.3622681102527429,
    "avg/mae_surf_Uy": 0.21544592096261406,
    "avg/mae_surf_p": 29.18316614271062,
    "avg/mae_vol_Ux": 1.5801918364082093,
    "avg/mae_vol_Uy": 0.6251575758913512,
    "avg/mae_vol_p": 30.487356323965678
  },
  "test_per_split": {
    "test_single_in_dist": {
      "vol_loss": 0.0943099179212004,
      "surf_loss": 0.08294161422149045,
      "loss": 0.9237260601361048,
      "mae_surf_Ux": 0.28342406463373804,
      "mae_vol_Ux": 1.3829577044898558,
      "mae_surf_Uy": 0.18579721901253632,
      "mae_vol_Uy": 0.503290505022683,
      "mae_surf_p": 25.594341300714444,
      "mae_vol_p": 28.969883499801178
    },
    "test_geom_camber_rc": {
      "vol_loss": 0.10819941859692335,
      "surf_loss": 0.04293896900489926,
      "loss": 0.537589108645916,
      "mae_surf_Ux": 0.5646467343739136,
      "mae_vol_Ux": 2.1722473130512197,
      "mae_surf_Uy": 0.30926353067010737,
      "mae_vol_Uy": 0.9391087136236739,
      "mae_surf_p": 38.93291117833106,
      "mae_vol_p": 41.490494600525594
    },
    "test_geom_camber_cruise": {
      "vol_loss": 0.019509695419110358,
      "surf_loss": 0.005466234911000356,
      "loss": 0.07417204452911391,
      "mae_surf_Ux": 0.1804015188667036,
      "mae_vol_Ux": 0.9520786438641441,
      "mae_surf_Uy": 0.10414120732867418,
      "mae_vol_Uy": 0.3089417767113894,
      "mae_surf_p": 12.007056421570436,
      "mae_vol_p": 13.269874318054901
    },
    "test_re_rand": {
      "vol_loss": 0.04691331843845546,
      "surf_loss": 0.020283966303104535,
      "loss": 0.2497529814695008,
      "mae_surf_Ux": 0.3090275781423697,
      "mae_vol_Ux": 1.3311500609914144,
      "mae_surf_Uy": 0.18156202968618007,
      "mae_vol_Uy": 0.5218028232373353,
      "mae_surf_p": 22.01087160944661,
      "mae_vol_p": 23.678296989964092
    }
  },
  "test_avg": {
    "avg/mae_surf_Ux": 0.3343749740041812,
    "avg/mae_surf_Uy": 0.19519099667437448,
    "avg/mae_surf_p": 24.636295127515638,
    "avg/mae_vol_Ux": 1.4596084305991586,
    "avg/mae_vol_Uy": 0.5682859546487704,
    "avg/mae_vol_p": 26.85213735208644
  }
}