{
  "checkpoint": "models/model-4dee0r5y/checkpoint.pt",
  "config": "models/model-4dee0r5y/config.yaml",
  "val_per_split": {
    "val_single_in_dist": {
      "vol_loss": 0.09803933747112752,
      "surf_loss": 0.06653457854758017,
      "loss": 0.7633851229469292,
      "mae_surf_Ux": 0.2617322745576449,
      "mae_vol_Ux": 1.575592094930876,
      "mae_surf_Uy": 0.19124172991671895,
      "mae_vol_Uy": 0.5586759399923191,
      "mae_surf_p": 28.07559955580148,
      "mae_vol_p": 34.52114533171829
    },
    "val_geom_camber_rc": {
      "vol_loss": 0.12332322143018246,
      "surf_loss": 0.04439166610129178,
      "loss": 0.5672398824431002,
      "mae_surf_Ux": 0.578370263223112,
      "mae_vol_Ux": 2.3136054777534634,
      "mae_surf_Uy": 0.3293421533746491,
      "mae_vol_Uy": 1.049293847443053,
      "mae_surf_p": 40.08998137228937,
      "mae_vol_p": 44.5569137168634
    },
    "val_geom_camber_cruise": {
      "vol_loss": 0.026613136641681193,
      "surf_loss": 0.00832758762408048,
      "loss": 0.10988901288248598,
      "mae_surf_Ux": 0.19729069440722263,
      "mae_vol_Ux": 1.101721040290959,
      "mae_surf_Uy": 0.11955327567251352,
      "mae_vol_Uy": 0.36848694099539375,
      "mae_surf_p": 14.478530569482723,
      "mae_vol_p": 16.90287457107527
    },
    "val_re_rand": {
      "vol_loss": 0.10987954460084438,
      "surf_loss": 0.05847478842362761,
      "loss": 0.6946274288371205,
      "mae_surf_Ux": 0.4066027130222862,
      "mae_vol_Ux": 1.6139427285868344,
      "mae_surf_Uy": 0.22894134244269582,
      "mae_vol_Uy": 0.6762424386894861,
      "mae_surf_p": 31.111473649342056,
      "mae_vol_p": 31.708987186968155
    }
  },
  "val_avg": {
    "avg/mae_surf_Ux": 0.36099898630256644,
    "avg/mae_surf_Uy": 0.21726962535164435,
    "avg/mae_surf_p": 28.43889628672891,
    "avg/mae_vol_Ux": 1.6512153353905332,
    "avg/mae_vol_Uy": 0.663174791780063,
    "avg/mae_vol_p": 31.922480201656278
  },
  "test_per_split": {
    "test_single_in_dist": {
      "vol_loss": 0.10605620929971338,
      "surf_loss": 0.08706279590725899,
      "loss": 0.9766841683723032,
      "mae_surf_Ux": 0.2860836445577708,
      "mae_vol_Ux": 1.4926883273378662,
      "mae_surf_Uy": 0.19207621713555198,
      "mae_vol_Uy": 0.547963725719116,
      "mae_surf_p": 26.034544604100105,
      "mae_vol_p": 31.077645262067442
    },
    "test_geom_camber_rc": {
      "vol_loss": 0.11662801224738359,
      "surf_loss": 0.04484554206952453,
      "loss": 0.5650834329426289,
      "mae_surf_Ux": 0.5785150737339596,
      "mae_vol_Ux": 2.2592677861331314,
      "mae_surf_Uy": 0.3127934973198564,
      "mae_vol_Uy": 0.9884760492492126,
      "mae_surf_p": 39.276504627693335,
      "mae_vol_p": 42.664638181787915
    },
    "test_geom_camber_cruise": {
      "vol_loss": 0.02144597810693085,
      "surf_loss": 0.005152674360142555,
      "loss": 0.07297272170835639,
      "mae_surf_Ux": 0.17599158166174111,
      "mae_vol_Ux": 1.017451888349335,
      "mae_surf_Uy": 0.1038880445141008,
      "mae_vol_Uy": 0.3318603258557135,
      "mae_surf_p": 11.347000923324348,
      "mae_vol_p": 13.81100107437711
    },
    "test_re_rand": {
      "vol_loss": 0.04895952697843313,
      "surf_loss": 0.01969621531898156,
      "loss": 0.24592168016824872,
      "mae_surf_Ux": 0.3098090648812931,
      "mae_vol_Ux": 1.4108177079969049,
      "mae_surf_Uy": 0.18371239207729456,
      "mae_vol_Uy": 0.5551982011049399,
      "mae_surf_p": 21.788658873760173,
      "mae_vol_p": 24.288677066649118
    }
  },
  "test_avg": {
    "avg/mae_surf_Ux": 0.33759984120869113,
    "avg/mae_surf_Uy": 0.19811753776170093,
    "avg/mae_surf_p": 24.61167725721949,
    "avg/mae_vol_Ux": 1.5450564274543095,
    "avg/mae_vol_Uy": 0.6058745754822455,
    "avg/mae_vol_p": 27.960490396220397
  }
}