{
  "checkpoint": "models/model-c6mjz6nc/checkpoint.pt",
  "config": "models/model-c6mjz6nc/config.yaml",
  "val_per_split": {
    "val_single_in_dist": {
      "vol_loss": 0.10266863964498044,
      "surf_loss": 0.09368498317082413,
      "loss": 1.0395184713532217,
      "mae_surf_Ux": 0.3391289714392679,
      "mae_vol_Ux": 1.6867713535699975,
      "mae_surf_Uy": 0.2017093209402401,
      "mae_vol_Uy": 0.5876108973842851,
      "mae_surf_p": 31.078845256903318,
      "mae_vol_p": 36.479163418186054
    },
    "val_geom_camber_rc": {
      "vol_loss": 0.13726595126092433,
      "surf_loss": 0.05534794168546796,
      "loss": 0.6907453681156039,
      "mae_surf_Ux": 0.6556888879731805,
      "mae_vol_Ux": 2.4380841820262766,
      "mae_surf_Uy": 0.34504837318398474,
      "mae_vol_Uy": 1.1043374068467673,
      "mae_surf_p": 45.716201905775044,
      "mae_vol_p": 48.357379917371404
    },
    "val_geom_camber_cruise": {
      "vol_loss": 0.027507699076086283,
      "surf_loss": 0.00976440376834944,
      "loss": 0.12515173675958066,
      "mae_surf_Ux": 0.2806822445795088,
      "mae_vol_Ux": 1.1287941963037194,
      "mae_surf_Uy": 0.13290881570427576,
      "mae_vol_Uy": 0.39366544059589115,
      "mae_surf_p": 16.332980358703328,
      "mae_vol_p": 18.181006820488392
    },
    "val_re_rand": {
      "vol_loss": 0.09976391986012459,
      "surf_loss": 0.049547784156166015,
      "loss": 0.5952417614217848,
      "mae_surf_Ux": 0.47920049911529367,
      "mae_vol_Ux": 1.645866818522172,
      "mae_surf_Uy": 0.23600000302413476,
      "mae_vol_Uy": 0.6998235780905727,
      "mae_surf_p": 31.843583778652853,
      "mae_vol_p": 32.68800068730243
    }
  },
  "val_avg": {
    "avg/mae_surf_Ux": 0.43867515077681274,
    "avg/mae_surf_Uy": 0.22891662821315883,
    "avg/mae_surf_p": 31.242902825008635,
    "avg/mae_vol_Ux": 1.7248791376055415,
    "avg/mae_vol_Uy": 0.6963593307293791,
    "avg/mae_vol_p": 33.92638771083707
  },
  "test_per_split": {
    "test_single_in_dist": {
      "vol_loss": 0.0977431951649487,
      "surf_loss": 0.078422198217595,
      "loss": 0.8819651773408986,
      "mae_surf_Ux": 0.3690298373073297,
      "mae_vol_Ux": 1.5713597592459718,
      "mae_surf_Uy": 0.20119142851578312,
      "mae_vol_Uy": 0.5757941988607751,
      "mae_surf_p": 27.132384837597506,
      "mae_vol_p": 32.89373234513466
    },
    "test_geom_camber_rc": {
      "vol_loss": 0.12241099804639816,
      "surf_loss": 0.0467030930146575,
      "loss": 0.5894419281929731,
      "mae_surf_Ux": 0.6368947117086651,
      "mae_vol_Ux": 2.3562301729737123,
      "mae_surf_Uy": 0.3233405712396861,
      "mae_vol_Uy": 1.0367152446368053,
      "mae_surf_p": 40.903856884724306,
      "mae_vol_p": 45.22367448883317
    },
    "test_geom_camber_cruise": {
      "vol_loss": 0.022839936073869468,
      "surf_loss": 0.006209499308606609,
      "loss": 0.08493492915993556,
      "mae_surf_Ux": 0.2655500850387357,
      "mae_vol_Ux": 1.059810633426796,
      "mae_surf_Uy": 0.11525666052005015,
      "mae_vol_Uy": 0.3561075476049923,
      "mae_surf_p": 13.207393445685677,
      "mae_vol_p": 15.261644642081468
    },
    "test_re_rand": {
      "vol_loss": 0.05374779921025038,
      "surf_loss": 0.02208769277203828,
      "loss": 0.27462472693063317,
      "mae_surf_Ux": 0.3846834859256311,
      "mae_vol_Ux": 1.4760086934872525,
      "mae_surf_Uy": 0.19617282019542673,
      "mae_vol_Uy": 0.5887915366484281,
      "mae_surf_p": 24.02078323584573,
      "mae_vol_p": 26.501719821164052
    }
  },
  "test_avg": {
    "avg/mae_surf_Ux": 0.4140395299950904,
    "avg/mae_surf_Uy": 0.20899037011773652,
    "avg/mae_surf_p": 26.316104600963303,
    "avg/mae_vol_Ux": 1.6158523147834332,
    "avg/mae_vol_Uy": 0.6393521319377502,
    "avg/mae_vol_p": 29.970192824303336
  }
}