{
  "checkpoint": "models/model-r5rd8ydh/checkpoint.pt",
  "config": "models/model-r5rd8ydh/config.yaml",
  "val_per_split": {
    "val_single_in_dist": {
      "vol_loss": 0.09255074894055725,
      "surf_loss": 0.08544221732532606,
      "loss": 0.9469729221938179,
      "mae_surf_Ux": 0.25908547169429036,
      "mae_vol_Ux": 1.5611544606326575,
      "mae_surf_Uy": 0.19231733859164024,
      "mae_vol_Uy": 0.5476622293794717,
      "mae_surf_p": 28.019176194154657,
      "mae_vol_p": 32.13661703973218
    },
    "val_geom_camber_rc": {
      "vol_loss": 0.12822444528341292,
      "surf_loss": 0.04421183123253286,
      "loss": 0.5703427576087415,
      "mae_surf_Ux": 0.5765380616380368,
      "mae_vol_Ux": 2.279530774520824,
      "mae_surf_Uy": 0.32540470353772954,
      "mae_vol_Uy": 1.0509367691355693,
      "mae_surf_p": 40.83595153965028,
      "mae_vol_p": 44.662152166144345
    },
    "val_geom_camber_cruise": {
      "vol_loss": 0.024460207745432852,
      "surf_loss": 0.007499655518913641,
      "loss": 0.09945676293456926,
      "mae_surf_Ux": 0.1971482377493621,
      "mae_vol_Ux": 1.0724857050642231,
      "mae_surf_Uy": 0.11815939071457435,
      "mae_vol_Uy": 0.3566057921925616,
      "mae_surf_p": 14.098292372807531,
      "mae_vol_p": 16.168153878991497
    },
    "val_re_rand": {
      "vol_loss": 0.0937703600153327,
      "surf_loss": 0.04976653601042926,
      "loss": 0.5914357201196253,
      "mae_surf_Ux": 0.3942071890337376,
      "mae_vol_Ux": 1.5559711493001362,
      "mae_surf_Uy": 0.2239507328056296,
      "mae_vol_Uy": 0.6647138793341181,
      "mae_surf_p": 30.487745450263247,
      "mae_vol_p": 30.609774207481323
    }
  },
  "val_avg": {
    "avg/mae_surf_Ux": 0.3567447400288567,
    "avg/mae_surf_Uy": 0.21495804141239344,
    "avg/mae_surf_p": 28.36029138921893,
    "avg/mae_vol_Ux": 1.6172855223794602,
    "avg/mae_vol_Uy": 0.6549796675104302,
    "avg/mae_vol_p": 30.894174323087334
  },
  "test_per_split": {
    "test_single_in_dist": {
      "vol_loss": 0.09479076464660466,
      "surf_loss": 0.09602078236057424,
      "loss": 1.054998588252347,
      "mae_surf_Ux": 0.28033353145498063,
      "mae_vol_Ux": 1.4211596664274444,
      "mae_surf_Uy": 0.18856673870252758,
      "mae_vol_Uy": 0.525508636233767,
      "mae_surf_p": 24.94165209425478,
      "mae_vol_p": 28.889376092492423
    },
    "test_geom_camber_rc": {
      "vol_loss": 0.10820876017212867,
      "surf_loss": 0.04251369063276798,
      "loss": 0.5333456664998084,
      "mae_surf_Ux": 0.5638900935661303,
      "mae_vol_Ux": 2.183112216980643,
      "mae_surf_Uy": 0.3099551869792182,
      "mae_vol_Uy": 0.9669346487498711,
      "mae_surf_p": 38.796660791734126,
      "mae_vol_p": 41.760700794556485
    },
    "test_geom_camber_cruise": {
      "vol_loss": 0.020267575876787305,
      "surf_loss": 0.005060127472970635,
      "loss": 0.07086885060649366,
      "mae_surf_Ux": 0.17720462011390278,
      "mae_vol_Ux": 0.9894347255622437,
      "mae_surf_Uy": 0.1016354963760136,
      "mae_vol_Uy": 0.3203254265863429,
      "mae_surf_p": 10.881906096833417,
      "mae_vol_p": 13.236642293350707
    },
    "test_re_rand": {
      "vol_loss": 0.04957710580900312,
      "surf_loss": 0.01943759550456889,
      "loss": 0.243953060854692,
      "mae_surf_Ux": 0.30550464956334733,
      "mae_vol_Ux": 1.3830516047336352,
      "mae_surf_Uy": 0.1840045437545392,
      "mae_vol_Uy": 0.5502177922185633,
      "mae_surf_p": 21.839292266481156,
      "mae_vol_p": 24.263406055603625
    }
  },
  "test_avg": {
    "avg/mae_surf_Ux": 0.33173322367459024,
    "avg/mae_surf_Uy": 0.19604049145307464,
    "avg/mae_surf_p": 24.11487781232587,
    "avg/mae_vol_Ux": 1.4941895534259917,
    "avg/mae_vol_Uy": 0.5907466259471361,
    "avg/mae_vol_p": 27.03753130900081
  }
}