{
  "checkpoint": "models/model-47fvk137/checkpoint.pt",
  "config": "models/model-47fvk137/config.yaml",
  "val_per_split": {
    "val_single_in_dist": {
      "vol_loss": 0.08774915216490627,
      "surf_loss": 0.08381001077592373,
      "loss": 0.9258492599241437,
      "mae_surf_Ux": 0.2794966089982361,
      "mae_vol_Ux": 1.560876105447116,
      "mae_surf_Uy": 0.19657509262032205,
      "mae_vol_Uy": 0.5473310019960367,
      "mae_surf_p": 28.775652461578737,
      "mae_vol_p": 31.961398716003696
    },
    "val_geom_camber_rc": {
      "vol_loss": 0.11618443675339223,
      "surf_loss": 0.0435187479108572,
      "loss": 0.5513719158619642,
      "mae_surf_Ux": 0.5955248455895796,
      "mae_vol_Ux": 2.2558240369804854,
      "mae_surf_Uy": 0.32465054392829473,
      "mae_vol_Uy": 1.0228676052119425,
      "mae_surf_p": 40.58361991078347,
      "mae_vol_p": 43.80929394240628
    },
    "val_geom_camber_cruise": {
      "vol_loss": 0.026531734820455313,
      "surf_loss": 0.009543453557416797,
      "loss": 0.1219662703946233,
      "mae_surf_Ux": 0.21629284760485848,
      "mae_vol_Ux": 1.111706543513965,
      "mae_surf_Uy": 0.12627058101013108,
      "mae_vol_Uy": 0.3679442624376602,
      "mae_surf_p": 16.03138535724872,
      "mae_vol_p": 17.200236542712073
    },
    "val_re_rand": {
      "vol_loss": 0.1119268287718296,
      "surf_loss": 0.0628262689569965,
      "loss": 0.7401895183417946,
      "mae_surf_Ux": 0.42594487959281513,
      "mae_vol_Ux": 1.5838715231308913,
      "mae_surf_Uy": 0.23063598102405392,
      "mae_vol_Uy": 0.6600735972323593,
      "mae_surf_p": 32.178515589904144,
      "mae_vol_p": 32.168684683608916
    }
  },
  "val_avg": {
    "avg/mae_surf_Ux": 0.3793147954463723,
    "avg/mae_surf_Uy": 0.21953304964570045,
    "avg/mae_surf_p": 29.39229332987877,
    "avg/mae_vol_Ux": 1.6280695522681143,
    "avg/mae_vol_Uy": 0.6495541167194997,
    "avg/mae_vol_p": 31.28490347118274
  },
  "test_per_split": {
    "test_single_in_dist": {
      "vol_loss": 0.10707483679056168,
      "surf_loss": 0.09272619334806223,
      "loss": 1.0343367702711839,
      "mae_surf_Ux": 0.30275214424807273,
      "mae_vol_Ux": 1.4708958534653904,
      "mae_surf_Uy": 0.1937076184791123,
      "mae_vol_Uy": 0.5332491696553754,
      "mae_surf_p": 27.87163847371516,
      "mae_vol_p": 31.452629695289662
    },
    "test_geom_camber_rc": {
      "vol_loss": 0.10890656180679797,
      "surf_loss": 0.04358048084657639,
      "loss": 0.5447113702725619,
      "mae_surf_Ux": 0.5924342162769265,
      "mae_vol_Ux": 2.192827806136449,
      "mae_surf_Uy": 0.31255382536909204,
      "mae_vol_Uy": 0.9572728219632485,
      "mae_surf_p": 38.852022635319784,
      "mae_vol_p": 42.54067228317856
    },
    "test_geom_camber_cruise": {
      "vol_loss": 0.021644233143888414,
      "surf_loss": 0.0057661659992299975,
      "loss": 0.07930589313618838,
      "mae_surf_Ux": 0.1963460972278563,
      "mae_vol_Ux": 1.0316304676194568,
      "mae_surf_Uy": 0.10850461761993435,
      "mae_vol_Uy": 0.32976455994256887,
      "mae_surf_p": 12.329593839666233,
      "mae_vol_p": 14.043413330654866
    },
    "test_re_rand": {
      "vol_loss": 0.04987472366541624,
      "surf_loss": 0.022369353898102417,
      "loss": 0.2735682626464404,
      "mae_surf_Ux": 0.329350889585311,
      "mae_vol_Ux": 1.4018519912964333,
      "mae_surf_Uy": 0.18881548242077206,
      "mae_vol_Uy": 0.548233021936327,
      "mae_surf_p": 22.926226133584727,
      "mae_vol_p": 24.465810804839528
    }
  },
  "test_avg": {
    "avg/mae_surf_Ux": 0.35522083683454164,
    "avg/mae_surf_Uy": 0.2008953859722277,
    "avg/mae_surf_p": 25.494870270571475,
    "avg/mae_vol_Ux": 1.5243015296294324,
    "avg/mae_vol_Uy": 0.5921298933743799,
    "avg/mae_vol_p": 28.125631528490654
  }
}