{
  "checkpoint": "models/model-llhlwhsl/checkpoint.pt",
  "config": "models/model-llhlwhsl/config.yaml",
  "val_per_split": {
    "val_single_in_dist": {
      "vol_loss": 0.08351232621818781,
      "surf_loss": 0.050621240469627085,
      "loss": 0.5897247309144587,
      "mae_surf_Ux": 0.30659181762675064,
      "mae_vol_Ux": 1.8495354803240032,
      "mae_surf_Uy": 0.20951460251540308,
      "mae_vol_Uy": 0.6495021645744449,
      "mae_surf_p": 29.11613538879984,
      "mae_vol_p": 36.98864063896493
    },
    "val_geom_camber_rc": {
      "vol_loss": 0.1439374615252018,
      "surf_loss": 0.04790638977661729,
      "loss": 0.6230013592913747,
      "mae_surf_Ux": 0.6752704285639931,
      "mae_vol_Ux": 2.5991216805568853,
      "mae_surf_Uy": 0.36030496310130367,
      "mae_vol_Uy": 1.1606959679326823,
      "mae_surf_p": 44.080304891447504,
      "mae_vol_p": 50.34613348502969
    },
    "val_geom_camber_cruise": {
      "vol_loss": 0.03142387390136719,
      "surf_loss": 0.009753889250569046,
      "loss": 0.12896276640705764,
      "mae_surf_Ux": 0.22488409052157532,
      "mae_vol_Ux": 1.219986635024415,
      "mae_surf_Uy": 0.13924867406332425,
      "mae_vol_Uy": 0.42493902937898903,
      "mae_surf_p": 16.423753126721127,
      "mae_vol_p": 19.89279168188808
    },
    "val_re_rand": {
      "vol_loss": 0.11345681317150592,
      "surf_loss": 0.055112971807830036,
      "loss": 0.6645865312498063,
      "mae_surf_Ux": 0.4393291440072272,
      "mae_vol_Ux": 1.7855930948763155,
      "mae_surf_Uy": 0.24413569056411832,
      "mae_vol_Uy": 0.7605743294292067,
      "mae_surf_p": 32.77107978079934,
      "mae_vol_p": 35.17013146182056
    }
  },
  "val_avg": {
    "avg/mae_surf_Ux": 0.4115188701798866,
    "avg/mae_surf_Uy": 0.23830098256103732,
    "avg/mae_surf_p": 30.597818296941952,
    "avg/mae_vol_Ux": 1.8635592226954047,
    "avg/mae_vol_Uy": 0.7489278728288307,
    "avg/mae_vol_p": 35.59942431692581
  },
  "test_per_split": {
    "test_single_in_dist": {
      "vol_loss": 0.11529857069253921,
      "surf_loss": 0.08236390196485445,
      "loss": 0.9389375903410837,
      "mae_surf_Ux": 0.3324299139050634,
      "mae_vol_Ux": 1.7683114360777388,
      "mae_surf_Uy": 0.21115548929712927,
      "mae_vol_Uy": 0.655843846375957,
      "mae_surf_p": 29.563999007853138,
      "mae_vol_p": 37.171141347626026
    },
    "test_geom_camber_rc": {
      "vol_loss": 0.1291405614465475,
      "surf_loss": 0.04549153732135892,
      "loss": 0.5840559346601366,
      "mae_surf_Ux": 0.6335925349779831,
      "mae_vol_Ux": 2.491505173044457,
      "mae_surf_Uy": 0.33325884918008825,
      "mae_vol_Uy": 1.1004019660915239,
      "mae_surf_p": 40.288186930861144,
      "mae_vol_p": 46.23392738484792
    },
    "test_geom_camber_cruise": {
      "vol_loss": 0.025907826432958244,
      "surf_loss": 0.005927751350100152,
      "loss": 0.08518533993395977,
      "mae_surf_Ux": 0.19795465179760655,
      "mae_vol_Ux": 1.1246763381449147,
      "mae_surf_Uy": 0.11968690357352181,
      "mae_vol_Uy": 0.3844201215711367,
      "mae_surf_p": 12.735377422495631,
      "mae_vol_p": 16.26786936448123
    },
    "test_re_rand": {
      "vol_loss": 0.05971582807600498,
      "surf_loss": 0.020756610876414925,
      "loss": 0.2672819368401542,
      "mae_surf_Ux": 0.34222386735288535,
      "mae_vol_Ux": 1.5822202277678872,
      "mae_surf_Uy": 0.2026524997318755,
      "mae_vol_Uy": 0.6387162885614431,
      "mae_surf_p": 23.456336662642297,
      "mae_vol_p": 27.726583281565258
    }
  },
  "test_avg": {
    "avg/mae_surf_Ux": 0.3765502420083846,
    "avg/mae_surf_Uy": 0.2166884354456537,
    "avg/mae_surf_p": 26.510975005963054,
    "avg/mae_vol_Ux": 1.7416782937587494,
    "avg/mae_vol_Uy": 0.6948455556500152,
    "avg/mae_vol_p": 31.849880344630108
  }
}