{
  "checkpoint": "models/model-q6wtf5ag/checkpoint.pt",
  "config": "models/model-q6wtf5ag/config.yaml",
  "val_per_split": {
    "val_single_in_dist": {
      "vol_loss": 0.08578775869682431,
      "surf_loss": 0.06262948756339029,
      "loss": 0.7120826343307272,
      "mae_surf_Ux": 0.2759720998730547,
      "mae_vol_Ux": 1.5829664383966122,
      "mae_surf_Uy": 0.20174151952758368,
      "mae_vol_Uy": 0.5687818425069153,
      "mae_surf_p": 28.472936130210737,
      "mae_vol_p": 34.14747255759551
    },
    "val_geom_camber_rc": {
      "vol_loss": 0.12023555763065814,
      "surf_loss": 0.04416724607348442,
      "loss": 0.5619080183655024,
      "mae_surf_Ux": 0.6186795729332984,
      "mae_vol_Ux": 2.328492367707959,
      "mae_surf_Uy": 0.3418416248167338,
      "mae_vol_Uy": 1.0655128140586052,
      "mae_surf_p": 42.17777018056064,
      "mae_vol_p": 44.71788982394174
    },
    "val_geom_camber_cruise": {
      "vol_loss": 0.026670079696923494,
      "surf_loss": 0.009731995067559182,
      "loss": 0.12399003037251531,
      "mae_surf_Ux": 0.22088835788317643,
      "mae_vol_Ux": 1.0848587977921635,
      "mae_surf_Uy": 0.12950839202112313,
      "mae_vol_Uy": 0.37673349284558294,
      "mae_surf_p": 16.27772103092642,
      "mae_vol_p": 17.449601716237428
    },
    "val_re_rand": {
      "vol_loss": 0.10593731924891472,
      "surf_loss": 0.05777520874515176,
      "loss": 0.6836894067004323,
      "mae_surf_Ux": 0.4262110718219266,
      "mae_vol_Ux": 1.5929355002664067,
      "mae_surf_Uy": 0.2370667115125029,
      "mae_vol_Uy": 0.6760917466795259,
      "mae_surf_p": 31.792747173291005,
      "mae_vol_p": 32.35499265771718
    }
  },
  "val_avg": {
    "avg/mae_surf_Ux": 0.385437775627864,
    "avg/mae_surf_Uy": 0.22753956196948588,
    "avg/mae_surf_p": 29.6802936287472,
    "avg/mae_vol_Ux": 1.6473132760407854,
    "avg/mae_vol_Uy": 0.6717799740226573,
    "avg/mae_vol_p": 32.16748918887296
  },
  "test_per_split": {
    "test_single_in_dist": {
      "vol_loss": 0.09422177097760141,
      "surf_loss": 0.07908511703601107,
      "loss": 0.8850729413377121,
      "mae_surf_Ux": 0.31209003236228866,
      "mae_vol_Ux": 1.5148865161316438,
      "mae_surf_Uy": 0.19647393242773986,
      "mae_vol_Uy": 0.5575537530838303,
      "mae_surf_p": 26.192102738451243,
      "mae_vol_p": 30.923836924725634
    },
    "test_geom_camber_rc": {
      "vol_loss": 0.121635040640831,
      "surf_loss": 0.047720306646078826,
      "loss": 0.5988381071016192,
      "mae_surf_Ux": 0.6008358292972422,
      "mae_vol_Ux": 2.3052279530424142,
      "mae_surf_Uy": 0.3193373031596175,
      "mae_vol_Uy": 1.0034279863051536,
      "mae_surf_p": 40.81779514107405,
      "mae_vol_p": 43.957253543120146
    },
    "test_geom_camber_cruise": {
      "vol_loss": 0.021450256034731864,
      "surf_loss": 0.006215259137679823,
      "loss": 0.0836028474115301,
      "mae_surf_Ux": 0.202368953353244,
      "mae_vol_Ux": 1.0069175567817272,
      "mae_surf_Uy": 0.1126870607935311,
      "mae_vol_Uy": 0.33630563118123774,
      "mae_surf_p": 12.900359928754998,
      "mae_vol_p": 14.459166974495231
    },
    "test_re_rand": {
      "vol_loss": 0.052621138654649256,
      "surf_loss": 0.023004900009837,
      "loss": 0.2826701387530193,
      "mae_surf_Ux": 0.3272785387522605,
      "mae_vol_Ux": 1.4156460986667698,
      "mae_surf_Uy": 0.19208598418366166,
      "mae_vol_Uy": 0.5653166367028877,
      "mae_surf_p": 23.512817623561155,
      "mae_vol_p": 25.528870107462257
    }
  },
  "test_avg": {
    "avg/mae_surf_Ux": 0.36064333844125884,
    "avg/mae_surf_Uy": 0.20514607014113753,
    "avg/mae_surf_p": 25.855768857960364,
    "avg/mae_vol_Ux": 1.560669531155639,
    "avg/mae_vol_Uy": 0.6156510018182774,
    "avg/mae_vol_p": 28.717281887450817
  }
}