{
  "checkpoint": "models/model-yzw4u5dr/checkpoint.pt",
  "config": "models/model-yzw4u5dr/config.yaml",
  "val_per_split": {
    "val_single_in_dist": {
      "vol_loss": 0.0831836592592299,
      "surf_loss": 0.0806564813433215,
      "loss": 0.8897484726924448,
      "mae_surf_Ux": 0.24601317324827834,
      "mae_vol_Ux": 1.4794906464579496,
      "mae_surf_Uy": 0.18725678182772781,
      "mae_vol_Uy": 0.5321216666798041,
      "mae_surf_p": 27.543148254806653,
      "mae_vol_p": 30.28489128269951
    },
    "val_geom_camber_rc": {
      "vol_loss": 0.11787566766142846,
      "surf_loss": 0.04447531973943114,
      "loss": 0.5626288650557398,
      "mae_surf_Ux": 0.5708503892078711,
      "mae_vol_Ux": 2.2559904309816776,
      "mae_surf_Uy": 0.3261580140085675,
      "mae_vol_Uy": 1.0102543527098187,
      "mae_surf_p": 41.59344477254209,
      "mae_vol_p": 45.20637190565266
    },
    "val_geom_camber_cruise": {
      "vol_loss": 0.02381912024691701,
      "surf_loss": 0.008231000389205292,
      "loss": 0.10612912413896994,
      "mae_surf_Ux": 0.19362887730999975,
      "mae_vol_Ux": 1.064683645236018,
      "mae_surf_Uy": 0.11998817326219109,
      "mae_vol_Uy": 0.3524288062256936,
      "mae_surf_p": 13.963770292578713,
      "mae_vol_p": 15.17189591947824
    },
    "val_re_rand": {
      "vol_loss": 0.11275885194540024,
      "surf_loss": 0.06437138056615367,
      "loss": 0.7564726576069369,
      "mae_surf_Ux": 0.42029247855184376,
      "mae_vol_Ux": 1.575209867286376,
      "mae_surf_Uy": 0.2311490216611321,
      "mae_vol_Uy": 0.6602458111925782,
      "mae_surf_p": 30.858965485486127,
      "mae_vol_p": 31.3935767680399
    }
  },
  "val_avg": {
    "avg/mae_surf_Ux": 0.35769622957949826,
    "avg/mae_surf_Uy": 0.21613799768990463,
    "avg/mae_surf_p": 28.489832201353398,
    "avg/mae_vol_Ux": 1.5938436474905053,
    "avg/mae_vol_Uy": 0.6387626592019736,
    "avg/mae_vol_p": 30.514183968967576
  },
  "test_per_split": {
    "test_single_in_dist": {
      "vol_loss": 0.09307010306045413,
      "surf_loss": 0.08932515319058439,
      "loss": 0.986321634966298,
      "mae_surf_Ux": 0.2745934646384187,
      "mae_vol_Ux": 1.4170656711330023,
      "mae_surf_Uy": 0.18435373149838147,
      "mae_vol_Uy": 0.5244010008372292,
      "mae_surf_p": 25.265672871638273,
      "mae_vol_p": 28.790647244158265
    },
    "test_geom_camber_rc": {
      "vol_loss": 0.11228050146251917,
      "surf_loss": 0.043958770660683516,
      "loss": 0.5518682080693543,
      "mae_surf_Ux": 0.5722729171930687,
      "mae_vol_Ux": 2.2079052103580956,
      "mae_surf_Uy": 0.31110827893850534,
      "mae_vol_Uy": 0.9605560308377475,
      "mae_surf_p": 38.43059943488682,
      "mae_vol_p": 41.74859592851166
    },
    "test_geom_camber_cruise": {
      "vol_loss": 0.019224545462056996,
      "surf_loss": 0.005031429624359589,
      "loss": 0.06953884170565289,
      "mae_surf_Ux": 0.17161759273524788,
      "mae_vol_Ux": 0.9809737190751211,
      "mae_surf_Uy": 0.10242792125063005,
      "mae_vol_Uy": 0.3134643501864525,
      "mae_surf_p": 10.765793594599382,
      "mae_vol_p": 12.390620252185451
    },
    "test_re_rand": {
      "vol_loss": 0.047698942627757784,
      "surf_loss": 0.020165480775758624,
      "loss": 0.24935375038534402,
      "mae_surf_Ux": 0.3057790913467151,
      "mae_vol_Ux": 1.3688917943975991,
      "mae_surf_Uy": 0.17948598587441544,
      "mae_vol_Uy": 0.5338654840721746,
      "mae_surf_p": 21.373860079289074,
      "mae_vol_p": 23.045027256277443
    }
  },
  "test_avg": {
    "avg/mae_surf_Ux": 0.3310657664783626,
    "avg/mae_surf_Uy": 0.1943439793904831,
    "avg/mae_surf_p": 23.958981495103387,
    "avg/mae_vol_Ux": 1.4937090987409545,
    "avg/mae_vol_Uy": 0.583071716483401,
    "avg/mae_vol_p": 26.493722670283205
  }
}