{
  "checkpoint": "models/model-nwljur3i/checkpoint.pt",
  "config": "models/model-nwljur3i/config.yaml",
  "val_per_split": {
    "val_single_in_dist": {
      "vol_loss": 0.10767164673656225,
      "surf_loss": 0.13228521436394658,
      "loss": 1.430523790376028,
      "mae_surf_Ux": 0.2601248374712378,
      "mae_vol_Ux": 1.4803690191380299,
      "mae_surf_Uy": 0.18743738287795703,
      "mae_vol_Uy": 0.5154059371654612,
      "mae_surf_p": 29.60688696501273,
      "mae_vol_p": 31.269151515283937
    },
    "val_geom_camber_rc": {
      "vol_loss": 0.12105835802853107,
      "surf_loss": 0.046992726884782315,
      "loss": 0.5909856268763543,
      "mae_surf_Ux": 0.5845134480397225,
      "mae_vol_Ux": 2.2440383894567977,
      "mae_surf_Uy": 0.33316110954467015,
      "mae_vol_Uy": 1.0182721642724273,
      "mae_surf_p": 41.88447275000459,
      "mae_vol_p": 44.44191864412985
    },
    "val_geom_camber_cruise": {
      "vol_loss": 0.02238174304366112,
      "surf_loss": 0.007605802714824677,
      "loss": 0.09843977019190789,
      "mae_surf_Ux": 0.19307864873604946,
      "mae_vol_Ux": 1.021787943087701,
      "mae_surf_Uy": 0.11643330775793319,
      "mae_vol_Uy": 0.3404640388882015,
      "mae_surf_p": 13.685552638340402,
      "mae_vol_p": 14.948584295856366
    },
    "val_re_rand": {
      "vol_loss": 0.10532946921885014,
      "surf_loss": 0.05747132288524881,
      "loss": 0.6800426980713382,
      "mae_surf_Ux": 0.41594393898553084,
      "mae_vol_Ux": 1.5512101434210985,
      "mae_surf_Uy": 0.2261036857383846,
      "mae_vol_Uy": 0.6591965756153746,
      "mae_surf_p": 30.653524408946915,
      "mae_vol_p": 31.10027615505431
    }
  },
  "val_avg": {
    "avg/mae_surf_Ux": 0.36341521830813517,
    "avg/mae_surf_Uy": 0.21578387147973624,
    "avg/mae_surf_p": 28.95760919057616,
    "avg/mae_vol_Ux": 1.5743513737759067,
    "avg/mae_vol_Uy": 0.6333346789853661,
    "avg/mae_vol_p": 30.439982652581115
  },
  "test_per_split": {
    "test_single_in_dist": {
      "vol_loss": 0.0941919098701328,
      "surf_loss": 0.07738385293690954,
      "loss": 0.8680304392392282,
      "mae_surf_Ux": 0.2776706918495833,
      "mae_vol_Ux": 1.3705480367083358,
      "mae_surf_Uy": 0.18079692498555736,
      "mae_vol_Uy": 0.49977876211950023,
      "mae_surf_p": 24.867293620500426,
      "mae_vol_p": 28.524221948285106
    },
    "test_geom_camber_rc": {
      "vol_loss": 0.11364946082234383,
      "surf_loss": 0.0440839041210711,
      "loss": 0.5544885020330548,
      "mae_surf_Ux": 0.562647844185312,
      "mae_vol_Ux": 2.1864186868394193,
      "mae_surf_Uy": 0.30918903116361474,
      "mae_vol_Uy": 0.9477453653612624,
      "mae_surf_p": 38.76126413012444,
      "mae_vol_p": 41.55538266148202
    },
    "test_geom_camber_cruise": {
      "vol_loss": 0.018649630639702083,
      "surf_loss": 0.0049218446665327065,
      "loss": 0.06786807730502914,
      "mae_surf_Ux": 0.17390658399444567,
      "mae_vol_Ux": 0.9506836400824421,
      "mae_surf_Uy": 0.09877823874230536,
      "mae_vol_Uy": 0.30499085998924774,
      "mae_surf_p": 10.720314246878642,
      "mae_vol_p": 12.436135602545903
    },
    "test_re_rand": {
      "vol_loss": 0.04741147240623832,
      "surf_loss": 0.019577845744788647,
      "loss": 0.2431899298541248,
      "mae_surf_Ux": 0.30699940199806686,
      "mae_vol_Ux": 1.3398352685584596,
      "mae_surf_Uy": 0.1791977558963176,
      "mae_vol_Uy": 0.52714019216616,
      "mae_surf_p": 21.361961369229327,
      "mae_vol_p": 22.94953415420118
    }
  },
  "test_avg": {
    "avg/mae_surf_Ux": 0.330306130506852,
    "avg/mae_surf_Uy": 0.19199048769694876,
    "avg/mae_surf_p": 23.927708341683207,
    "avg/mae_vol_Ux": 1.4618714080471642,
    "avg/mae_vol_Uy": 0.5699137949090426,
    "avg/mae_vol_p": 26.366318591628552
  }
}