{
  "checkpoint": "models/model-qrl0y44u/checkpoint.pt",
  "config": "models/model-qrl0y44u/config.yaml",
  "val_per_split": {
    "val_single_in_dist": {
      "vol_loss": 0.07770191540941596,
      "surf_loss": 0.05065261482028291,
      "loss": 0.5842280636122451,
      "mae_surf_Ux": 0.250705849325488,
      "mae_vol_Ux": 1.470689717905962,
      "mae_surf_Uy": 0.18931605814745991,
      "mae_vol_Uy": 0.5179988369500762,
      "mae_surf_p": 25.39036299397713,
      "mae_vol_p": 30.377454373878436
    },
    "val_geom_camber_rc": {
      "vol_loss": 0.12443593114614487,
      "surf_loss": 0.04695504682138562,
      "loss": 0.5939863993600011,
      "mae_surf_Ux": 0.5914394480845456,
      "mae_vol_Ux": 2.263869260965101,
      "mae_surf_Uy": 0.3299239500568051,
      "mae_vol_Uy": 1.0268562302234783,
      "mae_surf_p": 41.663496769606034,
      "mae_vol_p": 45.393269027133734
    },
    "val_geom_camber_cruise": {
      "vol_loss": 0.024222649578005077,
      "surf_loss": 0.007557779097696766,
      "loss": 0.09980044055497274,
      "mae_surf_Ux": 0.19898442964120225,
      "mae_vol_Ux": 1.0576775095164581,
      "mae_surf_Uy": 0.11432800588911277,
      "mae_vol_Uy": 0.35209835926103555,
      "mae_surf_p": 13.620928243699693,
      "mae_vol_p": 15.93239071637932
    },
    "val_re_rand": {
      "vol_loss": 0.10806452170014381,
      "surf_loss": 0.0589507901086472,
      "loss": 0.6975724227866158,
      "mae_surf_Ux": 0.4104555583456795,
      "mae_vol_Ux": 1.5674021500674449,
      "mae_surf_Uy": 0.22529250289694291,
      "mae_vol_Uy": 0.6621519385695656,
      "mae_surf_p": 30.958761984043218,
      "mae_vol_p": 31.951711659379953
    }
  },
  "val_avg": {
    "avg/mae_surf_Ux": 0.36289632134922883,
    "avg/mae_surf_Uy": 0.21471512924758018,
    "avg/mae_surf_p": 27.90838749783152,
    "avg/mae_vol_Ux": 1.5899096596137414,
    "avg/mae_vol_Uy": 0.6397763412510389,
    "avg/mae_vol_p": 30.91370644419286
  },
  "test_per_split": {
    "test_single_in_dist": {
      "vol_loss": 0.09335363753139973,
      "surf_loss": 0.08278126837918535,
      "loss": 0.9211663213232533,
      "mae_surf_Ux": 0.27914894481234936,
      "mae_vol_Ux": 1.390658233315227,
      "mae_surf_Uy": 0.18686758770797962,
      "mae_vol_Uy": 0.5154601458581292,
      "mae_surf_p": 24.816987454503685,
      "mae_vol_p": 28.71210656816465
    },
    "test_geom_camber_rc": {
      "vol_loss": 0.10714333329349757,
      "surf_loss": 0.040897025009617206,
      "loss": 0.5161135833896696,
      "mae_surf_Ux": 0.5518044719017118,
      "mae_vol_Ux": 2.1924096469492893,
      "mae_surf_Uy": 0.30416930881886134,
      "mae_vol_Uy": 0.9490293943916763,
      "mae_surf_p": 38.6976345285895,
      "mae_vol_p": 41.846582364228276
    },
    "test_geom_camber_cruise": {
      "vol_loss": 0.01985826410818845,
      "surf_loss": 0.004789303546422161,
      "loss": 0.06775129957241005,
      "mae_surf_Ux": 0.17787926452469863,
      "mae_vol_Ux": 0.9771545739460883,
      "mae_surf_Uy": 0.09975896017526643,
      "mae_vol_Uy": 0.316246377805666,
      "mae_surf_p": 10.46282403525947,
      "mae_vol_p": 13.143832020863467
    },
    "test_re_rand": {
      "vol_loss": 0.04679413807578385,
      "surf_loss": 0.01874221275909804,
      "loss": 0.23421626566676423,
      "mae_surf_Ux": 0.31294127349007844,
      "mae_vol_Ux": 1.368828177367186,
      "mae_surf_Uy": 0.1804839944695454,
      "mae_vol_Uy": 0.5324034089598237,
      "mae_surf_p": 20.790375919390303,
      "mae_vol_p": 23.381857841472794
    }
  },
  "test_avg": {
    "avg/mae_surf_Ux": 0.3304434886822096,
    "avg/mae_surf_Uy": 0.1928199627929132,
    "avg/mae_surf_p": 23.691955484435738,
    "avg/mae_vol_Ux": 1.4822626578944478,
    "avg/mae_vol_Uy": 0.5782848317538238,
    "avg/mae_vol_p": 26.771094698682298
  }
}