{
  "checkpoint": "models/model-9ijsxg5e/checkpoint.pt",
  "config": "models/model-9ijsxg5e/config.yaml",
  "val_per_split": {
    "val_single_in_dist": {
      "vol_loss": 0.10127034530043602,
      "surf_loss": 0.1081713254720671,
      "loss": 1.1829836000211071,
      "mae_surf_Ux": 0.25594470739715375,
      "mae_vol_Ux": 1.4716018422148802,
      "mae_surf_Uy": 0.1894321491308644,
      "mae_vol_Uy": 0.5166898921702633,
      "mae_surf_p": 28.321294626425658,
      "mae_vol_p": 31.215111842452814
    },
    "val_geom_camber_rc": {
      "vol_loss": 0.1271919560432434,
      "surf_loss": 0.04426479870453477,
      "loss": 0.5698399430885911,
      "mae_surf_Ux": 0.5774848891603701,
      "mae_vol_Ux": 2.284263973075871,
      "mae_surf_Uy": 0.3203830018752124,
      "mae_vol_Uy": 1.0281332892138084,
      "mae_surf_p": 40.203582264655644,
      "mae_vol_p": 44.497051775710055
    },
    "val_geom_camber_cruise": {
      "vol_loss": 0.02272883397527039,
      "surf_loss": 0.007901863074512221,
      "loss": 0.10174746472039262,
      "mae_surf_Ux": 0.18759196571138317,
      "mae_vol_Ux": 1.0140267027844887,
      "mae_surf_Uy": 0.1170419560896046,
      "mae_vol_Uy": 0.34031110091549327,
      "mae_surf_p": 14.023843148693205,
      "mae_vol_p": 15.682652237956114
    },
    "val_re_rand": {
      "vol_loss": 0.10293806325644254,
      "surf_loss": 0.059960645702667535,
      "loss": 0.7025445202831179,
      "mae_surf_Ux": 0.3916820352882525,
      "mae_vol_Ux": 1.5176374029567117,
      "mae_surf_Uy": 0.22499786297035052,
      "mae_vol_Uy": 0.6518771543932723,
      "mae_surf_p": 30.91931401380021,
      "mae_vol_p": 30.636070744740007
    }
  },
  "val_avg": {
    "avg/mae_surf_Ux": 0.3531758993892899,
    "avg/mae_surf_Uy": 0.212963742516508,
    "avg/mae_surf_p": 28.367008513393678,
    "avg/mae_vol_Ux": 1.571882480257988,
    "avg/mae_vol_Uy": 0.6342528591732093,
    "avg/mae_vol_p": 30.507721650214748
  },
  "test_per_split": {
    "test_single_in_dist": {
      "vol_loss": 0.0944861466344446,
      "surf_loss": 0.07759168417571345,
      "loss": 0.8704029883915791,
      "mae_surf_Ux": 0.2741285176952067,
      "mae_vol_Ux": 1.3813221247712841,
      "mae_surf_Uy": 0.1789135361020269,
      "mae_vol_Uy": 0.5028109131535698,
      "mae_surf_p": 24.592920368861083,
      "mae_vol_p": 29.497638186739202
    },
    "test_geom_camber_rc": {
      "vol_loss": 0.11240351632237434,
      "surf_loss": 0.04301523894071579,
      "loss": 0.5425559057295323,
      "mae_surf_Ux": 0.5689144289024858,
      "mae_vol_Ux": 2.2157751206741367,
      "mae_surf_Uy": 0.3108804926772135,
      "mae_vol_Uy": 0.961431504526104,
      "mae_surf_p": 39.961831686394085,
      "mae_vol_p": 43.179156846842424
    },
    "test_geom_camber_cruise": {
      "vol_loss": 0.018318370627239348,
      "surf_loss": 0.005027022396097891,
      "loss": 0.06858859458821825,
      "mae_surf_Ux": 0.17007556934908105,
      "mae_vol_Ux": 0.9368197820771249,
      "mae_surf_Uy": 0.09939193151968201,
      "mae_vol_Uy": 0.30484889210111327,
      "mae_surf_p": 11.017728244196148,
      "mae_vol_p": 12.797802954107205
    },
    "test_re_rand": {
      "vol_loss": 0.05040679410099983,
      "surf_loss": 0.021884186583338305,
      "loss": 0.2692486599343829,
      "mae_surf_Ux": 0.31123015523763403,
      "mae_vol_Ux": 1.3525353009665086,
      "mae_surf_Uy": 0.1814010636385076,
      "mae_vol_Uy": 0.5357008494141402,
      "mae_surf_p": 22.09863781749807,
      "mae_vol_p": 23.9683301380084
    }
  },
  "test_avg": {
    "avg/mae_surf_Ux": 0.33108716779610187,
    "avg/mae_surf_Uy": 0.19264675598435752,
    "avg/mae_surf_p": 24.417779529237347,
    "avg/mae_vol_Ux": 1.4716130821222637,
    "avg/mae_vol_Uy": 0.5761980397987319,
    "avg/mae_vol_p": 27.36073203142431
  }
}