{
  "checkpoint": "models/model-wpvpao7j/checkpoint.pt",
  "config": "models/model-wpvpao7j/config.yaml",
  "val_per_split": {
    "val_single_in_dist": {
      "vol_loss": 0.08944956991821527,
      "surf_loss": 0.07650154549162835,
      "loss": 0.8544650248344988,
      "mae_surf_Ux": 0.25401217738976317,
      "mae_vol_Ux": 1.4496901514952423,
      "mae_surf_Uy": 0.19104173141687145,
      "mae_vol_Uy": 0.5061672994033205,
      "mae_surf_p": 28.690395699304627,
      "mae_vol_p": 30.89947015323865
    },
    "val_geom_camber_rc": {
      "vol_loss": 0.12980288058519363,
      "surf_loss": 0.05236808348447084,
      "loss": 0.653483715429902,
      "mae_surf_Ux": 0.5883730143818092,
      "mae_vol_Ux": 2.2180212389533778,
      "mae_surf_Uy": 0.3295566551631003,
      "mae_vol_Uy": 1.0020788599296857,
      "mae_surf_p": 42.20002517339887,
      "mae_vol_p": 44.924858679297685
    },
    "val_geom_camber_cruise": {
      "vol_loss": 0.02280388114973903,
      "surf_loss": 0.008509244340239093,
      "loss": 0.10789632455212995,
      "mae_surf_Ux": 0.2018103460027615,
      "mae_vol_Ux": 1.0054722647354652,
      "mae_surf_Uy": 0.11774118524696695,
      "mae_vol_Uy": 0.3346248224625817,
      "mae_surf_p": 14.822507787172743,
      "mae_vol_p": 16.219178181927592
    },
    "val_re_rand": {
      "vol_loss": 0.09269639514386654,
      "surf_loss": 0.04990084674442187,
      "loss": 0.5917048625880852,
      "mae_surf_Ux": 0.3950874976563104,
      "mae_vol_Ux": 1.4734599454947335,
      "mae_surf_Uy": 0.2193285681326608,
      "mae_vol_Uy": 0.6242916081487727,
      "mae_surf_p": 30.0228129711803,
      "mae_vol_p": 29.802076439654908
    }
  },
  "val_avg": {
    "avg/mae_surf_Ux": 0.35982075885766107,
    "avg/mae_surf_Uy": 0.21441703498989986,
    "avg/mae_surf_p": 28.933935407764135,
    "avg/mae_vol_Ux": 1.5366609001697047,
    "avg/mae_vol_Uy": 0.6167906474860901,
    "avg/mae_vol_p": 30.46139586352971
  },
  "test_per_split": {
    "test_single_in_dist": {
      "vol_loss": 0.08698344975709915,
      "surf_loss": 0.09446280868403846,
      "loss": 1.0316115365974836,
      "mae_surf_Ux": 0.2755553890583555,
      "mae_vol_Ux": 1.3375043547375602,
      "mae_surf_Uy": 0.18391760384282524,
      "mae_vol_Uy": 0.49058266037744613,
      "mae_surf_p": 25.819109466583317,
      "mae_vol_p": 27.84992235385861
    },
    "test_geom_camber_rc": {
      "vol_loss": 0.10225165382027626,
      "surf_loss": 0.038888222556561235,
      "loss": 0.4911338793858886,
      "mae_surf_Ux": 0.5586798080563852,
      "mae_vol_Ux": 2.1140055692512827,
      "mae_surf_Uy": 0.30139519666732545,
      "mae_vol_Uy": 0.9234527229187067,
      "mae_surf_p": 38.36068765479684,
      "mae_vol_p": 40.860849313499344
    },
    "test_geom_camber_cruise": {
      "vol_loss": 0.01813809288199991,
      "surf_loss": 0.005258136613410898,
      "loss": 0.07071945901610889,
      "mae_surf_Ux": 0.18034119208049645,
      "mae_vol_Ux": 0.9246595195674698,
      "mae_surf_Uy": 0.10011300896366394,
      "mae_vol_Uy": 0.30078693152466923,
      "mae_surf_p": 11.512008337009261,
      "mae_vol_p": 12.908580865189615
    },
    "test_re_rand": {
      "vol_loss": 0.04724074299447238,
      "surf_loss": 0.021398344248300418,
      "loss": 0.26122418547747656,
      "mae_surf_Ux": 0.3072620653718133,
      "mae_vol_Ux": 1.3018929169050804,
      "mae_surf_Uy": 0.17931778250488398,
      "mae_vol_Uy": 0.513701285035462,
      "mae_surf_p": 22.640847262748444,
      "mae_vol_p": 23.637535927410035
    }
  },
  "test_avg": {
    "avg/mae_surf_Ux": 0.33045961364176263,
    "avg/mae_surf_Uy": 0.19118589799467464,
    "avg/mae_surf_p": 24.583163180284465,
    "avg/mae_vol_Ux": 1.4195155901153482,
    "avg/mae_vol_Uy": 0.5571308999640711,
    "avg/mae_vol_p": 26.314222114989402
  }
}