{
  "checkpoint": "models/model-pzr4nkcb/checkpoint.pt",
  "config": "models/model-pzr4nkcb/config.yaml",
  "val_per_split": {
    "val_single_in_dist": {
      "vol_loss": 0.09046033775433898,
      "surf_loss": 0.0972829044162063,
      "loss": 1.063289381916402,
      "mae_surf_Ux": 0.2592565932058151,
      "mae_vol_Ux": 1.4921842411529496,
      "mae_surf_Uy": 0.19161894508971883,
      "mae_vol_Uy": 0.5266798413137809,
      "mae_surf_p": 28.665857949016992,
      "mae_vol_p": 31.369922398255902
    },
    "val_geom_camber_rc": {
      "vol_loss": 0.12438003964722157,
      "surf_loss": 0.04707493213005364,
      "loss": 0.595129360947758,
      "mae_surf_Ux": 0.5885313663770738,
      "mae_vol_Ux": 2.2774166257516586,
      "mae_surf_Uy": 0.3336027101869231,
      "mae_vol_Uy": 1.035257856284552,
      "mae_surf_p": 42.404237905869756,
      "mae_vol_p": 44.95474866271119
    },
    "val_geom_camber_cruise": {
      "vol_loss": 0.024257756825536488,
      "surf_loss": 0.008880047783022746,
      "loss": 0.11305823465576395,
      "mae_surf_Ux": 0.20049237651659496,
      "mae_vol_Ux": 1.0461959158724428,
      "mae_surf_Uy": 0.11717637628597186,
      "mae_vol_Uy": 0.3433163810645449,
      "mae_surf_p": 14.579947819812432,
      "mae_vol_p": 16.180844083334076
    },
    "val_re_rand": {
      "vol_loss": 0.09835810892283917,
      "surf_loss": 0.05574399793287739,
      "loss": 0.655798088251613,
      "mae_surf_Ux": 0.4052619145665962,
      "mae_vol_Ux": 1.5594747410568792,
      "mae_surf_Uy": 0.22684312516590002,
      "mae_vol_Uy": 0.6582960361903326,
      "mae_surf_p": 31.019324862803657,
      "mae_vol_p": 30.86172864854187
    }
  },
  "val_avg": {
    "avg/mae_surf_Ux": 0.36338556266652,
    "avg/mae_surf_Uy": 0.21731028918212847,
    "avg/mae_surf_p": 29.16734213437571,
    "avg/mae_vol_Ux": 1.5938178809584826,
    "avg/mae_vol_Uy": 0.6408875287133026,
    "avg/mae_vol_p": 30.84181094821076
  },
  "test_per_split": {
    "test_single_in_dist": {
      "vol_loss": 0.0920699536986649,
      "surf_loss": 0.07504786316130777,
      "loss": 0.8425485853117425,
      "mae_surf_Ux": 0.2778358835123144,
      "mae_vol_Ux": 1.397212850647315,
      "mae_surf_Uy": 0.18708293825734015,
      "mae_vol_Uy": 0.5199008405910347,
      "mae_surf_p": 24.41878773240849,
      "mae_vol_p": 29.02959986609444
    },
    "test_geom_camber_rc": {
      "vol_loss": 0.11615677133202552,
      "surf_loss": 0.04741811677347869,
      "loss": 0.5903379390668124,
      "mae_surf_Ux": 0.5756642495744106,
      "mae_vol_Ux": 2.2048273547389083,
      "mae_surf_Uy": 0.31373471721911284,
      "mae_vol_Uy": 0.9799983228858681,
      "mae_surf_p": 39.99042306195346,
      "mae_vol_p": 42.658796269691784
    },
    "test_geom_camber_cruise": {
      "vol_loss": 0.019724526391364634,
      "surf_loss": 0.005350700711715035,
      "loss": 0.07323153350851498,
      "mae_surf_Ux": 0.17914434907136925,
      "mae_vol_Ux": 0.9745172880504486,
      "mae_surf_Uy": 0.10008443682316905,
      "mae_vol_Uy": 0.3093308993842712,
      "mae_surf_p": 11.204595425579985,
      "mae_vol_p": 13.19866362989991
    },
    "test_re_rand": {
      "vol_loss": 0.04747022707015276,
      "surf_loss": 0.019713927452685312,
      "loss": 0.2446095015970059,
      "mae_surf_Ux": 0.3039637320375113,
      "mae_vol_Ux": 1.3543204991829947,
      "mae_surf_Uy": 0.18124396614510382,
      "mae_vol_Uy": 0.5369783596278594,
      "mae_surf_p": 21.751534186847675,
      "mae_vol_p": 23.46776511639587
    }
  },
  "test_avg": {
    "avg/mae_surf_Ux": 0.33415205354890143,
    "avg/mae_surf_Uy": 0.19553651461118146,
    "avg/mae_surf_p": 24.341335101697403,
    "avg/mae_vol_Ux": 1.4827194981549165,
    "avg/mae_vol_Uy": 0.5865521056222583,
    "avg/mae_vol_p": 27.0887062205205
  }
}