{
  "checkpoint": "models/model-ckh5x42x/checkpoint.pt",
  "config": "models/model-ckh5x42x/config.yaml",
  "val_per_split": {
    "val_single_in_dist": {
      "vol_loss": 0.08278765793889761,
      "surf_loss": 0.08200932998908683,
      "loss": 0.902880957829766,
      "mae_surf_Ux": 0.2584125165287776,
      "mae_vol_Ux": 1.5186333365903573,
      "mae_surf_Uy": 0.19187851948957108,
      "mae_vol_Uy": 0.5289739228626233,
      "mae_surf_p": 28.132356495728366,
      "mae_vol_p": 31.69575911650751
    },
    "val_geom_camber_rc": {
      "vol_loss": 0.13828188486397266,
      "surf_loss": 0.05661009038798511,
      "loss": 0.7043827887438238,
      "mae_surf_Ux": 0.5853329707876661,
      "mae_vol_Ux": 2.30929050540625,
      "mae_surf_Uy": 0.3350272935320549,
      "mae_vol_Uy": 1.0342007574799186,
      "mae_surf_p": 42.73812868129576,
      "mae_vol_p": 46.0476819543481
    },
    "val_geom_camber_cruise": {
      "vol_loss": 0.02393235646188259,
      "surf_loss": 0.00790184059063904,
      "loss": 0.10295076236827298,
      "mae_surf_Ux": 0.19526233872725074,
      "mae_vol_Ux": 1.066972008095449,
      "mae_surf_Uy": 0.11654357610745282,
      "mae_vol_Uy": 0.35059182023160285,
      "mae_surf_p": 14.133928019512458,
      "mae_vol_p": 15.780751898191703
    },
    "val_re_rand": {
      "vol_loss": 0.10591075010597706,
      "surf_loss": 0.05339953606715426,
      "loss": 0.6399061107775197,
      "mae_surf_Ux": 0.4144123738732079,
      "mae_vol_Ux": 1.5839696411595607,
      "mae_surf_Uy": 0.22390206884040623,
      "mae_vol_Uy": 0.6622510595206696,
      "mae_surf_p": 30.02038896882124,
      "mae_vol_p": 31.509604874770424
    }
  },
  "val_avg": {
    "avg/mae_surf_Ux": 0.3633550499792256,
    "avg/mae_surf_Uy": 0.21683786449237125,
    "avg/mae_surf_p": 28.756200541339457,
    "avg/mae_vol_Ux": 1.6197163728129043,
    "avg/mae_vol_Uy": 0.6440043900237036,
    "avg/mae_vol_p": 31.258449460954434
  },
  "test_per_split": {
    "test_single_in_dist": {
      "vol_loss": 0.10086439182050526,
      "surf_loss": 0.08869275167991873,
      "loss": 0.9877919086196926,
      "mae_surf_Ux": 0.2881079980331748,
      "mae_vol_Ux": 1.4136955459586198,
      "mae_surf_Uy": 0.1881436924346612,
      "mae_vol_Uy": 0.5216533667836576,
      "mae_surf_p": 26.337603675884896,
      "mae_vol_p": 30.159527812379068
    },
    "test_geom_camber_rc": {
      "vol_loss": 0.11279242582619191,
      "surf_loss": 0.04257821808569133,
      "loss": 0.5385746066831052,
      "mae_surf_Ux": 0.5692787979482214,
      "mae_vol_Ux": 2.22420933811143,
      "mae_surf_Uy": 0.30743591770443257,
      "mae_vol_Uy": 0.964200651809923,
      "mae_surf_p": 38.428508210581455,
      "mae_vol_p": 41.34030706414231
    },
    "test_geom_camber_cruise": {
      "vol_loss": 0.020006750328466296,
      "surf_loss": 0.0050824809941696,
      "loss": 0.0708315602701623,
      "mae_surf_Ux": 0.1779138845726422,
      "mae_vol_Ux": 0.9917258481602704,
      "mae_surf_Uy": 0.09990918208009879,
      "mae_vol_Uy": 0.3164356572124358,
      "mae_surf_p": 11.020865700714264,
      "mae_vol_p": 13.05931304052596
    },
    "test_re_rand": {
      "vol_loss": 0.048381012100726366,
      "surf_loss": 0.019025459963595493,
      "loss": 0.2386356117366813,
      "mae_surf_Ux": 0.31495444644614523,
      "mae_vol_Ux": 1.3883228966393923,
      "mae_surf_Uy": 0.18127687991939312,
      "mae_vol_Uy": 0.5400781047823988,
      "mae_surf_p": 21.237973557672547,
      "mae_vol_p": 23.528227300710483
    }
  },
  "test_avg": {
    "avg/mae_surf_Ux": 0.3375637817500459,
    "avg/mae_surf_Uy": 0.19419141803464643,
    "avg/mae_surf_p": 24.25623778621329,
    "avg/mae_vol_Ux": 1.504488407217428,
    "avg/mae_vol_Uy": 0.5855919451471038,
    "avg/mae_vol_p": 27.021843804439456
  }
}