{
  "checkpoint": "models/model-fjz7432u/checkpoint.pt",
  "config": "models/model-fjz7432u/config.yaml",
  "val_per_split": {
    "val_single_in_dist": {
      "vol_loss": 0.07632848305627704,
      "surf_loss": 0.05756519339513034,
      "loss": 0.6519804170075805,
      "mae_surf_Ux": 0.2604603504677696,
      "mae_vol_Ux": 1.5055486025766385,
      "mae_surf_Uy": 0.18699378527280508,
      "mae_vol_Uy": 0.5251130686128054,
      "mae_surf_p": 25.80234574415587,
      "mae_vol_p": 31.841533916223362
    },
    "val_geom_camber_rc": {
      "vol_loss": 0.14113039925694465,
      "surf_loss": 0.05504874046891928,
      "loss": 0.6916178039461374,
      "mae_surf_Ux": 0.5993619576507397,
      "mae_vol_Ux": 2.3190946871841955,
      "mae_surf_Uy": 0.33450057219397156,
      "mae_vol_Uy": 1.049988443657904,
      "mae_surf_p": 43.40767982296806,
      "mae_vol_p": 46.76404325695579
    },
    "val_geom_camber_cruise": {
      "vol_loss": 0.024358637686818837,
      "surf_loss": 0.007647130930563435,
      "loss": 0.10082994699245319,
      "mae_surf_Ux": 0.20769310329293905,
      "mae_vol_Ux": 1.0774453668691555,
      "mae_surf_Uy": 0.11610564509682134,
      "mae_vol_Uy": 0.34843616472368694,
      "mae_surf_p": 13.271408148718914,
      "mae_vol_p": 15.736021222201282
    },
    "val_re_rand": {
      "vol_loss": 0.09599651463329792,
      "surf_loss": 0.05014234284404665,
      "loss": 0.5974199430737644,
      "mae_surf_Ux": 0.4223376687600141,
      "mae_vol_Ux": 1.5665093056866324,
      "mae_surf_Uy": 0.22456856272262427,
      "mae_vol_Uy": 0.6567814584462466,
      "mae_surf_p": 30.23400837589613,
      "mae_vol_p": 31.364906055227976
    }
  },
  "val_avg": {
    "avg/mae_surf_Ux": 0.3724632700428656,
    "avg/mae_surf_Uy": 0.21554214132155555,
    "avg/mae_surf_p": 28.178860522934745,
    "avg/mae_vol_Ux": 1.6171494905791555,
    "avg/mae_vol_Uy": 0.6450797838601607,
    "avg/mae_vol_p": 31.4266261126521
  },
  "test_per_split": {
    "test_single_in_dist": {
      "vol_loss": 0.09894067727029324,
      "surf_loss": 0.0893987843117793,
      "loss": 0.9929285203880862,
      "mae_surf_Ux": 0.28158770086223,
      "mae_vol_Ux": 1.4233244885201763,
      "mae_surf_Uy": 0.18276161302303204,
      "mae_vol_Uy": 0.5152856218491657,
      "mae_surf_p": 25.020024547762585,
      "mae_vol_p": 29.002177767942726
    },
    "test_geom_camber_rc": {
      "vol_loss": 0.1108887941017747,
      "surf_loss": 0.04284614530391991,
      "loss": 0.5393502471409738,
      "mae_surf_Ux": 0.565619170893173,
      "mae_vol_Ux": 2.204165646204731,
      "mae_surf_Uy": 0.31127933572725264,
      "mae_vol_Uy": 0.9760089747881879,
      "mae_surf_p": 38.64434387022679,
      "mae_vol_p": 41.63773250303429
    },
    "test_geom_camber_cruise": {
      "vol_loss": 0.02054796456824988,
      "surf_loss": 0.005086619328940287,
      "loss": 0.07141415785765275,
      "mae_surf_Ux": 0.18931131571702833,
      "mae_vol_Ux": 0.9979107796061026,
      "mae_surf_Uy": 0.10073173063579861,
      "mae_vol_Uy": 0.31437231437687285,
      "mae_surf_p": 10.436946633601787,
      "mae_vol_p": 12.809762514490284
    },
    "test_re_rand": {
      "vol_loss": 0.04683319836854935,
      "surf_loss": 0.0188449379184749,
      "loss": 0.23528257755329834,
      "mae_surf_Ux": 0.31225426297207287,
      "mae_vol_Ux": 1.375890447357123,
      "mae_surf_Uy": 0.1792711149805906,
      "mae_vol_Uy": 0.5330260783047385,
      "mae_surf_p": 20.752092379605152,
      "mae_vol_p": 22.959752153305526
    }
  },
  "test_avg": {
    "avg/mae_surf_Ux": 0.33719311261112606,
    "avg/mae_surf_Uy": 0.19351094859166848,
    "avg/mae_surf_p": 23.71335185779908,
    "avg/mae_vol_Ux": 1.5003228404220332,
    "avg/mae_vol_Uy": 0.5846732473297412,
    "avg/mae_vol_p": 26.602356234693207
  }
}