{
  "checkpoint": "models/model-iqhzluhw/checkpoint.pt",
  "config": "models/model-iqhzluhw/config.yaml",
  "val_per_split": {
    "val_single_in_dist": {
      "vol_loss": 0.09072044217959047,
      "surf_loss": 0.09769347181543708,
      "loss": 1.0676551603339612,
      "mae_surf_Ux": 0.26394707551853563,
      "mae_vol_Ux": 1.549707355384972,
      "mae_surf_Uy": 0.19207072378141876,
      "mae_vol_Uy": 0.557246744826929,
      "mae_surf_p": 28.388272402156478,
      "mae_vol_p": 31.3289511329618
    },
    "val_geom_camber_rc": {
      "vol_loss": 0.12254958517849446,
      "surf_loss": 0.04457381608895958,
      "loss": 0.5682877460680902,
      "mae_surf_Ux": 0.6098502398250293,
      "mae_vol_Ux": 2.3276733202859283,
      "mae_surf_Uy": 0.34057637853268735,
      "mae_vol_Uy": 1.040856800365957,
      "mae_surf_p": 41.36923866788462,
      "mae_vol_p": 44.8151501950265
    },
    "val_geom_camber_cruise": {
      "vol_loss": 0.02542254824191332,
      "surf_loss": 0.008454743647016585,
      "loss": 0.10996998471207917,
      "mae_surf_Ux": 0.20095376833388398,
      "mae_vol_Ux": 1.0848229523491175,
      "mae_surf_Uy": 0.11763319467001157,
      "mae_vol_Uy": 0.3564924370266157,
      "mae_surf_p": 14.47899874889083,
      "mae_vol_p": 16.129986360342215
    },
    "val_re_rand": {
      "vol_loss": 0.11988551486283541,
      "surf_loss": 0.0660112719424069,
      "loss": 0.7799982342869044,
      "mae_surf_Ux": 0.42739371807921095,
      "mae_vol_Ux": 1.6001177559106132,
      "mae_surf_Uy": 0.23385010641337473,
      "mae_vol_Uy": 0.6723225906596756,
      "mae_surf_p": 31.85735444624511,
      "mae_vol_p": 32.9173788724281
    }
  },
  "val_avg": {
    "avg/mae_surf_Ux": 0.37553620043916497,
    "avg/mae_surf_Uy": 0.2210326008493731,
    "avg/mae_surf_p": 29.02346606629426,
    "avg/mae_vol_Ux": 1.6405803459826578,
    "avg/mae_vol_Uy": 0.6567296432197943,
    "avg/mae_vol_p": 31.297866640189653
  },
  "test_per_split": {
    "test_single_in_dist": {
      "vol_loss": 0.09660511794500053,
      "surf_loss": 0.08369106715690577,
      "loss": 0.9335157895140582,
      "mae_surf_Ux": 0.2904081323081214,
      "mae_vol_Ux": 1.43096575231241,
      "mae_surf_Uy": 0.18986332323217373,
      "mae_vol_Uy": 0.5370240948391239,
      "mae_surf_p": 25.417088354082097,
      "mae_vol_p": 29.587672142258555
    },
    "test_geom_camber_rc": {
      "vol_loss": 0.11686159782111645,
      "surf_loss": 0.04725887899287045,
      "loss": 0.589450387749821,
      "mae_surf_Ux": 0.5726163560704087,
      "mae_vol_Ux": 2.234149209497596,
      "mae_surf_Uy": 0.3116721910179904,
      "mae_vol_Uy": 0.9778614841399507,
      "mae_surf_p": 40.683097954798534,
      "mae_vol_p": 43.7041125119511
    },
    "test_geom_camber_cruise": {
      "vol_loss": 0.020639712181873618,
      "surf_loss": 0.005245763853890821,
      "loss": 0.07309735072078183,
      "mae_surf_Ux": 0.1770464394564728,
      "mae_vol_Ux": 0.998662777726496,
      "mae_surf_Uy": 0.10042898526140193,
      "mae_vol_Uy": 0.3190986362241643,
      "mae_surf_p": 11.253904855862011,
      "mae_vol_p": 13.14876188286552
    },
    "test_re_rand": {
      "vol_loss": 0.04801656860858202,
      "surf_loss": 0.019251212917733938,
      "loss": 0.2405286977859214,
      "mae_surf_Ux": 0.3070731714245218,
      "mae_vol_Ux": 1.3811362942945042,
      "mae_surf_Uy": 0.18249939169157825,
      "mae_vol_Uy": 0.5412240669847184,
      "mae_surf_p": 21.788729179084594,
      "mae_vol_p": 23.669537873112642
    }
  },
  "test_avg": {
    "avg/mae_surf_Ux": 0.3367860248148812,
    "avg/mae_surf_Uy": 0.19611597280078608,
    "avg/mae_surf_p": 24.78570508595681,
    "avg/mae_vol_Ux": 1.5112285084577515,
    "avg/mae_vol_Uy": 0.5938020705469893,
    "avg/mae_vol_p": 27.527521102546956
  }
}