{
  "checkpoint": "models/model-zpd8aehk/checkpoint.pt",
  "config": "models/model-zpd8aehk/config.yaml",
  "val_per_split": {
    "val_single_in_dist": {
      "vol_loss": 0.07102627044543625,
      "surf_loss": 0.05608478509122506,
      "loss": 0.6318741213576868,
      "mae_surf_Ux": 0.24280651045833737,
      "mae_vol_Ux": 1.4655928829508222,
      "mae_surf_Uy": 0.18136069142863354,
      "mae_vol_Uy": 0.5101888216855935,
      "mae_surf_p": 25.590592765610353,
      "mae_vol_p": 29.991819623040804
    },
    "val_geom_camber_rc": {
      "vol_loss": 0.12489329114556312,
      "surf_loss": 0.04843698506243527,
      "loss": 0.6092631417699158,
      "mae_surf_Ux": 0.5838086221794225,
      "mae_vol_Ux": 2.2747690140716745,
      "mae_surf_Uy": 0.32802016569319853,
      "mae_vol_Uy": 1.0228914697649973,
      "mae_surf_p": 42.26992899336485,
      "mae_vol_p": 45.675645668402694
    },
    "val_geom_camber_cruise": {
      "vol_loss": 0.022944215089082717,
      "surf_loss": 0.008164155231788754,
      "loss": 0.10458576740697026,
      "mae_surf_Ux": 0.19302396764983995,
      "mae_vol_Ux": 1.0290660272619565,
      "mae_surf_Uy": 0.11413363073719204,
      "mae_vol_Uy": 0.34181862429727206,
      "mae_surf_p": 13.931494418626249,
      "mae_vol_p": 15.628680067809967
    },
    "val_re_rand": {
      "vol_loss": 0.09054335821419954,
      "surf_loss": 0.04916553097777068,
      "loss": 0.5821986679919063,
      "mae_surf_Ux": 0.391272589929522,
      "mae_vol_Ux": 1.4934994264744696,
      "mae_surf_Uy": 0.21599771650517977,
      "mae_vol_Uy": 0.6316350926781451,
      "mae_surf_p": 29.619506578569016,
      "mae_vol_p": 29.689815295230037
    }
  },
  "val_avg": {
    "avg/mae_surf_Ux": 0.3527279225542805,
    "avg/mae_surf_Uy": 0.20987805109105095,
    "avg/mae_surf_p": 27.852880689042617,
    "avg/mae_vol_Ux": 1.5657318376897307,
    "avg/mae_vol_Uy": 0.626633502106502,
    "avg/mae_vol_p": 30.246490163620877
  },
  "test_per_split": {
    "test_single_in_dist": {
      "vol_loss": 0.09395442512817681,
      "surf_loss": 0.09077031144523062,
      "loss": 1.001657539580483,
      "mae_surf_Ux": 0.27167713234123847,
      "mae_vol_Ux": 1.3684340497609027,
      "mae_surf_Uy": 0.1850297191718973,
      "mae_vol_Uy": 0.5137380509251919,
      "mae_surf_p": 25.482270365664206,
      "mae_vol_p": 29.202794355038765
    },
    "test_geom_camber_rc": {
      "vol_loss": 0.10590398281812669,
      "surf_loss": 0.04184401303064078,
      "loss": 0.5243441131245345,
      "mae_surf_Ux": 0.5562207746774083,
      "mae_vol_Ux": 2.1458064784526383,
      "mae_surf_Uy": 0.3045337564784695,
      "mae_vol_Uy": 0.9371593905690757,
      "mae_surf_p": 38.25607979384832,
      "mae_vol_p": 41.095765428328164
    },
    "test_geom_camber_cruise": {
      "vol_loss": 0.019101109206676483,
      "surf_loss": 0.005228689051582478,
      "loss": 0.07138799972250126,
      "mae_surf_Ux": 0.17301207492679338,
      "mae_vol_Ux": 0.9501823556928725,
      "mae_surf_Uy": 0.09872834316110497,
      "mae_vol_Uy": 0.3102113417745974,
      "mae_surf_p": 10.884065039507874,
      "mae_vol_p": 12.800151281337435
    },
    "test_re_rand": {
      "vol_loss": 0.04388765439391136,
      "surf_loss": 0.017383894710801543,
      "loss": 0.2177266015019268,
      "mae_surf_Ux": 0.29623670448089084,
      "mae_vol_Ux": 1.3184860167179049,
      "mae_surf_Uy": 0.17670759130988903,
      "mae_vol_Uy": 0.5227095044483497,
      "mae_surf_p": 20.6462649304987,
      "mae_vol_p": 22.618406627118944
    }
  },
  "test_avg": {
    "avg/mae_surf_Ux": 0.32428667160658275,
    "avg/mae_surf_Uy": 0.1912498525303402,
    "avg/mae_surf_p": 23.817170032379774,
    "avg/mae_vol_Ux": 1.4457272251560795,
    "avg/mae_vol_Uy": 0.5709545719293037,
    "avg/mae_vol_p": 26.429279422955826
  }
}