{
  "checkpoint": "models/model-bvf1slbh/checkpoint.pt",
  "config": "models/model-bvf1slbh/config.yaml",
  "val_per_split": {
    "val_single_in_dist": {
      "vol_loss": 0.06788115007802845,
      "surf_loss": 0.07596413791645318,
      "loss": 0.8275225292425602,
      "mae_surf_Ux": 0.25817543033032647,
      "mae_vol_Ux": 1.4629917455776638,
      "mae_surf_Uy": 0.1894296715639719,
      "mae_vol_Uy": 0.5104748177773315,
      "mae_surf_p": 27.506939188153712,
      "mae_vol_p": 29.89346349534881
    },
    "val_geom_camber_rc": {
      "vol_loss": 0.1204243116080761,
      "surf_loss": 0.04505381991155446,
      "loss": 0.5709625107236207,
      "mae_surf_Ux": 0.5731222485842052,
      "mae_vol_Ux": 2.256128890758432,
      "mae_surf_Uy": 0.32854044661099246,
      "mae_vol_Uy": 1.0268052897854412,
      "mae_surf_p": 40.477084340808396,
      "mae_vol_p": 43.6260294041335
    },
    "val_geom_camber_cruise": {
      "vol_loss": 0.022808450367301704,
      "surf_loss": 0.008004776147427037,
      "loss": 0.10285621184157206,
      "mae_surf_Ux": 0.19440327207341282,
      "mae_vol_Ux": 1.048982032136396,
      "mae_surf_Uy": 0.11697320697876125,
      "mae_vol_Uy": 0.3423071593183653,
      "mae_surf_p": 13.915806363439806,
      "mae_vol_p": 15.649143734430336
    },
    "val_re_rand": {
      "vol_loss": 0.10625265054404735,
      "surf_loss": 0.057036269546952095,
      "loss": 0.6766153460135682,
      "mae_surf_Ux": 0.39945683824370404,
      "mae_vol_Ux": 1.5545616016101382,
      "mae_surf_Uy": 0.22275999230698215,
      "mae_vol_Uy": 0.6573881538843778,
      "mae_surf_p": 30.433203861393505,
      "mae_vol_p": 31.07862146511616
    }
  },
  "val_avg": {
    "avg/mae_surf_Ux": 0.3562894473079121,
    "avg/mae_surf_Uy": 0.21442582936517693,
    "avg/mae_surf_p": 28.083258438448855,
    "avg/mae_vol_Ux": 1.5806660675206574,
    "avg/mae_vol_Uy": 0.6342438551913789,
    "avg/mae_vol_p": 30.061814524757203
  },
  "test_per_split": {
    "test_single_in_dist": {
      "vol_loss": 0.0952773084770888,
      "surf_loss": 0.08287918088783044,
      "loss": 0.9240691173553932,
      "mae_surf_Ux": 0.27986028703107896,
      "mae_vol_Ux": 1.398123666977757,
      "mae_surf_Uy": 0.18524444751590466,
      "mae_vol_Uy": 0.5043406681383203,
      "mae_surf_p": 25.45359862084454,
      "mae_vol_p": 29.121809496525994
    },
    "test_geom_camber_rc": {
      "vol_loss": 0.10893628545105458,
      "surf_loss": 0.040203627278096975,
      "loss": 0.5109725582320244,
      "mae_surf_Ux": 0.5593688540175171,
      "mae_vol_Ux": 2.199386947818448,
      "mae_surf_Uy": 0.3056793633694664,
      "mae_vol_Uy": 0.9556159867267122,
      "mae_surf_p": 37.58845692256684,
      "mae_vol_p": 40.969643455008466
    },
    "test_geom_camber_cruise": {
      "vol_loss": 0.018436300149187446,
      "surf_loss": 0.005080163376696874,
      "loss": 0.06923793391615618,
      "mae_surf_Ux": 0.17374161419525608,
      "mae_vol_Ux": 0.9727228504280959,
      "mae_surf_Uy": 0.1006314184712696,
      "mae_vol_Uy": 0.309038526084836,
      "mae_surf_p": 10.934862906049986,
      "mae_vol_p": 12.6785008801841
    },
    "test_re_rand": {
      "vol_loss": 0.045733854556456205,
      "surf_loss": 0.018762730470625683,
      "loss": 0.23336115926271303,
      "mae_surf_Ux": 0.30101754340430814,
      "mae_vol_Ux": 1.3573966240134827,
      "mae_surf_Uy": 0.17977416301115404,
      "mae_vol_Uy": 0.5300075671523085,
      "mae_surf_p": 21.315636635522516,
      "mae_vol_p": 23.245859940476763
    }
  },
  "test_avg": {
    "avg/mae_surf_Ux": 0.3284970746620401,
    "avg/mae_surf_Uy": 0.19283234809194866,
    "avg/mae_surf_p": 23.823138771245972,
    "avg/mae_vol_Ux": 1.4819075223094458,
    "avg/mae_vol_Uy": 0.5747506870255442,
    "avg/mae_vol_p": 26.50395344304883
  }
}