{
  "checkpoint": "models/model-m2b7svh6/checkpoint.pt",
  "config": "models/model-m2b7svh6/config.yaml",
  "val_per_split": {
    "val_single_in_dist": {
      "vol_loss": 0.11635728929191828,
      "surf_loss": 0.12147197826066986,
      "loss": 1.331077071898617,
      "mae_surf_Ux": 0.267292844238341,
      "mae_vol_Ux": 1.5349370822226511,
      "mae_surf_Uy": 0.19236135647714,
      "mae_vol_Uy": 0.527201526308703,
      "mae_surf_p": 29.65055594340984,
      "mae_vol_p": 32.70909177313829
    },
    "val_geom_camber_rc": {
      "vol_loss": 0.13020369984209537,
      "surf_loss": 0.049074576823040846,
      "loss": 0.6209494680725038,
      "mae_surf_Ux": 0.590730396926875,
      "mae_vol_Ux": 2.248044916772924,
      "mae_surf_Uy": 0.3317968940524258,
      "mae_vol_Uy": 1.017695900633051,
      "mae_surf_p": 41.04335698340351,
      "mae_vol_p": 44.770229742288805
    },
    "val_geom_camber_cruise": {
      "vol_loss": 0.023921421375125648,
      "surf_loss": 0.007821244832593948,
      "loss": 0.10213386970106514,
      "mae_surf_Ux": 0.21208196724292475,
      "mae_vol_Ux": 1.0651109935742824,
      "mae_surf_Uy": 0.11744694519957337,
      "mae_vol_Uy": 0.3472695966523643,
      "mae_surf_p": 13.649908022993074,
      "mae_vol_p": 15.793271521855912
    },
    "val_re_rand": {
      "vol_loss": 0.09822508309036493,
      "surf_loss": 0.053876671828329566,
      "loss": 0.6369918013736606,
      "mae_surf_Ux": 0.41019443303879893,
      "mae_vol_Ux": 1.5475198584017267,
      "mae_surf_Uy": 0.22424389006457565,
      "mae_vol_Uy": 0.6493565316720192,
      "mae_surf_p": 29.94953645849359,
      "mae_vol_p": 30.12794175410106
    }
  },
  "val_avg": {
    "avg/mae_surf_Ux": 0.3700749103617349,
    "avg/mae_surf_Uy": 0.2164622714484287,
    "avg/mae_surf_p": 28.573339352075003,
    "avg/mae_vol_Ux": 1.5989032127428962,
    "avg/mae_vol_Uy": 0.6353808888165344,
    "avg/mae_vol_p": 30.850133697846015
  },
  "test_per_split": {
    "test_single_in_dist": {
      "vol_loss": 0.09692466706037521,
      "surf_loss": 0.08285161204083125,
      "loss": 0.9254407874686876,
      "mae_surf_Ux": 0.27947786994484813,
      "mae_vol_Ux": 1.3872619624338542,
      "mae_surf_Uy": 0.18416607931617726,
      "mae_vol_Uy": 0.5074069468716232,
      "mae_surf_p": 24.892261783352787,
      "mae_vol_p": 29.4384011667601
    },
    "test_geom_camber_rc": {
      "vol_loss": 0.10306504540145398,
      "surf_loss": 0.03887589791323989,
      "loss": 0.4918240245338529,
      "mae_surf_Ux": 0.5697791080512639,
      "mae_vol_Ux": 2.162626317772524,
      "mae_surf_Uy": 0.3098198684125391,
      "mae_vol_Uy": 0.9495233920540204,
      "mae_surf_p": 38.58889474806778,
      "mae_vol_p": 41.61982945094689
    },
    "test_geom_camber_cruise": {
      "vol_loss": 0.01989542994648218,
      "surf_loss": 0.005355649520060979,
      "loss": 0.07345192514709196,
      "mae_surf_Ux": 0.1936458864601933,
      "mae_vol_Ux": 0.9827563694962794,
      "mae_surf_Uy": 0.100803915660284,
      "mae_vol_Uy": 0.3129838081223315,
      "mae_surf_p": 10.831353455375401,
      "mae_vol_p": 12.977344435621195
    },
    "test_re_rand": {
      "vol_loss": 0.04670812719501555,
      "surf_loss": 0.01908532013767399,
      "loss": 0.23756132857175544,
      "mae_surf_Ux": 0.31960839941422964,
      "mae_vol_Ux": 1.3719468786255498,
      "mae_surf_Uy": 0.1815231577372415,
      "mae_vol_Uy": 0.5307790764736706,
      "mae_surf_p": 21.348310737227642,
      "mae_vol_p": 23.26073089660846
    }
  },
  "test_avg": {
    "avg/mae_surf_Ux": 0.34062781596763375,
    "avg/mae_surf_Uy": 0.19407825528156047,
    "avg/mae_surf_p": 23.915205181005902,
    "avg/mae_vol_Ux": 1.4761478820820517,
    "avg/mae_vol_Uy": 0.5751733058804114,
    "avg/mae_vol_p": 26.824076487484163
  }
}