{
  "checkpoint": "models/model-6dwj0ps8/checkpoint.pt",
  "config": "models/model-6dwj0ps8/config.yaml",
  "val_per_split": {
    "val_single_in_dist": {
      "vol_loss": 0.08390546411275863,
      "surf_loss": 0.08320767225290183,
      "loss": 0.915982186641777,
      "mae_surf_Ux": 0.2504132137804878,
      "mae_vol_Ux": 1.4634426710014,
      "mae_surf_Uy": 0.1899354464281609,
      "mae_vol_Uy": 0.5189744227683625,
      "mae_surf_p": 26.657389183464975,
      "mae_vol_p": 30.232861622379087
    },
    "val_geom_camber_rc": {
      "vol_loss": 0.12407899007201195,
      "surf_loss": 0.04648193510249257,
      "loss": 0.5888983410969377,
      "mae_surf_Ux": 0.5624627055656527,
      "mae_vol_Ux": 2.2489723437307134,
      "mae_surf_Uy": 0.329375925887502,
      "mae_vol_Uy": 1.0186237142940469,
      "mae_surf_p": 40.573013870266095,
      "mae_vol_p": 43.28104220176084
    },
    "val_geom_camber_cruise": {
      "vol_loss": 0.024005311317741872,
      "surf_loss": 0.007556749352952466,
      "loss": 0.09957280484726654,
      "mae_surf_Ux": 0.19971373740722365,
      "mae_vol_Ux": 1.059993891744117,
      "mae_surf_Uy": 0.11598436918102373,
      "mae_vol_Uy": 0.3520086539074359,
      "mae_surf_p": 13.426094045152773,
      "mae_vol_p": 15.516626492461002
    },
    "val_re_rand": {
      "vol_loss": 0.09479439318180084,
      "surf_loss": 0.050951635274104776,
      "loss": 0.6043107459228486,
      "mae_surf_Ux": 0.3981276583377336,
      "mae_vol_Ux": 1.5392859524584248,
      "mae_surf_Uy": 0.2241652183783246,
      "mae_vol_Uy": 0.6485071938908962,
      "mae_surf_p": 29.606587892488985,
      "mae_vol_p": 30.160976953527573
    }
  },
  "val_avg": {
    "avg/mae_surf_Ux": 0.3526793287727744,
    "avg/mae_surf_Uy": 0.21486523996875279,
    "avg/mae_surf_p": 27.56577124784321,
    "avg/mae_vol_Ux": 1.5779237147336638,
    "avg/mae_vol_Uy": 0.6345284962151854,
    "avg/mae_vol_p": 29.797876817532124
  },
  "test_per_split": {
    "test_single_in_dist": {
      "vol_loss": 0.09338972722180187,
      "surf_loss": 0.07853245860140305,
      "loss": 0.8787143132358324,
      "mae_surf_Ux": 0.2810209338263153,
      "mae_vol_Ux": 1.3746357160651843,
      "mae_surf_Uy": 0.18727188566559694,
      "mae_vol_Uy": 0.515202959371019,
      "mae_surf_p": 24.61837539279713,
      "mae_vol_p": 28.985989642442718
    },
    "test_geom_camber_rc": {
      "vol_loss": 0.10805822145193815,
      "surf_loss": 0.040831515337340536,
      "loss": 0.5163733748253435,
      "mae_surf_Ux": 0.5661095573020921,
      "mae_vol_Ux": 2.1786404221355418,
      "mae_surf_Uy": 0.3102343114006136,
      "mae_vol_Uy": 0.9658103088547484,
      "mae_surf_p": 38.812526491876866,
      "mae_vol_p": 41.55767420037185
    },
    "test_geom_camber_cruise": {
      "vol_loss": 0.01973383581265807,
      "surf_loss": 0.004871278979699127,
      "loss": 0.06844662560964934,
      "mae_surf_Ux": 0.17850924412087635,
      "mae_vol_Ux": 0.982170181942779,
      "mae_surf_Uy": 0.10063067251497143,
      "mae_vol_Uy": 0.31720053152684036,
      "mae_surf_p": 10.797279444566522,
      "mae_vol_p": 12.828036561974889
    },
    "test_re_rand": {
      "vol_loss": 0.04932639536447823,
      "surf_loss": 0.020097342758672313,
      "loss": 0.25029982295120135,
      "mae_surf_Ux": 0.3106393991984421,
      "mae_vol_Ux": 1.3561803385909623,
      "mae_surf_Uy": 0.18138066885251916,
      "mae_vol_Uy": 0.5399262407442175,
      "mae_surf_p": 21.497128333037377,
      "mae_vol_p": 23.68838138822549
    }
  },
  "test_avg": {
    "avg/mae_surf_Ux": 0.33406978361193146,
    "avg/mae_surf_Uy": 0.19487938460842527,
    "avg/mae_surf_p": 23.931327415569474,
    "avg/mae_vol_Ux": 1.4729066646836169,
    "avg/mae_vol_Uy": 0.5845350101242063,
    "avg/mae_vol_p": 26.765020448253736
  }
}