{
  "checkpoint": "models/model-vkcbj8m0/checkpoint.pt",
  "config": "models/model-vkcbj8m0/config.yaml",
  "val_per_split": {
    "val_single_in_dist": {
      "vol_loss": 0.10492668595165014,
      "surf_loss": 0.10477947172475979,
      "loss": 1.152721403199248,
      "mae_surf_Ux": 0.2691342282567968,
      "mae_vol_Ux": 1.5341142956223939,
      "mae_surf_Uy": 0.19539847185954043,
      "mae_vol_Uy": 0.5544320164030055,
      "mae_surf_p": 30.456891902944555,
      "mae_vol_p": 33.266314398310186
    },
    "val_geom_camber_rc": {
      "vol_loss": 0.11290531218051911,
      "surf_loss": 0.0430882728472352,
      "loss": 0.5437880406528711,
      "mae_surf_Ux": 0.5791463398284337,
      "mae_vol_Ux": 2.2258963704129355,
      "mae_surf_Uy": 0.3194672541537759,
      "mae_vol_Uy": 1.020306411733299,
      "mae_surf_p": 41.3083236968547,
      "mae_vol_p": 42.89664862023156
    },
    "val_geom_camber_cruise": {
      "vol_loss": 0.023496162537485363,
      "surf_loss": 0.007902294677915051,
      "loss": 0.10251910931663587,
      "mae_surf_Ux": 0.20155986918113722,
      "mae_vol_Ux": 1.0468251861536155,
      "mae_surf_Uy": 0.11832921008140634,
      "mae_vol_Uy": 0.35130386600878843,
      "mae_surf_p": 13.969849616189332,
      "mae_vol_p": 16.247155172868016
    },
    "val_re_rand": {
      "vol_loss": 0.09601837474852801,
      "surf_loss": 0.051700307705905287,
      "loss": 0.6130214518075809,
      "mae_surf_Ux": 0.39450106539975827,
      "mae_vol_Ux": 1.5369653574158053,
      "mae_surf_Uy": 0.2227277543890786,
      "mae_vol_Uy": 0.6537545911593102,
      "mae_surf_p": 30.369586764055686,
      "mae_vol_p": 30.600983864595975
    }
  },
  "val_avg": {
    "avg/mae_surf_Ux": 0.3610853756665315,
    "avg/mae_surf_Uy": 0.21398067262095033,
    "avg/mae_surf_p": 29.02616299501107,
    "avg/mae_vol_Ux": 1.5859503024011876,
    "avg/mae_vol_Uy": 0.6449492213261008,
    "avg/mae_vol_p": 30.752775514001435
  },
  "test_per_split": {
    "test_single_in_dist": {
      "vol_loss": 0.09891342140734195,
      "surf_loss": 0.08753194793360308,
      "loss": 0.9742329007433728,
      "mae_surf_Ux": 0.28483635629685844,
      "mae_vol_Ux": 1.4269450452561967,
      "mae_surf_Uy": 0.18890909530925842,
      "mae_vol_Uy": 0.5385189023265317,
      "mae_surf_p": 25.387846571708494,
      "mae_vol_p": 30.122228937296455
    },
    "test_geom_camber_rc": {
      "vol_loss": 0.1073931559920311,
      "surf_loss": 0.04122455030679703,
      "loss": 0.5196386590600014,
      "mae_surf_Ux": 0.5815169013305248,
      "mae_vol_Ux": 2.1922269552981644,
      "mae_surf_Uy": 0.3111884091568939,
      "mae_vol_Uy": 0.9692137874244918,
      "mae_surf_p": 39.082234998022486,
      "mae_vol_p": 41.989794646059806
    },
    "test_geom_camber_cruise": {
      "vol_loss": 0.019492302965372802,
      "surf_loss": 0.00515513838181505,
      "loss": 0.0710436867835233,
      "mae_surf_Ux": 0.18154295434993653,
      "mae_vol_Ux": 0.9777730718668409,
      "mae_surf_Uy": 0.10210819602076557,
      "mae_vol_Uy": 0.3182249971152267,
      "mae_surf_p": 11.09247238072968,
      "mae_vol_p": 13.334747645793405
    },
    "test_re_rand": {
      "vol_loss": 0.04687458169646561,
      "surf_loss": 0.020317722553154453,
      "loss": 0.2500518072280101,
      "mae_surf_Ux": 0.3137292988142331,
      "mae_vol_Ux": 1.354521301605854,
      "mae_surf_Uy": 0.1854119380553046,
      "mae_vol_Uy": 0.5378398846917134,
      "mae_surf_p": 21.863587896453126,
      "mae_vol_p": 23.827898654541983
    }
  },
  "test_avg": {
    "avg/mae_surf_Ux": 0.34040637769788823,
    "avg/mae_surf_Uy": 0.1969044096355556,
    "avg/mae_surf_p": 24.356535461728445,
    "avg/mae_vol_Ux": 1.487866593506764,
    "avg/mae_vol_Uy": 0.5909493928894909,
    "avg/mae_vol_p": 27.31866747092291
  }
}