{
  "checkpoint": "models/model-d27qj1j5/checkpoint.pt",
  "config": "models/model-d27qj1j5/config.yaml",
  "val_per_split": {
    "val_single_in_dist": {
      "vol_loss": 0.0857784177735448,
      "surf_loss": 0.06462250956799835,
      "loss": 0.7320035134535283,
      "mae_surf_Ux": 0.2610227986007026,
      "mae_vol_Ux": 1.5079731544971593,
      "mae_surf_Uy": 0.192596193114853,
      "mae_vol_Uy": 0.5389461016833916,
      "mae_surf_p": 26.87120875680718,
      "mae_vol_p": 30.503351022195673
    },
    "val_geom_camber_rc": {
      "vol_loss": 0.12736123621463777,
      "surf_loss": 0.05062606744468212,
      "loss": 0.633621910661459,
      "mae_surf_Ux": 0.6133180695909912,
      "mae_vol_Ux": 2.2860694442492613,
      "mae_surf_Uy": 0.3330815528469179,
      "mae_vol_Uy": 1.037572183961674,
      "mae_surf_p": 42.36406804902185,
      "mae_vol_p": 45.51676091650079
    },
    "val_geom_camber_cruise": {
      "vol_loss": 0.025009669680148363,
      "surf_loss": 0.009530074858339503,
      "loss": 0.1203104182635434,
      "mae_surf_Ux": 0.2124609663189316,
      "mae_vol_Ux": 1.070136018950989,
      "mae_surf_Uy": 0.12220167204418667,
      "mae_vol_Uy": 0.3601291013976645,
      "mae_surf_p": 15.013069743770844,
      "mae_vol_p": 16.471311434918785
    },
    "val_re_rand": {
      "vol_loss": 0.09996064648032188,
      "surf_loss": 0.05537194628734141,
      "loss": 0.653680109353736,
      "mae_surf_Ux": 0.41626471131794684,
      "mae_vol_Ux": 1.5530114319858903,
      "mae_surf_Uy": 0.22718062772308803,
      "mae_vol_Uy": 0.6536748613431486,
      "mae_surf_p": 30.70719484215126,
      "mae_vol_p": 30.727147694107558
    }
  },
  "val_avg": {
    "avg/mae_surf_Ux": 0.3757666364571431,
    "avg/mae_surf_Uy": 0.2187650114322614,
    "avg/mae_surf_p": 28.738885347937785,
    "avg/mae_vol_Ux": 1.604297512420825,
    "avg/mae_vol_Uy": 0.6475805620964696,
    "avg/mae_vol_p": 30.8046427669307
  },
  "test_per_split": {
    "test_single_in_dist": {
      "vol_loss": 0.09845615467056631,
      "surf_loss": 0.08639666268689325,
      "loss": 0.9624227815394989,
      "mae_surf_Ux": 0.30164206025220647,
      "mae_vol_Ux": 1.4411588890531197,
      "mae_surf_Uy": 0.1898772815260983,
      "mae_vol_Uy": 0.5257091278429303,
      "mae_surf_p": 25.168164438766386,
      "mae_vol_p": 29.235802112305564
    },
    "test_geom_camber_rc": {
      "vol_loss": 0.11554965622723103,
      "surf_loss": 0.045029369103722273,
      "loss": 0.5658433472644537,
      "mae_surf_Ux": 0.5885263383789834,
      "mae_vol_Ux": 2.203777355262428,
      "mae_surf_Uy": 0.31473373285784156,
      "mae_vol_Uy": 0.9878367551323521,
      "mae_surf_p": 39.81689797072627,
      "mae_vol_p": 43.3703562033725
    },
    "test_geom_camber_cruise": {
      "vol_loss": 0.020021895002573727,
      "surf_loss": 0.005538860053056851,
      "loss": 0.07541049553314223,
      "mae_surf_Ux": 0.18877266516557759,
      "mae_vol_Ux": 0.9855881603929438,
      "mae_surf_Uy": 0.1052132903241148,
      "mae_vol_Uy": 0.32366095710867115,
      "mae_surf_p": 11.691548410141813,
      "mae_vol_p": 13.396567431583607
    },
    "test_re_rand": {
      "vol_loss": 0.04883472247049212,
      "surf_loss": 0.019695702840108423,
      "loss": 0.24579175087157634,
      "mae_surf_Ux": 0.3128172624355046,
      "mae_vol_Ux": 1.374761094897381,
      "mae_surf_Uy": 0.18438258470657148,
      "mae_vol_Uy": 0.5454193249724831,
      "mae_surf_p": 21.896080918368032,
      "mae_vol_p": 24.163684011407142
    }
  },
  "test_avg": {
    "avg/mae_surf_Ux": 0.34793958155806803,
    "avg/mae_surf_Uy": 0.19855172235365653,
    "avg/mae_surf_p": 24.643172934500626,
    "avg/mae_vol_Ux": 1.5013213749014682,
    "avg/mae_vol_Uy": 0.5956565412641092,
    "avg/mae_vol_p": 27.541602439667205
  }
}