{
  "checkpoint": "models/model-mlufbkmt/checkpoint.pt",
  "config": "models/model-mlufbkmt/config.yaml",
  "val_per_split": {
    "val_single_in_dist": {
      "vol_loss": 0.09567663032561541,
      "surf_loss": 0.07015015727141873,
      "loss": 0.7971782030398027,
      "mae_surf_Ux": 0.2751875817711472,
      "mae_vol_Ux": 1.6365179865575754,
      "mae_surf_Uy": 0.19362316376257416,
      "mae_vol_Uy": 0.5635459260954747,
      "mae_surf_p": 27.509349305760747,
      "mae_vol_p": 33.330337889084205
    },
    "val_geom_camber_rc": {
      "vol_loss": 0.122358393445611,
      "surf_loss": 0.04301980927586555,
      "loss": 0.5525564862042665,
      "mae_surf_Ux": 0.5811649977856497,
      "mae_vol_Ux": 2.3353600999959117,
      "mae_surf_Uy": 0.3284365657804005,
      "mae_vol_Uy": 1.0545741150916308,
      "mae_surf_p": 41.522926693568934,
      "mae_vol_p": 46.02134237445779
    },
    "val_geom_camber_cruise": {
      "vol_loss": 0.026884658671915532,
      "surf_loss": 0.00886210385710001,
      "loss": 0.11550569724291564,
      "mae_surf_Ux": 0.21966911033581224,
      "mae_vol_Ux": 1.126718156546043,
      "mae_surf_Uy": 0.12251808581950366,
      "mae_vol_Uy": 0.37637068427240417,
      "mae_surf_p": 14.956447992850945,
      "mae_vol_p": 17.07796468311704
    },
    "val_re_rand": {
      "vol_loss": 0.11209267240017652,
      "surf_loss": 0.06401145640294999,
      "loss": 0.7522072364296764,
      "mae_surf_Ux": 0.42343441629402356,
      "mae_vol_Ux": 1.6277642769073772,
      "mae_surf_Uy": 0.22999201497878238,
      "mae_vol_Uy": 0.6843739454894063,
      "mae_surf_p": 31.540830379406838,
      "mae_vol_p": 32.28990585822113
    }
  },
  "val_avg": {
    "avg/mae_surf_Ux": 0.3748640265466582,
    "avg/mae_surf_Uy": 0.21864245758531517,
    "avg/mae_surf_p": 28.882388592896866,
    "avg/mae_vol_Ux": 1.6815901300017269,
    "avg/mae_vol_Uy": 0.669716167737229,
    "avg/mae_vol_p": 32.17988770122004
  },
  "test_per_split": {
    "test_single_in_dist": {
      "vol_loss": 0.09447576825506986,
      "surf_loss": 0.07764043791336007,
      "loss": 0.8708801473886706,
      "mae_surf_Ux": 0.29012496386519043,
      "mae_vol_Ux": 1.4832250861832221,
      "mae_surf_Uy": 0.18859851224444424,
      "mae_vol_Uy": 0.5448455798461616,
      "mae_surf_p": 25.72862768618989,
      "mae_vol_p": 30.975135870251492
    },
    "test_geom_camber_rc": {
      "vol_loss": 0.1154600067436695,
      "surf_loss": 0.04326810759492219,
      "loss": 0.5481410826928914,
      "mae_surf_Ux": 0.5677897541877845,
      "mae_vol_Ux": 2.265624749202788,
      "mae_surf_Uy": 0.3073514600416643,
      "mae_vol_Uy": 0.9938743433119406,
      "mae_surf_p": 39.501675171966426,
      "mae_vol_p": 43.66301652350288
    },
    "test_geom_camber_cruise": {
      "vol_loss": 0.021924824211746453,
      "surf_loss": 0.0055539981398032975,
      "loss": 0.07746480560977943,
      "mae_surf_Ux": 0.19967951813761622,
      "mae_vol_Ux": 1.0475548855652694,
      "mae_surf_Uy": 0.10614966559671567,
      "mae_vol_Uy": 0.3379984827893116,
      "mae_surf_p": 11.74184007782552,
      "mae_vol_p": 13.922336323071514
    },
    "test_re_rand": {
      "vol_loss": 0.05151567749679089,
      "surf_loss": 0.020288937075529246,
      "loss": 0.2544050482520833,
      "mae_surf_Ux": 0.32823603790105804,
      "mae_vol_Ux": 1.436602173080028,
      "mae_surf_Uy": 0.18805351145208193,
      "mae_vol_Uy": 0.5685681371941503,
      "mae_surf_p": 22.34799444824197,
      "mae_vol_p": 24.819382133681952
    }
  },
  "test_avg": {
    "avg/mae_surf_Ux": 0.3464575685229123,
    "avg/mae_surf_Uy": 0.19753828733372653,
    "avg/mae_surf_p": 24.83003434605595,
    "avg/mae_vol_Ux": 1.5582517235078268,
    "avg/mae_vol_Uy": 0.611321635785391,
    "avg/mae_vol_p": 28.34496771262696
  }
}