{
  "checkpoint": "models/model-37h9a21t/checkpoint.pt",
  "config": "models/model-37h9a21t/config.yaml",
  "val_per_split": {
    "val_single_in_dist": {
      "vol_loss": 0.10242880269885063,
      "surf_loss": 0.08961027111741714,
      "loss": 0.998531513873022,
      "mae_surf_Ux": 0.2678969204248167,
      "mae_vol_Ux": 1.5670315512866226,
      "mae_surf_Uy": 0.1929507492588663,
      "mae_vol_Uy": 0.5591590622356806,
      "mae_surf_p": 28.81824467681348,
      "mae_vol_p": 33.73918178277442
    },
    "val_geom_camber_rc": {
      "vol_loss": 0.1358952523767948,
      "surf_loss": 0.053251151163131,
      "loss": 0.6684067640081047,
      "mae_surf_Ux": 0.5832631041560733,
      "mae_vol_Ux": 2.315347557529114,
      "mae_surf_Uy": 0.3294738127946303,
      "mae_vol_Uy": 1.0559767436362337,
      "mae_surf_p": 41.45211888429705,
      "mae_vol_p": 45.22117161581284
    },
    "val_geom_camber_cruise": {
      "vol_loss": 0.025565655138343572,
      "surf_loss": 0.008699754728004336,
      "loss": 0.11256320241838694,
      "mae_surf_Ux": 0.2034155963205937,
      "mae_vol_Ux": 1.0857269427973746,
      "mae_surf_Uy": 0.12102071470628067,
      "mae_vol_Uy": 0.36826177791482784,
      "mae_surf_p": 14.715098065761962,
      "mae_vol_p": 16.617606162193727
    },
    "val_re_rand": {
      "vol_loss": 0.0941377379745245,
      "surf_loss": 0.04955059055238962,
      "loss": 0.5896436434984207,
      "mae_surf_Ux": 0.4093054930784803,
      "mae_vol_Ux": 1.5841491374682317,
      "mae_surf_Uy": 0.22159965132977752,
      "mae_vol_Uy": 0.6599357921768202,
      "mae_surf_p": 30.145709881975268,
      "mae_vol_p": 30.860573131255894
    }
  },
  "val_avg": {
    "avg/mae_surf_Ux": 0.365970278494991,
    "avg/mae_surf_Uy": 0.2162612320223887,
    "avg/mae_surf_p": 28.78279287721194,
    "avg/mae_vol_Ux": 1.6380637972703358,
    "avg/mae_vol_Uy": 0.6608333439908906,
    "avg/mae_vol_p": 31.60963317300922
  },
  "test_per_split": {
    "test_single_in_dist": {
      "vol_loss": 0.09215012315660714,
      "surf_loss": 0.08144227437413065,
      "loss": 0.9065728668979136,
      "mae_surf_Ux": 0.2894281655750156,
      "mae_vol_Ux": 1.4526745787742141,
      "mae_surf_Uy": 0.19105093029340292,
      "mae_vol_Uy": 0.5380366581528764,
      "mae_surf_p": 25.552840017040232,
      "mae_vol_p": 30.0409458442907
    },
    "test_geom_camber_rc": {
      "vol_loss": 0.11120941929519176,
      "surf_loss": 0.04192622225731611,
      "loss": 0.5304716418683529,
      "mae_surf_Ux": 0.563551639902028,
      "mae_vol_Ux": 2.2324806320868142,
      "mae_surf_Uy": 0.3081910531858863,
      "mae_vol_Uy": 0.9788896664962294,
      "mae_surf_p": 38.96477030002962,
      "mae_vol_p": 42.470778055334215
    },
    "test_geom_camber_cruise": {
      "vol_loss": 0.020758360042236745,
      "surf_loss": 0.0053654225071659315,
      "loss": 0.07441258511389606,
      "mae_surf_Ux": 0.18349178961143542,
      "mae_vol_Ux": 1.0011590695907022,
      "mae_surf_Uy": 0.10389466089067177,
      "mae_vol_Uy": 0.32970288775511863,
      "mae_surf_p": 11.654733493403109,
      "mae_vol_p": 13.73793245441585
    },
    "test_re_rand": {
      "vol_loss": 0.04856401049531996,
      "surf_loss": 0.020010445929365232,
      "loss": 0.2486684697889723,
      "mae_surf_Ux": 0.31264645199755453,
      "mae_vol_Ux": 1.3938780198344,
      "mae_surf_Uy": 0.18198418013179982,
      "mae_vol_Uy": 0.5488046196405163,
      "mae_surf_p": 22.1161994101999,
      "mae_vol_p": 24.258692220641848
    }
  },
  "test_avg": {
    "avg/mae_surf_Ux": 0.3372795117715084,
    "avg/mae_surf_Uy": 0.1962802061254402,
    "avg/mae_surf_p": 24.572135805168216,
    "avg/mae_vol_Ux": 1.5200480750715326,
    "avg/mae_vol_Uy": 0.5988584580111852,
    "avg/mae_vol_p": 27.627087143670654
  }
}