{
  "type": "ckpt_avg",
  "n_ckpts": 3,
  "avg_epochs": [
    14,
    15,
    16
  ],
  "best_single_epoch": 16,
  "best_single_val_avg/mae_surf_p": 110.01010711474129,
  "avg_val_avg/mae_surf_p": 110.5506895620457,
  "delta_vs_best_single": 0.5405824473044163,
  "per_split": {
    "val_single_in_dist": {
      "vol_loss": 0.5708598129451274,
      "surf_loss": 0.42005200918763874,
      "loss": 4.771379904821515,
      "mae_surf_Ux": 1.2799038266432299,
      "mae_vol_Ux": 5.002799327831153,
      "mae_surf_Uy": 0.7893953729254548,
      "mae_vol_Uy": 2.183264226937887,
      "mae_surf_p": 125.85195804540928,
      "mae_vol_p": 139.00476016096073
    },
    "val_geom_camber_rc": {
      "vol_loss": 0.5869878578186035,
      "surf_loss": 0.27888836279511453,
      "loss": 3.375871485769749,
      "mae_surf_Ux": 2.439870466442175,
      "mae_vol_Ux": 5.6656988801830295,
      "mae_surf_Uy": 0.9474925709259164,
      "mae_vol_Uy": 2.7635416436469793,
      "mae_surf_p": 123.79214869733387,
      "mae_vol_p": 130.46371971648168
    },
    "val_geom_camber_cruise": {
      "vol_loss": 0.2019524449855089,
      "surf_loss": 0.08929619302973152,
      "loss": 1.094914375282824,
      "mae_surf_Ux": 0.9914477783799344,
      "mae_vol_Ux": 4.029163130199313,
      "mae_surf_Uy": 0.5596210175278289,
      "mae_vol_Uy": 1.3757852169948428,
      "mae_surf_p": 84.93963423413867,
      "mae_vol_p": 83.63813888396751
    },
    "val_re_rand": {
      "vol_loss": 0.40003136575222015,
      "surf_loss": 0.1954946941882372,
      "loss": 2.354978307634592,
      "mae_surf_Ux": 1.6173953693682301,
      "mae_vol_Ux": 4.547554539683073,
      "mae_surf_Uy": 0.7654672780368093,
      "mae_vol_Uy": 1.9940274666477216,
      "mae_surf_p": 107.61901727130102,
      "mae_vol_p": 109.78693560358036
    }
  },
  "val_avg": {
    "avg/mae_surf_Ux": 1.5821543602083925,
    "avg/mae_surf_Uy": 0.7654940598540023,
    "avg/mae_surf_p": 110.5506895620457,
    "avg/mae_vol_Ux": 4.811303969474142,
    "avg/mae_vol_Uy": 2.0791546385568576,
    "avg/mae_vol_p": 115.72338859124756
  }
}