{
  "type": "ckpt_avg",
  "n_ckpts": 3,
  "avg_epochs": [
    12,
    13,
    14
  ],
  "best_single_epoch": 14,
  "best_single_val_avg/mae_surf_p": 96.80401918791173,
  "avg_val_avg/mae_surf_p": 96.81662757587495,
  "delta_vs_best_single": 0.012608387963211953,
  "per_split": {
    "val_single_in_dist": {
      "vol_loss": 0.43138124510645864,
      "surf_loss": 0.2888703041896224,
      "loss": 3.3200842870026825,
      "mae_surf_Ux": 1.3386770618356632,
      "mae_vol_Ux": 4.620087768754976,
      "mae_surf_Uy": 0.7026509076633182,
      "mae_vol_Uy": 1.8468663154939648,
      "mae_surf_p": 110.02281786994257,
      "mae_vol_p": 115.3863652275227
    },
    "val_geom_camber_rc": {
      "vol_loss": 0.48400874495506285,
      "surf_loss": 0.24641333550214767,
      "loss": 2.9481420999765393,
      "mae_surf_Ux": 2.3066083932707873,
      "mae_vol_Ux": 5.202367531853074,
      "mae_surf_Uy": 0.9327186450598265,
      "mae_vol_Uy": 2.597851141346573,
      "mae_surf_p": 112.61958648276962,
      "mae_vol_p": 110.93504780236881
    },
    "val_geom_camber_cruise": {
      "vol_loss": 0.15786325968801976,
      "surf_loss": 0.07368548936210573,
      "loss": 0.894718153309077,
      "mae_surf_Ux": 0.8290617296583499,
      "mae_vol_Ux": 3.195663928489899,
      "mae_surf_Uy": 0.5089078758484871,
      "mae_vol_Uy": 1.2423565651891033,
      "mae_surf_p": 73.79689750862532,
      "mae_vol_p": 72.84184310749589
    },
    "val_re_rand": {
      "vol_loss": 0.31573466151952745,
      "surf_loss": 0.15176237680017948,
      "loss": 1.833358429521322,
      "mae_surf_Ux": 1.4931491445465885,
      "mae_vol_Ux": 3.9342221111127653,
      "mae_surf_Uy": 0.7207792904670149,
      "mae_vol_Uy": 1.841317550401276,
      "mae_surf_p": 90.82720844216227,
      "mae_vol_p": 88.6100047292
    }
  },
  "val_avg": {
    "avg/mae_surf_Ux": 1.4918740823278474,
    "avg/mae_surf_Uy": 0.7162641797596616,
    "avg/mae_surf_p": 96.81662757587495,
    "avg/mae_vol_Ux": 4.238085335052679,
    "avg/mae_vol_Uy": 1.8820978931077292,
    "avg/mae_vol_p": 96.94331521664685
  }
}