{
  "type": "ckpt_avg",
  "n_ckpts": 3,
  "avg_epochs": [
    12,
    13,
    14
  ],
  "best_single_epoch": 14,
  "best_single_val_avg/mae_surf_p": 108.9382470827158,
  "avg_val_avg/mae_surf_p": 110.45919811710205,
  "delta_vs_best_single": 1.5209510343862434,
  "per_split": {
    "val_single_in_dist": {
      "vol_loss": 0.5980435910820961,
      "surf_loss": 0.37252967812120913,
      "loss": 4.323340372294187,
      "mae_surf_Ux": 1.4576722496700272,
      "mae_vol_Ux": 5.278425226231962,
      "mae_surf_Uy": 0.794967159010325,
      "mae_vol_Uy": 2.322276751902626,
      "mae_surf_p": 129.58771643148887,
      "mae_vol_p": 140.06778748239967
    },
    "val_geom_camber_rc": {
      "vol_loss": 0.5535292673110962,
      "surf_loss": 0.26235191509127614,
      "loss": 3.1770484182238574,
      "mae_surf_Ux": 2.4897195775195775,
      "mae_vol_Ux": 5.623350019110111,
      "mae_surf_Uy": 1.0418675131078854,
      "mae_vol_Uy": 2.9288293825853535,
      "mae_surf_p": 120.33018393779078,
      "mae_vol_p": 127.3596742663199
    },
    "val_geom_camber_cruise": {
      "vol_loss": 0.23643805906176568,
      "surf_loss": 0.09972977900877594,
      "loss": 1.2337358491495252,
      "mae_surf_Ux": 1.1791573400705184,
      "mae_vol_Ux": 3.9146072010527986,
      "mae_surf_Uy": 0.5977547902148318,
      "mae_vol_Uy": 1.5856423057994526,
      "mae_surf_p": 88.43469203988259,
      "mae_vol_p": 92.7345890407313
    },
    "val_re_rand": {
      "vol_loss": 0.389551548063755,
      "surf_loss": 0.17877385295927525,
      "loss": 2.1772900776565076,
      "mae_surf_Ux": 1.822662282779935,
      "mae_vol_Ux": 4.620602949741383,
      "mae_surf_Uy": 0.8064340198285261,
      "mae_vol_Uy": 2.1646577076682973,
      "mae_surf_p": 103.48420005924594,
      "mae_vol_p": 106.98994029714692
    }
  },
  "val_avg": {
    "avg/mae_surf_Ux": 1.7373028625100144,
    "avg/mae_surf_Uy": 0.8102558705403922,
    "avg/mae_surf_p": 110.45919811710205,
    "avg/mae_vol_Ux": 4.859246349034064,
    "avg/mae_vol_Uy": 2.2503515369889326,
    "avg/mae_vol_p": 116.78799777164944
  }
}