{
  "type": "ckpt_avg",
  "n_ckpts": 3,
  "avg_epochs": [
    12,
    13,
    14
  ],
  "best_single_epoch": 14,
  "best_single_val_avg/mae_surf_p": 178.13610856502046,
  "avg_val_avg/mae_surf_p": 182.58792765562396,
  "delta_vs_best_single": 4.451819090603493,
  "per_split": {
    "val_single_in_dist": {
      "vol_loss": 0.9381792497634888,
      "surf_loss": 1.3722013039141894,
      "loss": 14.660192288905382,
      "mae_surf_Ux": 2.4122415836990476,
      "mae_vol_Ux": 6.052527372495399,
      "mae_surf_Uy": 0.8906150180371868,
      "mae_vol_Uy": 2.4299220680621474,
      "mae_surf_p": 232.18381164553477,
      "mae_vol_p": 195.92774321100472
    },
    "val_geom_camber_rc": {
      "vol_loss": 0.6544464027881622,
      "surf_loss": 0.5998853841423988,
      "loss": 6.65330024421215,
      "mae_surf_Ux": 3.193699561782086,
      "mae_vol_Ux": 6.091173495258846,
      "mae_surf_Uy": 1.1724861854035364,
      "mae_vol_Uy": 3.0431505302320265,
      "mae_surf_p": 192.9336388841137,
      "mae_vol_p": 152.5593005381118
    },
    "val_geom_camber_cruise": {
      "vol_loss": 0.2921731546521187,
      "surf_loss": 0.30685469005256893,
      "loss": 3.360720055177808,
      "mae_surf_Ux": 1.6287177096635805,
      "mae_vol_Ux": 4.252856192268189,
      "mae_surf_Uy": 0.6971339367774935,
      "mae_vol_Uy": 1.5498909208222644,
      "mae_surf_p": 149.65820930633683,
      "mae_vol_p": 115.0900158717348
    },
    "val_re_rand": {
      "vol_loss": 0.47783519715070727,
      "surf_loss": 0.3890898822247982,
      "loss": 4.368734019398689,
      "mae_surf_Ux": 2.384389505988577,
      "mae_vol_Ux": 4.942578421317699,
      "mae_surf_Uy": 0.928006280954124,
      "mae_vol_Uy": 2.181524166228666,
      "mae_surf_p": 155.57605078651054,
      "mae_vol_p": 129.60990407993867
    }
  },
  "val_avg": {
    "avg/mae_surf_Ux": 2.404762090283323,
    "avg/mae_surf_Uy": 0.9220603552930852,
    "avg/mae_surf_p": 182.58792765562396,
    "avg/mae_vol_Ux": 5.334783870335033,
    "avg/mae_vol_Uy": 2.301121921336276,
    "avg/mae_vol_p": 148.2967409251975
  }
}