{
  "type": "ckpt_avg",
  "n_ckpts": 3,
  "avg_epochs": [
    14,
    15,
    16
  ],
  "best_single_epoch": 15,
  "best_single_val_avg/mae_surf_p": 98.2513919889443,
  "avg_val_avg/mae_surf_p": 103.84561204661587,
  "delta_vs_best_single": 5.5942200576715635,
  "per_split": {
    "val_single_in_dist": {
      "vol_loss": 0.451224627494812,
      "surf_loss": 0.3042210966348648,
      "loss": 3.49343559384346,
      "mae_surf_Ux": 1.4310308205455327,
      "mae_vol_Ux": 4.7131911696156905,
      "mae_surf_Uy": 0.701529315770909,
      "mae_vol_Uy": 1.9865275524575392,
      "mae_surf_p": 122.78829061937392,
      "mae_vol_p": 127.95349316330851
    },
    "val_geom_camber_rc": {
      "vol_loss": 0.5322448444366455,
      "surf_loss": 0.26300845354795455,
      "loss": 3.1623293799161907,
      "mae_surf_Ux": 2.5666276704578044,
      "mae_vol_Ux": 5.408222346289086,
      "mae_surf_Uy": 0.9880517800897326,
      "mae_vol_Uy": 2.6851520745668327,
      "mae_surf_p": 111.61829233286849,
      "mae_vol_p": 114.54865027824849
    },
    "val_geom_camber_cruise": {
      "vol_loss": 0.17349529571831226,
      "surf_loss": 0.09012511650100351,
      "loss": 1.0747464607283475,
      "mae_surf_Ux": 0.9232934687722538,
      "mae_vol_Ux": 3.3665731939781876,
      "mae_surf_Uy": 0.5363870927960334,
      "mae_vol_Uy": 1.3043876536278598,
      "mae_surf_p": 85.48305344469924,
      "mae_vol_p": 80.55825449663422
    },
    "val_re_rand": {
      "vol_loss": 0.3388486596941948,
      "surf_loss": 0.16015506185591222,
      "loss": 1.940399278253317,
      "mae_surf_Ux": 1.6363311426151284,
      "mae_vol_Ux": 4.139413925076415,
      "mae_surf_Uy": 0.7325269222177597,
      "mae_vol_Uy": 1.8828160259227487,
      "mae_surf_p": 95.4928117895218,
      "mae_vol_p": 94.07047670779264
    }
  },
  "val_avg": {
    "avg/mae_surf_Ux": 1.63932077559768,
    "avg/mae_surf_Uy": 0.7396237777186088,
    "avg/mae_surf_p": 103.84561204661587,
    "avg/mae_vol_Ux": 4.406850158739845,
    "avg/mae_vol_Uy": 1.964720826643745,
    "avg/mae_vol_p": 104.28271866149596
  }
}