{
  "type": "ckpt_avg",
  "n_ckpts": 3,
  "avg_epochs": [
    12,
    13,
    14
  ],
  "best_single_epoch": 13,
  "best_single_val_avg/mae_surf_p": 96.87190997813693,
  "avg_val_avg/mae_surf_p": 94.78327022953592,
  "delta_vs_best_single": -2.088639748601011,
  "per_split": {
    "val_single_in_dist": {
      "vol_loss": 0.442383618503809,
      "surf_loss": 0.2588798486627638,
      "loss": 3.0311821051314474,
      "mae_surf_Ux": 1.3024110988017386,
      "mae_vol_Ux": 4.72029595431921,
      "mae_surf_Uy": 0.7081340103815188,
      "mae_vol_Uy": 1.9652416627894005,
      "mae_surf_p": 104.91178317106534,
      "mae_vol_p": 118.26615514882647
    },
    "val_geom_camber_rc": {
      "vol_loss": 0.4840250167250633,
      "surf_loss": 0.24350354462862014,
      "loss": 2.919060463011265,
      "mae_surf_Ux": 2.072000711540279,
      "mae_vol_Ux": 5.083887845613013,
      "mae_surf_Uy": 0.95805806498673,
      "mae_vol_Uy": 2.5302676969074103,
      "mae_surf_p": 105.48918791373033,
      "mae_vol_p": 108.87487072077094
    },
    "val_geom_camber_cruise": {
      "vol_loss": 0.16165467910468578,
      "surf_loss": 0.07767534248530865,
      "loss": 0.9384081039577723,
      "mae_surf_Ux": 0.8775428056783825,
      "mae_vol_Ux": 3.246195232346714,
      "mae_surf_Uy": 0.543835258058226,
      "mae_vol_Uy": 1.2369095088679185,
      "mae_surf_p": 77.31766666615668,
      "mae_vol_p": 76.89432724988858
    },
    "val_re_rand": {
      "vol_loss": 0.31157112777233126,
      "surf_loss": 0.15180561281740665,
      "loss": 1.8296272559463977,
      "mae_surf_Ux": 1.4299225022911133,
      "mae_vol_Ux": 3.920555317364601,
      "mae_surf_Uy": 0.7377280295075664,
      "mae_vol_Uy": 1.8195423625535687,
      "mae_surf_p": 91.41444316719128,
      "mae_vol_p": 91.39993174424373
    }
  },
  "val_avg": {
    "avg/mae_surf_Ux": 1.4204692795778784,
    "avg/mae_surf_Uy": 0.7369388407335102,
    "avg/mae_surf_p": 94.78327022953592,
    "avg/mae_vol_Ux": 4.242733587410885,
    "avg/mae_vol_Uy": 1.8879903077795746,
    "avg/mae_vol_p": 98.85882121593244
  }
}