{
  "type": "ckpt_avg",
  "n_ckpts": 3,
  "avg_epochs": [
    12,
    13,
    14
  ],
  "best_single_epoch": 14,
  "best_single_val_avg/mae_surf_p": 100.09841716226128,
  "avg_val_avg/mae_surf_p": 101.87389135693485,
  "delta_vs_best_single": 1.7754741946735635,
  "per_split": {
    "val_single_in_dist": {
      "vol_loss": 0.5092894250154495,
      "surf_loss": 0.33594637969508767,
      "loss": 3.868753221966326,
      "mae_surf_Ux": 1.3900819601701975,
      "mae_vol_Ux": 4.796291296160553,
      "mae_surf_Uy": 0.7787460578915301,
      "mae_vol_Uy": 2.060238748768315,
      "mae_surf_p": 121.10134845043396,
      "mae_vol_p": 131.9758755378817
    },
    "val_geom_camber_rc": {
      "vol_loss": 0.5173348408937454,
      "surf_loss": 0.25609926030039787,
      "loss": 3.078327443897724,
      "mae_surf_Ux": 2.0988206659058384,
      "mae_vol_Ux": 5.110077061072923,
      "mae_surf_Uy": 0.9754834002920673,
      "mae_vol_Uy": 2.64635699925421,
      "mae_surf_p": 109.26286169475577,
      "mae_vol_p": 112.2972865981976
    },
    "val_geom_camber_cruise": {
      "vol_loss": 0.17309854954481124,
      "surf_loss": 0.08851007328368724,
      "loss": 1.0581992823816835,
      "mae_surf_Ux": 0.9789705792888352,
      "mae_vol_Ux": 3.3423929028418082,
      "mae_surf_Uy": 0.5448082978047137,
      "mae_vol_Uy": 1.2902678606691778,
      "mae_surf_p": 82.80806909623114,
      "mae_vol_p": 78.43665489190234
    },
    "val_re_rand": {
      "vol_loss": 0.33098229199647905,
      "surf_loss": 0.1593106461316347,
      "loss": 1.9240887533128261,
      "mae_surf_Ux": 1.5155638056169534,
      "mae_vol_Ux": 4.090546756214308,
      "mae_surf_Uy": 0.73478264280858,
      "mae_vol_Uy": 1.8526599682908589,
      "mae_surf_p": 94.3232861863185,
      "mae_vol_p": 92.04531847647644
    }
  },
  "val_avg": {
    "avg/mae_surf_Ux": 1.495859252745456,
    "avg/mae_surf_Uy": 0.7584550996992228,
    "avg/mae_surf_p": 101.87389135693485,
    "avg/mae_vol_Ux": 4.334827004072398,
    "avg/mae_vol_Uy": 1.9623808942456404,
    "avg/mae_vol_p": 103.68878387611451
  }
}