{
  "type": "ckpt_avg",
  "n_ckpts": 3,
  "avg_epochs": [
    13,
    14,
    15
  ],
  "best_single_epoch": 15,
  "best_single_val_avg/mae_surf_p": 97.24721133159409,
  "avg_val_avg/mae_surf_p": 97.1016711255918,
  "delta_vs_best_single": -0.14554020600228057,
  "per_split": {
    "val_single_in_dist": {
      "vol_loss": 0.4686276662349701,
      "surf_loss": 0.291983228828758,
      "loss": 3.38845995452255,
      "mae_surf_Ux": 1.2631231503427125,
      "mae_vol_Ux": 4.539030562750466,
      "mae_surf_Uy": 0.6735090460611688,
      "mae_vol_Uy": 1.9159314356220556,
      "mae_surf_p": 109.21958257361634,
      "mae_vol_p": 123.43490353416988
    },
    "val_geom_camber_rc": {
      "vol_loss": 0.496108255982399,
      "surf_loss": 0.235788564234972,
      "loss": 2.853993898332119,
      "mae_surf_Ux": 2.114019199867383,
      "mae_vol_Ux": 4.911053814556874,
      "mae_surf_Uy": 0.9516507304802566,
      "mae_vol_Uy": 2.648298956475082,
      "mae_surf_p": 108.33622131342197,
      "mae_vol_p": 109.5337906229608
    },
    "val_geom_camber_cruise": {
      "vol_loss": 0.15880702950060369,
      "surf_loss": 0.07641906896606088,
      "loss": 0.9229977191612124,
      "mae_surf_Ux": 0.8223285590743799,
      "mae_vol_Ux": 3.140323445982041,
      "mae_surf_Uy": 0.5361394896236291,
      "mae_vol_Uy": 1.2538602513340416,
      "mae_surf_p": 76.87353760358866,
      "mae_vol_p": 78.50845541670952
    },
    "val_re_rand": {
      "vol_loss": 0.32953798681497576,
      "surf_loss": 0.1607816731929779,
      "loss": 1.9373547187447546,
      "mae_surf_Ux": 1.4499341871358378,
      "mae_vol_Ux": 3.879765949032034,
      "mae_surf_Uy": 0.7415937268325029,
      "mae_vol_Uy": 1.8814452061055578,
      "mae_surf_p": 93.97734301174027,
      "mae_vol_p": 94.14819579301236
    }
  },
  "val_avg": {
    "avg/mae_surf_Ux": 1.4123512741050783,
    "avg/mae_surf_Uy": 0.7257232482493894,
    "avg/mae_surf_p": 97.1016711255918,
    "avg/mae_vol_Ux": 4.117543443080354,
    "avg/mae_vol_Uy": 1.924883962384184,
    "avg/mae_vol_p": 101.40633634171313
  }
}