{
  "type": "ckpt_avg",
  "n_ckpts": 3,
  "avg_epochs": [
    14,
    15,
    16
  ],
  "best_single_epoch": 16,
  "best_single_val_avg/mae_surf_p": 93.10832851930509,
  "avg_val_avg/mae_surf_p": 93.44911346692174,
  "delta_vs_best_single": 0.3407849476166547,
  "per_split": {
    "val_single_in_dist": {
      "vol_loss": 0.4334713162481785,
      "surf_loss": 0.2619162204116583,
      "loss": 3.052633520364761,
      "mae_surf_Ux": 1.2352006560917137,
      "mae_vol_Ux": 4.440337772649685,
      "mae_surf_Uy": 0.6597357331270366,
      "mae_vol_Uy": 1.938900164003296,
      "mae_surf_p": 105.73506152367845,
      "mae_vol_p": 121.85932956645627
    },
    "val_geom_camber_rc": {
      "vol_loss": 0.4704622447490692,
      "surf_loss": 0.2162148919701576,
      "loss": 2.6326111644506454,
      "mae_surf_Ux": 2.0974304391899548,
      "mae_vol_Ux": 5.057307618400998,
      "mae_surf_Uy": 0.911738669103147,
      "mae_vol_Uy": 2.683511018492075,
      "mae_surf_p": 102.57569044666542,
      "mae_vol_p": 111.06191415874444
    },
    "val_geom_camber_cruise": {
      "vol_loss": 0.15259768404066562,
      "surf_loss": 0.07362935910001397,
      "loss": 0.8888912750408055,
      "mae_surf_Ux": 0.8633052655189923,
      "mae_vol_Ux": 3.090388395971797,
      "mae_surf_Uy": 0.5033718394752517,
      "mae_vol_Uy": 1.2305485293430085,
      "mae_surf_p": 74.56763656203898,
      "mae_vol_p": 76.18677706143909
    },
    "val_re_rand": {
      "vol_loss": 0.32022591412067414,
      "surf_loss": 0.15094050973653794,
      "loss": 1.8296310114860534,
      "mae_surf_Ux": 1.4459122230061443,
      "mae_vol_Ux": 3.912214584378846,
      "mae_surf_Uy": 0.7000023975745611,
      "mae_vol_Uy": 1.8563177074148154,
      "mae_surf_p": 90.91806533530416,
      "mae_vol_p": 92.79823407701689
    }
  },
  "val_avg": {
    "avg/mae_surf_Ux": 1.4104621459517013,
    "avg/mae_surf_Uy": 0.6937121598199991,
    "avg/mae_surf_p": 93.44911346692174,
    "avg/mae_vol_Ux": 4.125062092850331,
    "avg/mae_vol_Uy": 1.9273193548132987,
    "avg/mae_vol_p": 100.47656371591418
  }
}