{
  "type": "ckpt_avg",
  "n_ckpts": 3,
  "avg_epochs": [
    17,
    18,
    19
  ],
  "best_single_epoch": 17,
  "best_single_val_avg/mae_surf_p": 112.27416074987303,
  "avg_val_avg/mae_surf_p": 112.01536914439754,
  "delta_vs_best_single": -0.2587916054754942,
  "per_split": {
    "val_single_in_dist": {
      "vol_loss": 0.6418875525891781,
      "surf_loss": 0.4636570118740201,
      "loss": 5.278457671329379,
      "mae_surf_Ux": 1.5187299726986005,
      "mae_vol_Ux": 4.800671170086149,
      "mae_surf_Uy": 0.7629007883788993,
      "mae_vol_Uy": 2.1200269943921795,
      "mae_surf_p": 139.4109110647192,
      "mae_vol_p": 144.74100043537587
    },
    "val_geom_camber_rc": {
      "vol_loss": 0.5902785450220108,
      "surf_loss": 0.3134667278826237,
      "loss": 3.724945823848248,
      "mae_surf_Ux": 2.3217296907086666,
      "mae_vol_Ux": 5.358041806187747,
      "mae_surf_Uy": 0.9961349871168212,
      "mae_vol_Uy": 2.7921595915831086,
      "mae_surf_p": 122.56259829320568,
      "mae_vol_p": 125.3644936152059
    },
    "val_geom_camber_cruise": {
      "vol_loss": 0.188103007376194,
      "surf_loss": 0.09334434456191958,
      "loss": 1.1215464529953898,
      "mae_surf_Ux": 0.9604731087867292,
      "mae_vol_Ux": 3.3957418334895055,
      "mae_surf_Uy": 0.5489557195559354,
      "mae_vol_Uy": 1.3655242440407196,
      "mae_surf_p": 84.97125609764623,
      "mae_vol_p": 84.10915214817865
    },
    "val_re_rand": {
      "vol_loss": 0.35148285776376725,
      "surf_loss": 0.17209929086267947,
      "loss": 2.072475766390562,
      "mae_surf_Ux": 1.6320945788368193,
      "mae_vol_Ux": 4.154632598064236,
      "mae_surf_Uy": 0.7818451779454413,
      "mae_vol_Uy": 2.005778545144056,
      "mae_surf_p": 101.11671112201908,
      "mae_vol_p": 101.91234821827095
    }
  },
  "val_avg": {
    "avg/mae_surf_Ux": 1.608256837757704,
    "avg/mae_surf_Uy": 0.7724591682492743,
    "avg/mae_surf_p": 112.01536914439754,
    "avg/mae_vol_Ux": 4.42727185195691,
    "avg/mae_vol_Uy": 2.070872343790016,
    "avg/mae_vol_p": 114.03174860425784
  }
}