{
  "type": "ckpt_avg",
  "n_ckpts": 3,
  "avg_epochs": [
    9,
    10,
    11
  ],
  "best_single_epoch": 11,
  "best_single_val_avg/mae_surf_p": 117.59812546327714,
  "avg_val_avg/mae_surf_p": 109.18170855936549,
  "delta_vs_best_single": -8.416416903911653,
  "per_split": {
    "val_single_in_dist": {
      "vol_loss": 0.5597814081609249,
      "surf_loss": 0.36317728869616983,
      "loss": 4.191554295122623,
      "mae_surf_Ux": 1.5974322220113766,
      "mae_vol_Ux": 5.16597626181577,
      "mae_surf_Uy": 0.7439678110526519,
      "mae_vol_Uy": 2.0610443701420675,
      "mae_surf_p": 129.81436048308257,
      "mae_vol_p": 144.2289895832163
    },
    "val_geom_camber_rc": {
      "vol_loss": 0.5667510396242141,
      "surf_loss": 0.2910752376914024,
      "loss": 3.477503416538238,
      "mae_surf_Ux": 2.496633430671207,
      "mae_vol_Ux": 5.463680020891544,
      "mae_surf_Uy": 0.9818630855042141,
      "mae_vol_Uy": 2.7196152327490544,
      "mae_surf_p": 122.32119532787756,
      "mae_vol_p": 122.3209786963975
    },
    "val_geom_camber_cruise": {
      "vol_loss": 0.18611037269234657,
      "surf_loss": 0.09082358276471496,
      "loss": 1.0943462003394961,
      "mae_surf_Ux": 1.0382011421411024,
      "mae_vol_Ux": 3.490529284614188,
      "mae_surf_Uy": 0.5373491256204416,
      "mae_vol_Uy": 1.3451305313013255,
      "mae_surf_p": 84.59050761828645,
      "mae_vol_p": 83.37066766651309
    },
    "val_re_rand": {
      "vol_loss": 0.34561520904302595,
      "surf_loss": 0.1736303510516882,
      "loss": 2.081918719559908,
      "mae_surf_Ux": 1.7206799867579465,
      "mae_vol_Ux": 4.265133770331601,
      "mae_surf_Uy": 0.751213415863715,
      "mae_vol_Uy": 1.9322882717898133,
      "mae_surf_p": 100.00077080821538,
      "mae_vol_p": 97.7999436746739
    }
  },
  "val_avg": {
    "avg/mae_surf_Ux": 1.7132366953954081,
    "avg/mae_surf_Uy": 0.7535983595102556,
    "avg/mae_surf_p": 109.18170855936549,
    "avg/mae_vol_Ux": 4.596329834413275,
    "avg/mae_vol_Uy": 2.0145196014955653,
    "avg/mae_vol_p": 111.93014490520021
  }
}